action, elapsed_ms           , pos_0, pos_1, pos_2, pos_3, pos_4, pos_5, pos_6, pos_7, pos_8, pos_9
set   ,                      ,  4087,  4085,  1634,  2040,     3,     3,  2035,     2,     9,     3
reply ,    0.86428700160468  ,  4087,   245,  3963,  1917,  4094,  4091,  2035,  4093,   111,  4090
set   ,                      ,  4087,  4085,  1634,  2040,     3,     3,  2035,     2,     9,     3
reply ,    1.8201109996880405,  4087,   245,  3963,  1917,  4094,  4091,  2035,  4093,   111,  4090
set   ,                      ,  4087,  4085,  1634,  2040,     3,     3,  2035,     2,     9,     3
reply ,    2.6315130016882904,  4087,   245,  3963,  1917,  4094,  4091,  2035,  4093,   111,  4090
set   ,                      ,  4087,  4085,  1634,  2040,     3,     3,  2035,     2,     9,     3
reply ,    4.953345000103582 ,  4087,   245,  3963,  1917,  4094,  4091,  2035,  4093,   111,  4090
set   ,                      ,  4087,  4085,  1634,  2040,     3,     3,  2035,     2,     9,     3
reply ,    5.859386001247913 ,  4087,   245,  3963,  1917,  4094,  4091,  2035,  4093,   111,  4090
set   ,                      ,  4087,  4085,  1634,  2040,     3,     3,  2035,     2,     9,     3
reply ,    6.5601450005488005,  4087,   245,  3963,  1917,  4094,  4091,  2035,  4093,   111,  4090
set   ,                      ,  4087,  4085,  1634,  2040,     3,     3,  2035,     2,     9,     3
reply ,    7.669062000786653 ,  4087,   245,  3963,  1917,  4094,  4091,  2035,  4093,   111,  4090
set   ,                      ,  4087,  4085,  1634,  2040,     3,     3,  2035,     2,     9,     3
reply ,    8.708552999451058 ,  4087,   245,  3963,  1917,  4094,  4091,  2035,  4093,   111,  4090
set   ,                      ,  4087,  4085,  1634,  2040,     3,     3,  2035,     2,     9,     3
reply ,    9.394586999405874 ,  4087,   245,  3963,  1917,  4094,  4091,  2035,  4093,   111,  4090
set   ,                      ,  4087,  4085,  1634,  2040,     3,     3,  2035,     2,     9,     3
reply ,   11.651557000732282 ,  4087,   245,  3963,  1917,  4094,  4091,  2035,  4093,   111,  4090
set   ,                      ,  4087,  4085,  1634,  2040,     3,     3,  2035,     2,     9,     3
reply ,   12.657385002967203 ,  4087,   245,  3963,  1917,  4094,  4091,  2035,  4093,   111,  4090
set   ,                      ,  4087,  4085,  1634,  2040,     3,     3,  2035,     2,     9,     3
reply ,   13.313120001839707 ,  4087,   245,  3963,  1917,  4094,  4091,  2035,  4093,   111,  4090
set   ,                      ,  4087,  4085,  1634,  2040,     3,     3,  2035,     2,     9,     3
reply ,   14.50098300119862  ,  4087,   245,  3963,  1917,  4094,  4091,  2035,  4093,   111,  4090
set   ,                      ,  4087,  4085,  1634,  2040,     3,     3,  2035,     2,     9,     3
reply ,   17.125942002166994 ,  4087,   245,  3963,  1917,  4094,  4091,  2035,  4093,   111,  4090
set   ,                      ,  4087,  4085,  1634,  2040,     3,     3,  2035,     2,     9,     3
reply ,   17.796600001020124 ,  4087,   245,  3963,  1917,  4094,  4091,  2035,  4093,   111,  4090
set   ,                      ,  4087,  4085,  1634,  2040,     3,     3,  2035,     2,     9,     3
reply ,   18.56990500164102  ,  4087,   245,  3963,  1917,  4094,  4091,  2035,  4093,   111,  4090
set   ,                      ,  4087,  4085,  1634,  2040,     3,     3,  2035,     2,     9,     3
reply ,   20.65965099973255  ,  4087,   245,  3963,  1917,  4094,  4091,  2035,  4093,   111,  4090
set   ,                      ,  4087,  4085,  1634,  2040,     3,     3,  2035,     2,     9,     3
reply ,   21.40160700218985  ,  4087,   245,  3963,  1917,  4094,  4091,  2035,  4093,   111,  4090
set   ,                      ,  4087,  4085,  1634,  2040,     3,     3,  2035,     2,     9,     3
reply ,   22.32624600219424  ,  4087,   245,  3963,  1917,  4094,  4091,  2035,  4093,   111,  4090
set   ,                      ,  4087,  4085,  1634,  2040,     3,     3,  2035,     2,     9,     3
reply ,   23.140388002502732 ,  4087,   245,  3963,  1917,  4094,  4091,  2035,  4093,   111,  4090
set   ,                      ,  4087,  4085,  1634,  2040,     3,     3,  2035,     2,     9,     3
reply ,   24.32107200002065  ,  4087,   245,  3963,  1917,  4094,  4091,  2035,  4093,   111,  4090
set   ,                      ,  4087,  4085,  1634,  2040,     3,     3,  2035,     2,     9,     3
reply ,   25.131407001026673 ,  4087,   245,  3963,  1917,  4094,  4091,  2035,  4093,   111,  4090
set   ,                      ,  4087,  4085,  1634,  2040,     3,     3,  2035,     2,     9,     3
reply ,   26.343164001445984 ,  4087,   245,  3963,  1917,  4094,  4091,  2035,  4093,   111,  4090
set   ,                      ,  4087,  4085,  1634,  2040,     3,     3,  2035,     2,     9,     3
reply ,   27.15120400171145  ,  4087,   245,  3963,  1917,  4094,  4091,  2035,  4093,   111,  4090
set   ,                      ,  4087,  4085,  1634,  2040,     3,     3,  2035,     2,     9,     3
reply ,   28.762000001734123 ,  4087,   245,  3963,  1917,  4094,  4091,  2035,  4093,   111,  4090
set   ,                      ,  4087,  4085,  1634,  2040,     3,     3,  2035,     2,     9,     3
reply ,   29.402782001852756 ,  4087,   245,  3963,  1917,  4094,  4091,  2035,  4093,   111,  4090
set   ,                      ,  4087,  4085,  1634,  2040,     3,     3,  2035,     2,     9,     3
reply ,   31.698933002189733 ,  4087,   245,  3963,  1917,  4094,  4091,  2035,  4093,   111,  4090
set   ,                      ,  4087,  4085,  1634,  2040,     3,     3,  2035,     2,     9,     3
reply ,   32.739496000431245 ,  4087,   245,  3963,  1917,  4094,  4091,  2035,  4093,   111,  4090
set   ,                      ,  4087,  4085,  1634,  2040,     3,     3,  2035,     2,     9,     3
reply ,   33.48019900295185  ,  4087,   245,  3963,  1917,  4094,  4091,  2035,  4093,   111,  4090
set   ,                      ,  4087,  4085,  1634,  2040,     3,     3,  2035,     2,     9,     3
reply ,   34.4989360019099   ,  4087,   245,  3963,  1917,  4094,  4091,  2035,  4093,   111,  4090
set   ,                      ,  4087,  4085,  1634,  2040,     3,     3,  2035,     2,     9,     3
reply ,   35.1349040029163   ,  4087,   245,  3963,  1917,  4094,  4091,  2035,  4093,   111,  4090
set   ,                      ,  4087,  4085,  1634,  2040,     3,     3,  2035,     2,     9,     3
reply ,   36.34643500117818  ,  4087,   245,  3963,  1917,  4094,  4091,  2035,  4093,   111,  4090
set   ,                      ,  4087,  4085,  1634,  2040,     3,     3,  2035,     2,     9,     3
reply ,   37.15766900131712  ,  4087,   245,  3963,  1917,  4094,  4091,  2035,  4093,   111,  4090
set   ,                      ,  4087,  4085,  1634,  2040,     3,     3,  2035,     2,     9,     3
reply ,   38.5774090027553   ,  4087,   245,  3963,  1917,  4094,  4091,  2035,  4093,   111,  4090
set   ,                      ,  4087,  4085,  1634,  2040,     3,     3,  2035,     2,     9,     3
reply ,   40.833912000380224 ,  4087,   245,  3963,  1917,  4094,  4091,  2035,  4093,   111,  4090
set   ,                      ,  4087,  4085,  1634,  2040,     3,     3,  2035,     2,     9,     3
reply ,   41.94641800131649  ,  4087,   245,  3963,  1917,  4094,  4091,  2035,  4093,   111,  4090
set   ,                      ,  4087,  4085,  1634,  2040,     3,     3,  2035,     2,     9,     3
reply ,   42.575145002047066 ,  4087,   245,  3963,  1917,  4094,  4091,  2035,  4093,   111,  4090
set   ,                      ,  4087,  4085,  1634,  2040,     3,     3,  2035,     2,     9,     3
reply ,   43.78323399942019  ,  4087,   245,  3963,  1917,  4094,  4091,  2035,  4093,   111,  4090
set   ,                      ,  4087,  4085,  1634,  2040,     3,     3,  2035,     2,     9,     3
reply ,   46.40752900013467  ,  4087,   245,  3963,  1917,  4094,  4091,  2035,  4093,   111,  4090
set   ,                      ,  4087,  4085,  1634,  2040,     3,     3,  2035,     2,     9,     3
reply ,   47.02787800124497  ,  4087,   245,  3963,  1917,  4094,  4091,  2035,  4093,   111,  4090
set   ,                      ,  4087,  4085,  1634,  2040,     3,     3,  2035,     2,     9,     3
reply ,   47.81184999956167  ,  4087,   245,  3963,  1917,  4094,  4091,  2035,  4093,   111,  4090
set   ,                      ,  4087,  4085,  1634,  2040,     3,     3,  2035,     2,     9,     3
reply ,   49.580991002585506 ,  4087,   245,  3960,  1917,  4094,  4088,  2035,  4090,   111,  4087
set   ,                      ,  4087,  4085,  1634,  2040,     3,     3,  2035,     2,     9,     3
reply ,   50.09843500010902  ,  4087,   245,  3960,  1917,  4094,  4088,  2035,  4090,   111,  4087
set   ,                      ,  4087,  4085,  1634,  2040,     3,     3,  2035,     2,     9,     3
reply ,   50.97153600218007  ,  4087,   245,  3960,  1917,  4094,  4088,  2035,  4090,   111,  4087
set   ,                      ,  4087,  4085,  1634,  2040,     3,     3,  2035,     2,     9,     3
reply ,   51.5200680019916   ,  4087,   245,  3960,  1917,  4094,  4088,  2035,  4090,   111,  4087
set   ,                      ,  4087,  4085,  1634,  2040,     3,     3,  2035,     2,     9,     3
reply ,   52.305395001894794 ,  4087,   245,  3960,  1917,  4094,  4088,  2035,  4090,   111,  4087
set   ,                      ,  4087,  4085,  1634,  2040,     3,     3,  2035,     2,     9,     3
reply ,   53.12332700123079  ,  4087,   245,  3960,  1917,  4094,  4088,  2035,  4090,   111,  4087
set   ,                      ,  4087,  4085,  1634,  2040,     3,     3,  2035,     2,     9,     3
reply ,   54.33446100141737  ,  4087,   245,  3960,  1917,  4094,  4088,  2035,  4090,   111,  4087
set   ,                      ,  4087,  4085,  1634,  2040,     3,     3,  2035,     2,     9,     3
reply ,   55.137307001132285 ,  4087,   245,  3960,  1917,  4094,  4088,  2035,  4090,   111,  4087
set   ,                      ,  4087,  4085,  1634,  2040,     3,     3,  2035,     2,     9,     3
reply ,   56.30947300232947  ,  4087,   245,  3960,  1917,  4094,  4088,  2035,  4090,   111,  4087
set   ,                      ,  4087,  4085,  1634,  2040,     3,     3,  2035,     2,     9,     3
reply ,   57.17487700167112  ,  4087,   245,  3960,  1917,  4094,  4088,  2035,  4090,   111,  4087
set   ,                      ,  4087,  4085,  1634,  2040,     3,     3,  2035,     2,     9,     3
reply ,   58.209282000461826 ,  4087,   245,  3960,  1917,  4091,  4085,  2035,  4085,   111,  4085
set   ,                      ,  4087,  4085,  1634,  2040,     3,     3,  2035,     2,     9,     3
reply ,   59.13264999981038  ,  4087,   245,  3960,  1917,  4091,  4085,  2035,  4085,   111,  4085
set   ,                      ,  4087,  4085,  1634,  2040,     3,     3,  2035,     2,     9,     3
reply ,   60.868134001793806 ,  4087,   245,  3960,  1917,  4091,  4085,  2035,  4085,   111,  4085
set   ,                      ,  4087,  4085,  1634,  2040,     3,     3,  2035,     2,     9,     3
reply ,   63.132848001259845 ,  4087,   245,  3960,  1917,  4091,  4085,  2035,  4085,   111,  4085
set   ,                      ,  4087,  4085,  1634,  2040,     3,     3,  2035,     2,     9,     3
reply ,   64.15065500186756  ,  4087,   245,  3960,  1917,  4091,  4085,  2035,  4085,   111,  4085
set   ,                      ,  4087,  4085,  1634,  2040,     3,     3,  2035,     2,     9,     3
reply ,   64.69453400131897  ,  4087,   245,  3960,  1917,  4091,  4085,  2035,  4085,   111,  4085
set   ,                      ,  4087,  4085,  1634,  2040,     3,     3,  2035,     2,     9,     3
reply ,   65.26919799944153  ,  4087,   245,  3960,  1917,  4091,  4085,  2035,  4085,   111,  4085
set   ,                      ,  4087,  4085,  1634,  2040,     3,     3,  2035,     2,     9,     3
reply ,   66.53312300113612  ,  4087,   245,  3960,  1917,  4091,  4085,  2035,  4085,   111,  4085
set   ,                      ,  4087,  4085,  1634,  2040,     3,     3,  2035,     2,     9,     3
reply ,   67.15844500286039  ,  4087,   245,  3960,  1917,  4091,  4085,  2035,  4085,   111,  4085
set   ,                      ,  4087,  4085,  1634,  2040,     3,     3,  2035,     2,     9,     3
reply ,   68.2055310026044   ,  4087,   245,  3954,  1917,  4087,  4078,  2035,  4079,   111,  4084
set   ,                      ,  4087,  4085,  1634,  2040,     3,     3,  2035,     2,     9,     3
reply ,   69.11613700140151  ,  4087,   245,  3954,  1917,  4087,  4078,  2035,  4079,   111,  4084
set   ,                      ,  4087,  4085,  1634,  2040,     3,     3,  2035,     2,     9,     3
reply ,   70.82526100202813  ,  4087,   245,  3954,  1917,  4087,  4078,  2035,  4079,   111,  4084
set   ,                      ,  4087,  4085,  1634,  2040,     3,     3,  2035,     2,     9,     3
reply ,   72.806574000424    ,  4087,   245,  3954,  1917,  4087,  4078,  2035,  4079,   111,  4084
set   ,                      ,  4087,  4085,  1634,  2040,     3,     3,  2035,     2,     9,     3
reply ,   73.84481100234552  ,  4087,   245,  3954,  1917,  4087,  4078,  2035,  4079,   111,  4084
set   ,                      ,  4087,  4085,  1634,  2040,     3,     3,  2035,     2,     9,     3
reply ,   74.3976420017134   ,  4087,   245,  3954,  1917,  4087,  4078,  2035,  4079,   111,  4084
set   ,                      ,  4087,  4085,  1634,  2040,     3,     3,  2035,     2,     9,     3
reply ,   75.75010300206486  ,  4087,   245,  3954,  1917,  4087,  4078,  2035,  4079,   111,  4084
set   ,                      ,  4087,  4085,  1634,  2040,     3,     3,  2035,     2,     9,     3
reply ,   76.8046070006676   ,  4087,   245,  3954,  1917,  4087,  4078,  2035,  4079,   111,  4084
set   ,                      ,  4087,  4085,  1634,  2040,     3,     3,  2035,     2,     9,     3
reply ,   77.32775800104719  ,  4087,   245,  3954,  1917,  4087,  4078,  2035,  4079,   111,  4084
set   ,                      ,  4087,  4085,  1634,  2040,     3,     3,  2035,     2,     9,     3
reply ,   79.83096600219142  ,  4087,   253,  3949,  1917,  4078,  4071,  2035,  4069,   111,  4076
set   ,                      ,  4087,  4085,  1634,  2040,     3,     3,  2035,     2,     9,     3
reply ,   80.87393800087739  ,  4087,   253,  3949,  1917,  4078,  4071,  2035,  4069,   111,  4076
set   ,                      ,  4087,  4085,  1634,  2040,     3,     3,  2035,     2,     9,     3
reply ,   81.41864000208443  ,  4087,   253,  3949,  1917,  4078,  4071,  2035,  4069,   111,  4076
set   ,                      ,  4087,  4085,  1634,  2040,     3,     3,  2035,     2,     9,     3
reply ,   82.64997100195615  ,  4087,   253,  3949,  1917,  4078,  4071,  2035,  4069,   111,  4076
set   ,                      ,  4087,  4085,  1634,  2040,     3,     3,  2035,     2,     9,     3
reply ,   83.90824700109079  ,  4087,   253,  3949,  1917,  4078,  4071,  2035,  4069,   111,  4076
set   ,                      ,  4087,  4085,  1634,  2040,     3,     3,  2035,     2,     9,     3
reply ,   84.42166700115195  ,  4087,   253,  3949,  1917,  4078,  4071,  2035,  4069,   111,  4076
set   ,                      ,  4087,  4085,  1634,  2040,     3,     3,  2035,     2,     9,     3
reply ,   86.86083200154826  ,  4087,   253,  3949,  1917,  4078,  4071,  2035,  4069,   111,  4076
set   ,                      ,  4087,  4085,  1634,  2040,     3,     3,  2035,     2,     9,     3
reply ,   87.88196200111997  ,  4087,   253,  3949,  1917,  4078,  4071,  2035,  4069,   111,  4076
set   ,                      ,  4087,  4085,  1634,  2040,     3,     3,  2035,     2,     9,     3
reply ,   88.41532999940682  ,  4087,   268,  3935,  1917,  4069,  4056,  2035,  4057,   111,  4068
set   ,                      ,  4087,  4085,  1634,  2040,     3,     3,  2035,     2,     9,     3
reply ,   89.64412700152025  ,  4087,   268,  3935,  1917,  4069,  4056,  2035,  4057,   111,  4068
set   ,                      ,  4087,  4085,  1634,  2040,     3,     3,  2035,     2,     9,     3
reply ,   92.22506399964914  ,  4087,   268,  3935,  1917,  4069,  4056,  2035,  4057,   111,  4068
set   ,                      ,  4087,  4085,  1634,  2040,     3,     3,  2035,     2,     9,     3
reply ,   92.75140200043097  ,  4087,   268,  3935,  1917,  4069,  4056,  2035,  4057,   111,  4068
set   ,                      ,  4087,  4085,  1634,  2040,     3,     3,  2035,     2,     9,     3
reply ,   93.25769900169689  ,  4087,   268,  3935,  1917,  4069,  4056,  2035,  4057,   111,  4068
set   ,                      ,  4087,  4085,  1634,  2040,     3,     3,  2035,     2,     9,     3
reply ,   95.45568999965326  ,  4087,   268,  3935,  1917,  4069,  4056,  2035,  4057,   111,  4068
set   ,                      ,  4087,  4085,  1634,  2040,     3,     3,  2035,     2,     9,     3
reply ,   95.9342390015081   ,  4087,   268,  3935,  1917,  4069,  4056,  2035,  4057,   111,  4068
set   ,                      ,  4087,  4085,  1634,  2040,     3,     3,  2035,     2,     9,     3
reply ,   96.48785299941665  ,  4087,   268,  3935,  1917,  4069,  4056,  2022,  4057,   111,  4068
set   ,                      ,  4087,  4085,  1634,  2040,     3,     3,  2035,     2,     9,     3
reply ,   97.13945300245541  ,  4087,   268,  3935,  1917,  4069,  4056,  2022,  4057,   111,  4068
set   ,                      ,  4087,  4085,  1634,  2040,     3,     3,  2035,     2,     9,     3
reply ,   98.22796300068148  ,  4087,   279,  3922,  1917,  4055,  4041,  2022,  4043,   111,  4056
set   ,                      ,  4087,  4085,  1634,  2040,     3,     3,  2035,     2,     9,     3
reply ,   99.11108000233071  ,  4087,   279,  3922,  1917,  4055,  4041,  2022,  4043,   111,  4056
set   ,                      ,  4087,  4085,  1634,  2040,     3,     3,  2035,     2,     9,     3
reply ,  100.85196100044413  ,  4087,   279,  3922,  1917,  4055,  4041,  2022,  4043,   111,  4056
set   ,                      ,  4087,  4085,  1634,  2040,     3,     3,  2035,     2,     9,     3
reply ,  101.4163149993692   ,  4087,   279,  3922,  1917,  4055,  4041,  2022,  4043,   111,  4056
set   ,                      ,  4087,  4085,  1634,  2040,     3,     3,  2035,     2,     9,     3
reply ,  102.3215919994982   ,  4087,   279,  3922,  1917,  4055,  4041,  2022,  4043,   111,  4056
set   ,                      ,  4087,  4085,  1634,  2040,     3,     3,  2035,     2,     9,     3
reply ,  103.37819100095658  ,  4087,   279,  3922,  1917,  4055,  4041,  2022,  4043,   111,  4056
set   ,                      ,  4087,  4085,  1634,  2040,     3,     3,  2035,     2,     9,     3
reply ,  104.3317340008798   ,  4087,   279,  3922,  1917,  4055,  4041,  2022,  4043,   111,  4056
set   ,                      ,  4087,  4085,  1634,  2040,     3,     3,  2035,     2,     9,     3
reply ,  105.1430090010399   ,  4087,   279,  3922,  1917,  4055,  4041,  2022,  4043,   111,  4056
set   ,                      ,  4087,  4085,  1634,  2040,     3,     3,  2035,     2,     9,     3
reply ,  106.98862900244421  ,  4087,   279,  3922,  1917,  4055,  4041,  2022,  4043,   111,  4056
set   ,                      ,  4087,  4085,  1634,  2040,     3,     3,  2035,     2,     9,     3
reply ,  107.49921100068605  ,  4087,   279,  3922,  1917,  4055,  4041,  2022,  4043,   111,  4056
set   ,                      ,  4087,  4085,  1634,  2040,     3,     3,  2035,     2,     9,     3
reply ,  109.90519200277049  ,  4087,   294,  3900,  1917,  4034,  4021,  2022,  4022,   111,  4038
set   ,                      ,  4087,  4085,  1634,  2040,     3,     3,  2035,     2,     9,     3
reply ,  110.94898100054706  ,  4087,   294,  3900,  1917,  4034,  4021,  2022,  4022,   111,  4038
set   ,                      ,  4087,  4085,  1634,  2040,     3,     3,  2035,     2,     9,     3
reply ,  111.44707499988726  ,  4087,   294,  3900,  1917,  4034,  4021,  2022,  4022,   111,  4038
set   ,                      ,  4087,  4085,  1634,  2040,     3,     3,  2035,     2,     9,     3
reply ,  112.76329800239182  ,  4087,   294,  3900,  1917,  4034,  4021,  2022,  4022,   111,  4038
set   ,                      ,  4087,  4085,  1634,  2040,     3,     3,  2035,     2,     9,     3
reply ,  113.29188600211637  ,  4087,   294,  3900,  1917,  4034,  4021,  2022,  4022,   111,  4038
set   ,                      ,  4087,  4085,  1634,  2040,     3,     3,  2035,     2,     9,     3
reply ,  114.32647699984955  ,  4087,   294,  3900,  1917,  4034,  4021,  2022,  4022,   111,  4038
set   ,                      ,  4087,  4085,  1634,  2040,     3,     3,  2035,     2,     9,     3
reply ,  115.14310400161776  ,  4087,   294,  3900,  1917,  4034,  4021,  2022,  4022,   111,  4038
set   ,                      ,  4087,  4085,  1634,  2040,     3,     3,  2035,     2,     9,     3
reply ,  116.32369099970674  ,  4087,   294,  3900,  1917,  4034,  4021,  2035,  4022,   111,  4038
set   ,                      ,  4087,  4085,  1634,  2040,     3,     3,  2035,     2,     9,     3
reply ,  118.83718700119061  ,  4087,   294,  3900,  1917,  4034,  4021,  2035,  4022,   111,  4038
set   ,                      ,  4087,  4085,  1634,  2040,     3,     3,  2035,     2,     9,     3
reply ,  119.89432799964561  ,  4087,   323,  3878,  1917,  4012,  3999,  2035,  4002,   111,  4018
set   ,                      ,  4087,  4085,  1634,  2040,     3,     3,  2035,     2,     9,     3
reply ,  120.85357999967528  ,  4087,   323,  3878,  1917,  4012,  3999,  2035,  4002,   111,  4018
set   ,                      ,  4087,  4085,  1634,  2040,     3,     3,  2035,     2,     9,     3
reply ,  121.76808500225889  ,  4087,   323,  3878,  1917,  4012,  3999,  2035,  4002,   111,  4018
set   ,                      ,  4087,  4085,  1634,  2040,     3,     3,  2035,     2,     9,     3
reply ,  124.58601800244651  ,  4087,   323,  3878,  1917,  4012,  3999,  2035,  4002,   111,  4018
set   ,                      ,  4087,  4085,  1634,  2040,     3,     3,  2035,     2,     9,     3
reply ,  125.11619600263657  ,  4087,   323,  3878,  1917,  4012,  3999,  2035,  4002,   111,  4018
set   ,                      ,  4087,  4085,  1634,  2040,     3,     3,  2035,     2,     9,     3
reply ,  126.31164000049466  ,  4087,   323,  3878,  1917,  4012,  3999,  2035,  4002,   111,  4018
set   ,                      ,  4087,  4085,  1634,  2040,     3,     3,  2035,     2,     9,     3
reply ,  128.64544600233785  ,  4087,   323,  3878,  1917,  4012,  3999,  2035,  4002,   111,  4018
set   ,                      ,  4087,  4085,  1634,  2040,     3,     3,  2035,     2,     9,     3
reply ,  129.15489400256774  ,  4087,   368,  3847,  1917,  3983,  3974,  2035,  3976,   111,  3992
set   ,                      ,  4087,  4085,  1634,  2040,     3,     3,  2035,     2,     9,     3
reply ,  130.86489900160814  ,  4087,   368,  3847,  1917,  3983,  3974,  2035,  3976,   111,  3992
set   ,                      ,  4087,  4085,  1634,  2040,     3,     3,  2035,     2,     9,     3
reply ,  131.41132900273078  ,  4087,   368,  3847,  1917,  3983,  3974,  2035,  3976,   111,  3992
set   ,                      ,  4087,  4085,  1634,  2040,     3,     3,  2035,     2,     9,     3
reply ,  132.31269199968665  ,  4087,   368,  3847,  1917,  3983,  3974,  2035,  3976,   111,  3992
set   ,                      ,  4087,  4085,  1634,  2040,     3,     3,  2035,     2,     9,     3
reply ,  133.13286300035543  ,  4087,   368,  3847,  1917,  3983,  3974,  2035,  3976,   111,  3992
set   ,                      ,  4087,  4085,  1634,  2040,     3,     3,  2035,     2,     9,     3
reply ,  134.32016500155441  ,  4087,   368,  3847,  1917,  3983,  3974,  2035,  3976,   111,  3992
set   ,                      ,  4087,  4085,  1634,  2040,     3,     3,  2035,     2,     9,     3
reply ,  135.15593200281728  ,  4087,   368,  3847,  1917,  3983,  3974,  2035,  3976,   111,  3992
set   ,                      ,  4087,  4085,  1634,  2040,     3,     3,  2035,     2,     9,     3
reply ,  136.34010900204885  ,  4087,   368,  3847,  1917,  3983,  3974,  2035,  3976,   111,  3992
set   ,                      ,  4087,  4085,  1634,  2040,     3,     3,  2035,     2,     9,     3
reply ,  137.14922100189142  ,  4087,   368,  3847,  1917,  3983,  3974,  2035,  3976,   111,  3992
set   ,                      ,  4087,  4085,  1634,  2040,     3,     3,  2035,     2,     9,     3
reply ,  138.1766590020561   ,  4087,   428,  3815,  1917,  3954,  3946,  2035,  3948,   121,  3962
set   ,                      ,  4087,  4085,  1634,  2040,     3,     3,  2035,     2,     9,     3
reply ,  139.14439600193873  ,  4087,   428,  3815,  1917,  3954,  3946,  2035,  3948,   121,  3962
set   ,                      ,  4087,  4085,  1634,  2040,     3,     3,  2035,     2,     9,     3
reply ,  140.85970300220652  ,  4087,   428,  3815,  1917,  3954,  3946,  2035,  3948,   121,  3962
set   ,                      ,  4087,  4085,  1634,  2040,     3,     3,  2035,     2,     9,     3
reply ,  141.44339199992828  ,  4087,   428,  3815,  1917,  3954,  3946,  2035,  3948,   121,  3962
set   ,                      ,  4087,  4085,  1634,  2040,     3,     3,  2035,     2,     9,     3
reply ,  142.31850700161885  ,  4087,   428,  3815,  1917,  3954,  3946,  2035,  3948,   121,  3962
set   ,                      ,  4087,  4085,  1634,  2040,     3,     3,  2035,     2,     9,     3
reply ,  143.12481500019203  ,  4087,   428,  3815,  1917,  3954,  3946,  2035,  3948,   121,  3962
set   ,                      ,  4087,  4085,  1634,  2040,     3,     3,  2035,     2,     9,     3
reply ,  144.31280300050275  ,  4087,   428,  3815,  1917,  3954,  3946,  2035,  3948,   121,  3962
set   ,                      ,  4087,  4085,  1634,  2040,     3,     3,  2035,     2,     9,     3
reply ,  145.1395420008339   ,  4087,   428,  3815,  1917,  3954,  3946,  2035,  3948,   121,  3962
set   ,                      ,  4087,  4085,  1634,  2040,     3,     3,  2035,     2,     9,     3
reply ,  146.27892800126574  ,  4087,   428,  3815,  1917,  3954,  3946,  2022,  3948,   121,  3962
set   ,                      ,  4087,  4085,  1634,  2040,     3,     3,  2035,     2,     9,     3
reply ,  147.19461099957698  ,  4087,   428,  3815,  1917,  3954,  3946,  2022,  3948,   121,  3962
set   ,                      ,  4087,  4085,  1634,  2040,     3,     3,  2035,     2,     9,     3
reply ,  148.19453000018257  ,  4087,   495,  3777,  1917,  3920,  3913,  2022,  3913,   121,  3926
set   ,                      ,  4087,  4085,  1634,  2040,     3,     3,  2035,     2,     9,     3
reply ,  150.96909500061884  ,  4087,   495,  3777,  1917,  3920,  3913,  2022,  3913,   121,  3926
set   ,                      ,  4087,  4085,  1634,  2040,     3,     3,  2035,     2,     9,     3
reply ,  152.0520560006844   ,  4087,   495,  3777,  1917,  3920,  3913,  2022,  3913,   121,  3926
set   ,                      ,  4087,  4085,  1634,  2040,     3,     3,  2035,     2,     9,     3
reply ,  152.58644000277855  ,  4087,   495,  3777,  1917,  3920,  3913,  2022,  3913,   121,  3926
set   ,                      ,  4087,  4085,  1634,  2040,     3,     3,  2035,     2,     9,     3
reply ,  153.16535000238218  ,  4087,   495,  3777,  1917,  3920,  3913,  2022,  3913,   121,  3926
set   ,                      ,  4087,  4085,  1634,  2040,     3,     3,  2035,     2,     9,     3
reply ,  154.31143900059396  ,  4087,   495,  3777,  1917,  3920,  3913,  2022,  3913,   121,  3926
set   ,                      ,  4087,  4085,  1634,  2040,     3,     3,  2035,     2,     9,     3
reply ,  155.12271099942154  ,  4087,   495,  3777,  1917,  3920,  3913,  2022,  3913,   121,  3926
set   ,                      ,  4087,  4085,  1634,  2040,     3,     3,  2035,     2,     9,     3
reply ,  156.2996579996252   ,  4087,   495,  3777,  1917,  3920,  3913,  2022,  3913,   121,  3926
set   ,                      ,  4087,  4085,  1634,  2040,     3,     3,  2035,     2,     9,     3
reply ,  157.12416200040025  ,  4087,   495,  3777,  1917,  3920,  3913,  2022,  3913,   121,  3926
set   ,                      ,  4087,  4085,  1634,  2040,     3,     3,  2035,     2,     9,     3
reply ,  158.83477000170387  ,  4087,   580,  3732,  1917,  3883,  3873,  2022,  3876,   121,  3883
set   ,                      ,  4087,  4085,  1634,  2040,     3,     3,  2035,     2,     9,     3
reply ,  159.34700400248403  ,  4087,   580,  3732,  1917,  3883,  3873,  2022,  3876,   121,  3883
set   ,                      ,  4087,  4085,  1634,  2040,     3,     3,  2035,     2,     9,     3
reply ,  161.71661400221637  ,  4087,   580,  3732,  1917,  3883,  3873,  2022,  3876,   121,  3883
set   ,                      ,  4087,  4085,  1634,  2040,     3,     3,  2035,     2,     9,     3
reply ,  162.77174900096725  ,  4087,   580,  3732,  1917,  3883,  3873,  2022,  3876,   121,  3883
set   ,                      ,  4087,  4085,  1634,  2040,     3,     3,  2035,     2,     9,     3
reply ,  163.4136100001342   ,  4087,   580,  3732,  1917,  3883,  3873,  2022,  3876,   121,  3883
set   ,                      ,  4087,  4085,  1634,  2040,     3,     3,  2035,     2,     9,     3
reply ,  164.58333500122535  ,  4087,   580,  3732,  1917,  3883,  3873,  2022,  3876,   121,  3883
set   ,                      ,  4087,  4085,  1634,  2040,     3,     3,  2035,     2,     9,     3
reply ,  165.09979700276745  ,  4087,   580,  3732,  1917,  3883,  3873,  2022,  3876,   121,  3883
set   ,                      ,  4087,  4085,  1634,  2040,     3,     3,  2035,     2,     9,     3
reply ,  166.2988080024661   ,  4087,   580,  3732,  1917,  3883,  3873,  2022,  3876,   121,  3883
set   ,                      ,  4087,  4085,  1634,  2040,     3,     3,  2035,     2,     9,     3
reply ,  167.13117800100008  ,  4087,   580,  3732,  1917,  3883,  3873,  2022,  3876,   121,  3883
set   ,                      ,  4087,  4085,  1634,  2040,     3,     3,  2035,     2,     9,     3
reply ,  169.12482699990505  ,  4087,   688,  3684,  1917,  3840,  3832,  2022,  3835,   121,  3842
set   ,                      ,  4087,  4085,  1634,  2040,     3,     3,  2035,     2,     9,     3
reply ,  170.3952419993584   ,  4087,   688,  3684,  1917,  3840,  3832,  2022,  3835,   121,  3842
set   ,                      ,  4087,  4085,  1634,  2040,     3,     3,  2035,     2,     9,     3
reply ,  170.9297820016218   ,  4087,   688,  3684,  1917,  3840,  3832,  2022,  3835,   121,  3842
set   ,                      ,  4087,  4085,  1634,  2040,     3,     3,  2035,     2,     9,     3
reply ,  171.47806499997387  ,  4087,   688,  3684,  1917,  3840,  3832,  2022,  3835,   121,  3842
set   ,                      ,  4087,  4085,  1634,  2040,     3,     3,  2035,     2,     9,     3
reply ,  172.40375400069752  ,  4087,   688,  3684,  1917,  3840,  3832,  2022,  3835,   121,  3842
set   ,                      ,  4087,  4085,  1634,  2040,     3,     3,  2035,     2,     9,     3
reply ,  173.69390100066084  ,  4087,   688,  3684,  1917,  3840,  3832,  2022,  3835,   121,  3842
set   ,                      ,  4087,  4085,  1634,  2040,     3,     3,  2035,     2,     9,     3
reply ,  174.3395289995533   ,  4087,   688,  3684,  1917,  3840,  3832,  2022,  3835,   121,  3842
set   ,                      ,  4087,  4085,  1634,  2040,     3,     3,  2035,     2,     9,     3
reply ,  176.93426299956627  ,  4087,   688,  3684,  1917,  3840,  3832,  2022,  3835,   121,  3842
set   ,                      ,  4087,  4085,  1634,  2040,     3,     3,  2035,     2,     9,     3
reply ,  177.43702200095868  ,  4087,   688,  3684,  1917,  3840,  3832,  2022,  3835,   121,  3842
set   ,                      ,  4087,  4085,  1634,  2040,     3,     3,  2035,     2,     9,     3
reply ,  178.23008000050322  ,  4087,   808,  3634,  1917,  3790,  3784,  2022,  3790,   121,  3796
set   ,                      ,  4087,  4085,  1634,  2040,     3,     3,  2035,     2,     9,     3
reply ,  179.151106000063    ,  4087,   808,  3634,  1917,  3790,  3784,  2022,  3790,   121,  3796
set   ,                      ,  4087,  4085,  1634,  2040,     3,     3,  2035,     2,     9,     3
reply ,  183.0899300002784   ,  4087,   808,  3634,  1917,  3790,  3784,  2022,  3790,   121,  3796
set   ,                      ,  4087,  4085,  1634,  2040,     3,     3,  2035,     2,     9,     3
reply ,  183.62972199975047  ,  4087,   808,  3634,  1917,  3790,  3784,  2022,  3790,   121,  3796
set   ,                      ,  4087,  4085,  1634,  2040,     3,     3,  2035,     2,     9,     3
reply ,  184.3297090017586   ,  4087,   808,  3634,  1917,  3790,  3784,  2022,  3790,   121,  3796
set   ,                      ,  4087,  4085,  1634,  2040,     3,     3,  2035,     2,     9,     3
reply ,  185.13151000297512  ,  4087,   808,  3634,  1917,  3790,  3784,  2022,  3790,   121,  3796
set   ,                      ,  4087,  4085,  1634,  2040,     3,     3,  2035,     2,     9,     3
reply ,  186.7510920019413   ,  4087,   808,  3634,  1917,  3790,  3784,  2022,  3790,   121,  3796
set   ,                      ,  4087,  4085,  1634,  2040,     3,     3,  2035,     2,     9,     3
reply ,  187.30225400213385  ,  4087,   808,  3634,  1917,  3790,  3784,  2022,  3790,   121,  3796
set   ,                      ,  4087,  4085,  1634,  2040,     3,     3,  2035,     2,     9,     3
reply ,  188.19647800046369  ,  4087,   956,  3579,  1917,  3736,  3733,  2022,  3736,   121,  3743
set   ,                      ,  4087,  4085,  1634,  2040,     3,     3,  2035,     2,     9,     3
reply ,  189.13704800070263  ,  4087,   956,  3579,  1917,  3736,  3733,  2022,  3736,   121,  3743
set   ,                      ,  4087,  4085,  1634,  2040,     3,     3,  2035,     2,     9,     3
reply ,  190.86886100194533  ,  4087,   956,  3579,  1917,  3736,  3733,  2022,  3736,   121,  3743
set   ,                      ,  4087,  4085,  1634,  2040,     3,     3,  2035,     2,     9,     3
reply ,  191.41301100171404  ,  4087,   956,  3579,  1917,  3736,  3733,  2022,  3736,   121,  3743
set   ,                      ,  4087,  4085,  1634,  2040,     3,     3,  2035,     2,     9,     3
reply ,  192.33907600209932  ,  4087,   956,  3579,  1917,  3736,  3733,  2022,  3736,   121,  3743
set   ,                      ,  4087,  4085,  1634,  2040,     3,     3,  2035,     2,     9,     3
reply ,  193.13236300149583  ,  4087,   956,  3579,  1917,  3736,  3733,  2022,  3736,   121,  3743
set   ,                      ,  4087,  4085,  1634,  2040,     3,     3,  2035,     2,     9,     3
reply ,  194.30092699985835  ,  4087,   956,  3579,  1917,  3736,  3733,  2022,  3736,   121,  3743
set   ,                      ,  4087,  4085,  1634,  2040,     3,     3,  2035,     2,     9,     3
reply ,  195.14474800234893  ,  4087,   956,  3579,  1917,  3736,  3733,  2022,  3736,   121,  3743
set   ,                      ,  4087,  4085,  1634,  2040,     3,     3,  2035,     2,     9,     3
reply ,  197.05371700183605  ,  4087,   956,  3579,  1917,  3736,  3733,  2022,  3736,   121,  3743
set   ,                      ,  4087,  4085,  1634,  2040,     3,     3,  2035,     2,     9,     3
reply ,  198.08409799952642  ,  4087,   956,  3579,  1917,  3736,  3733,  2022,  3736,   121,  3743
set   ,                      ,  4087,  4085,  1634,  2040,     3,     3,  2035,     2,     9,     3
reply ,  198.6000739998417   ,  4087,  1091,  3522,  1917,  3683,  3680,  2022,  3684,   121,  3689
set   ,                      ,  4087,  4085,  1634,  2040,     3,     3,  2035,     2,     9,     3
reply ,  199.17661200088332  ,  4087,  1091,  3522,  1917,  3683,  3680,  2022,  3684,   121,  3689
set   ,                      ,  4087,  4085,  1634,  2040,     3,     3,  2035,     2,     9,     3
reply ,  200.86777300093672  ,  4087,  1091,  3522,  1917,  3683,  3680,  2022,  3684,   121,  3689
set   ,                      ,  4087,  4085,  1634,  2040,     3,     3,  2035,     2,     9,     3
reply ,  201.410746001784    ,  4087,  1091,  3522,  1917,  3683,  3680,  2022,  3684,   121,  3689
set   ,                      ,  4087,  4085,  1634,  2040,     3,     3,  2035,     2,     9,     3
reply ,  202.3108970024623   ,  4087,  1091,  3522,  1917,  3683,  3680,  2022,  3684,   121,  3689
set   ,                      ,  4087,  4085,  1634,  2040,     3,     3,  2035,     2,     9,     3
reply ,  203.84615200237022  ,  4087,  1091,  3522,  1917,  3683,  3680,  2022,  3684,   121,  3689
set   ,                      ,  4087,  4085,  1634,  2040,     3,     3,  2035,     2,     9,     3
reply ,  204.36343000255874  ,  4087,  1091,  3522,  1917,  3683,  3680,  2022,  3684,   121,  3689
set   ,                      ,  4087,  4085,  1634,  2040,     3,     3,  2035,     2,     9,     3
reply ,  206.86358000239125  ,  4087,  1091,  3522,  1917,  3683,  3680,  2022,  3684,   121,  3689
set   ,                      ,  4087,  4085,  1634,  2040,     3,     3,  2035,     2,     9,     3
reply ,  207.89906000209157  ,  4087,  1091,  3522,  1917,  3683,  3680,  2035,  3684,   121,  3689
set   ,                      ,  4087,  4085,  1634,  2040,     3,     3,  2035,     2,     9,     3
reply ,  208.41099199969904  ,  4087,  1239,  3461,  1917,  3626,  3624,  2035,  3626,   121,  3633
set   ,                      ,  4087,  4085,  1634,  2040,     3,     3,  2035,     2,     9,     3
reply ,  209.79079800235922  ,  4087,  1239,  3461,  1917,  3626,  3624,  2035,  3626,   121,  3633
set   ,                      ,  4087,  4085,  1634,  2040,     3,     3,  2035,     2,     9,     3
reply ,  212.46355900075287  ,  4087,  1239,  3461,  1917,  3626,  3624,  2035,  3626,   121,  3633
set   ,                      ,  4087,  4085,  1634,  2040,     3,     3,  2035,     2,     9,     3
reply ,  212.98551700238022  ,  4087,  1239,  3461,  1917,  3626,  3624,  2035,  3626,   121,  3633
set   ,                      ,  4087,  4085,  1634,  2040,     3,     3,  2035,     2,     9,     3
reply ,  213.53798800191726  ,  4087,  1239,  3461,  1917,  3626,  3624,  2035,  3626,   121,  3633
set   ,                      ,  4087,  4085,  1634,  2040,     3,     3,  2035,     2,     9,     3
reply ,  215.65022800132283  ,  4087,  1239,  3461,  1917,  3626,  3624,  2035,  3626,   121,  3633
set   ,                      ,  4087,  4085,  1634,  2040,     3,     3,  2035,     2,     9,     3
reply ,  216.3175189998583   ,  4087,  1239,  3461,  1917,  3626,  3624,  2035,  3626,   121,  3633
set   ,                      ,  4087,  4085,  1634,  2040,     3,     3,  2035,     2,     9,     3
reply ,  217.16930900220177  ,  4087,  1239,  3461,  1917,  3626,  3624,  2035,  3626,   121,  3633
set   ,                      ,  4087,  4085,  1634,  2040,     3,     3,  2035,     2,     9,     3
reply ,  218.23529100220185  ,  4087,  1388,  3396,  1917,  3564,  3563,  2035,  3564,   121,  3572
set   ,                      ,  4087,  4085,  1634,  2040,     3,     3,  2035,     2,     9,     3
reply ,  219.13629600021522  ,  4087,  1388,  3396,  1917,  3564,  3563,  2035,  3564,   121,  3572
set   ,                      ,  4087,  4085,  1634,  2040,     3,     3,  2035,     2,     9,     3
reply ,  220.80012100195745  ,  4087,  1388,  3396,  1917,  3564,  3563,  2035,  3564,   121,  3572
set   ,                      ,  4087,  4085,  1634,  2040,     3,     3,  2035,     2,     9,     3
reply ,  221.35339400119847  ,  4087,  1388,  3396,  1917,  3564,  3563,  2035,  3564,   121,  3572
set   ,                      ,  4087,  4085,  1634,  2040,     3,     3,  2035,     2,     9,     3
reply ,  222.31317900150316  ,  4087,  1388,  3396,  1917,  3564,  3563,  2035,  3564,   121,  3572
set   ,                      ,  4087,  4085,  1634,  2040,     3,     3,  2035,     2,     9,     3
reply ,  223.82937300062622  ,  4087,  1388,  3396,  1917,  3564,  3563,  2035,  3564,   121,  3572
set   ,                      ,  4087,  4085,  1634,  2040,     3,     3,  2035,     2,     9,     3
reply ,  224.3593220009643   ,  4087,  1388,  3396,  1917,  3564,  3563,  2035,  3564,   121,  3572
set   ,                      ,  4087,  4085,  1634,  2040,     3,     3,  2035,     2,     9,     3
reply ,  226.80716700051562  ,  4087,  1388,  3396,  1917,  3564,  3563,  2035,  3564,   121,  3572
set   ,                      ,  4087,  4085,  1634,  2040,     3,     3,  2035,     2,     9,     3
reply ,  227.90952899958938  ,  4087,  1388,  3396,  1917,  3564,  3563,  2035,  3564,   121,  3572
set   ,                      ,  4087,  4085,  1634,  2040,     3,     3,  2035,     2,     9,     3
reply ,  228.46672300147475  ,  4087,  1556,  3320,  1917,  3503,  3497,  2035,  3499,   121,  3509
set   ,                      ,  4087,  4085,  1634,  2040,     3,     3,  2035,     2,     9,     3
reply ,  229.7082200020668   ,  4087,  1556,  3320,  1917,  3503,  3497,  2035,  3499,   121,  3509
set   ,                      ,  4087,  4085,  1634,  2040,     3,     3,  2035,     2,     9,     3
reply ,  230.88510399975348  ,  4087,  1556,  3320,  1917,  3503,  3497,  2035,  3499,   121,  3509
set   ,                      ,  4087,  4085,  1634,  2040,     3,     3,  2035,     2,     9,     3
reply ,  231.41692200078978  ,  4087,  1556,  3320,  1917,  3503,  3497,  2035,  3499,   121,  3509
set   ,                      ,  4087,  4085,  1634,  2040,     3,     3,  2035,     2,     9,     3
reply ,  232.79443700084812  ,  4087,  1556,  3320,  1917,  3503,  3497,  2035,  3499,   121,  3509
set   ,                      ,  4087,  4085,  1634,  2040,     3,     3,  2035,     2,     9,     3
reply ,  233.32379600105924  ,  4087,  1556,  3320,  1917,  3503,  3497,  2035,  3499,   121,  3509
set   ,                      ,  4087,  4085,  1634,  2040,     3,     3,  2035,     2,     9,     3
reply ,  235.84386900256504  ,  4087,  1556,  3320,  1917,  3503,  3497,  2035,  3499,   121,  3509
set   ,                      ,  4087,  4085,  1634,  2040,     3,     3,  2035,     2,     9,     3
reply ,  236.86110700145946  ,  4087,  1556,  3320,  1917,  3503,  3497,  2035,  3499,   121,  3509
set   ,                      ,  4087,  4085,  1634,  2040,     3,     3,  2035,     2,     9,     3
reply ,  237.3660449993622   ,  4087,  1556,  3320,  1917,  3503,  3497,  2035,  3499,   121,  3509
set   ,                      ,  4087,  4085,  1634,  2040,     3,     3,  2035,     2,     9,     3
reply ,  238.7637000028917   ,  4087,  1731,  3245,  1917,  3436,  3431,  2035,  3423,   121,  3440
set   ,                      ,  4087,  4085,  1634,  2040,     3,     3,  2035,     2,     9,     3
reply ,  239.78406400055974  ,  4087,  1731,  3245,  1917,  3436,  3431,  2035,  3423,   121,  3440
set   ,                      ,  4087,  4085,  1634,  2040,     3,     3,  2035,     2,     9,     3
reply ,  240.8735990029527   ,  4087,  1731,  3245,  1917,  3436,  3431,  2035,  3423,   121,  3440
set   ,                      ,  4087,  4085,  1634,  2040,     3,     3,  2035,     2,     9,     3
reply ,  243.84593500144547  ,  4087,  1731,  3245,  1917,  3436,  3431,  2035,  3423,   121,  3440
set   ,                      ,  4087,  4085,  1634,  2040,     3,     3,  2035,     2,     9,     3
reply ,  244.3762120019528   ,  4087,  1731,  3245,  1917,  3436,  3431,  2035,  3423,   121,  3440
set   ,                      ,  4087,  4085,  1634,  2040,     3,     3,  2035,     2,     9,     3
reply ,  245.71369000113918  ,  4087,  1731,  3245,  1917,  3436,  3431,  2035,  3423,   121,  3440
set   ,                      ,  4087,  4085,  1634,  2040,     3,     3,  2035,     2,     9,     3
reply ,  246.88839800001006  ,  4087,  1731,  3245,  1917,  3436,  3431,  2035,  3423,   121,  3440
set   ,                      ,  4087,  4085,  1634,  2040,     3,     3,  2035,     2,     9,     3
reply ,  247.42505600079312  ,  4087,  1731,  3245,  1917,  3436,  3431,  2035,  3423,   121,  3440
set   ,                      ,  4087,  4085,  1634,  2040,     3,     3,  2035,     2,     9,     3
reply ,  249.9186439999903   ,  4087,  1906,  3166,  1917,  3363,  3358,  2035,  3351,   121,  3370
set   ,                      ,  4087,  4085,  1634,  2040,     3,     3,  2035,     2,     9,     3
reply ,  251.04902500243043  ,  4087,  1906,  3166,  1917,  3363,  3358,  2035,  3351,   121,  3370
set   ,                      ,  4087,  4085,  1634,  2040,     3,     3,  2035,     2,     9,     3
reply ,  251.58623100287514  ,  4087,  1906,  3166,  1917,  3363,  3358,  2035,  3351,   121,  3370
set   ,                      ,  4087,  4085,  1634,  2040,     3,     3,  2035,     2,     9,     3
reply ,  252.90983200102346  ,  4087,  1906,  3166,  1917,  3363,  3358,  2035,  3351,   121,  3370
set   ,                      ,  4087,  4085,  1634,  2040,     3,     3,  2035,     2,     9,     3
reply ,  255.61819699942134  ,  4087,  1906,  3166,  1917,  3363,  3358,  2035,  3351,   121,  3370
set   ,                      ,  4087,  4085,  1634,  2040,     3,     3,  2035,     2,     9,     3
reply ,  256.3441260026593   ,  4087,  1906,  3166,  1917,  3363,  3358,  2035,  3351,   121,  3370
set   ,                      ,  4087,  4085,  1634,  2040,     3,     3,  2035,     2,     9,     3
reply ,  257.1735199999239   ,  4087,  1906,  3166,  1917,  3363,  3358,  2035,  3351,   121,  3370
set   ,                      ,  4087,  4085,  1634,  2040,     3,     3,  2035,     2,     9,     3
reply ,  258.86460699985037  ,  4087,  2088,  3084,  1917,  3289,  3284,  2035,  3276,   121,  3292
set   ,                      ,  4087,  4085,  1634,  2040,     3,     3,  2035,     2,     9,     3
reply ,  259.3926959998498   ,  4087,  2088,  3084,  1917,  3289,  3284,  2035,  3276,   121,  3292
set   ,                      ,  4087,  4085,  1634,  2040,     3,     3,  2035,     2,     9,     3
reply ,  260.8908340007474   ,  4087,  2088,  3084,  1917,  3289,  3284,  2035,  3276,   121,  3292
set   ,                      ,  4087,  4085,  1634,  2040,     3,     3,  2035,     2,     9,     3
reply ,  261.40615199983586  ,  4087,  2088,  3084,  1917,  3289,  3284,  2035,  3276,   121,  3292
set   ,                      ,  4087,  4085,  1634,  2040,     3,     3,  2035,     2,     9,     3
reply ,  262.30161400235374  ,  4087,  2088,  3084,  1917,  3289,  3284,  2035,  3276,   121,  3292
set   ,                      ,  4087,  4085,  1634,  2040,     3,     3,  2035,     2,     9,     3
reply ,  263.1177520015626   ,  4087,  2088,  3084,  1917,  3289,  3284,  2035,  3276,   121,  3292
set   ,                      ,  4087,  4085,  1634,  2040,     3,     3,  2035,     2,     9,     3
reply ,  264.3303590011783   ,  4087,  2088,  3084,  1917,  3289,  3284,  2035,  3276,   121,  3292
set   ,                      ,  4087,  4085,  1634,  2040,     3,     3,  2035,     2,     9,     3
reply ,  265.1413660023536   ,  4087,  2088,  3084,  1917,  3289,  3284,  2035,  3276,   121,  3292
set   ,                      ,  4087,  4085,  1634,  2040,     3,     3,  2035,     2,     9,     3
reply ,  266.7174199996225   ,  4087,  2088,  3084,  1917,  3289,  3284,  2035,  3276,   121,  3292
set   ,                      ,  4087,  4085,  1634,  2040,     3,     3,  2035,     2,     9,     3
reply ,  267.2287260029407   ,  4087,  2088,  3084,  1917,  3289,  3284,  2035,  3276,   121,  3292
set   ,                      ,  4087,  4085,  1634,  2040,     3,     3,  2035,     2,     9,     3
reply ,  269.68385399959516  ,  4087,  2286,  2997,  1917,  3210,  3205,  2035,  3194,   121,  3213
set   ,                      ,  4087,  4085,  1634,  2040,     3,     3,  2035,     2,     9,     3
reply ,  270.8175020015915   ,  4087,  2286,  2997,  1917,  3210,  3205,  2035,  3194,   121,  3213
set   ,                      ,  4087,  4085,  1634,  2040,     3,     3,  2035,     2,     9,     3
reply ,  271.377080000093    ,  4087,  2286,  2997,  1917,  3210,  3205,  2035,  3194,   121,  3213
set   ,                      ,  4087,  4085,  1634,  2040,     3,     3,  2035,     2,     9,     3
reply ,  272.49957200183417  ,  4087,  2286,  2997,  1917,  3210,  3205,  2035,  3194,   121,  3213
set   ,                      ,  4087,  4085,  1634,  2040,     3,     3,  2035,     2,     9,     3
reply ,  273.12347699989914  ,  4087,  2286,  2997,  1917,  3210,  3205,  2035,  3194,   121,  3213
set   ,                      ,  4087,  4085,  1634,  2040,     3,     3,  2035,     2,     9,     3
reply ,  274.33059100076207  ,  4087,  2286,  2997,  1917,  3210,  3205,  2035,  3194,   121,  3213
set   ,                      ,  4087,  4085,  1634,  2040,     3,     3,  2035,     2,     9,     3
reply ,  275.8142820021021   ,  4087,  2286,  2997,  1917,  3210,  3205,  2035,  3194,   121,  3213
set   ,                      ,  4087,  4085,  1634,  2040,     3,     3,  2035,     2,     9,     3
reply ,  276.3576350007497   ,  4087,  2286,  2997,  1917,  3210,  3205,  2035,  3194,   121,  3213
set   ,                      ,  4087,  4085,  1634,  2040,     3,     3,  2035,     2,     9,     3
reply ,  278.74675299972296  ,  4087,  2286,  2997,  1917,  3210,  3205,  2035,  3194,   121,  3213
set   ,                      ,  4087,  4085,  1634,  2040,     3,     3,  2035,     2,     9,     3
reply ,  279.75757400054135  ,  4087,  2468,  2906,  1917,  3127,  3111,  2035,  3110,   121,  3121
set   ,                      ,  4087,  4085,  1634,  2040,     3,     3,  2035,     2,     9,     3
reply ,  281.5538960021513   ,  4087,  2468,  2906,  1917,  3127,  3111,  2035,  3110,   121,  3121
set   ,                      ,  4087,  4085,  1634,  2040,     3,     3,  2035,     2,     9,     3
reply ,  284.2401260022598   ,  4087,  2468,  2906,  1917,  3127,  3111,  2035,  3110,   121,  3121
set   ,                      ,  4087,  4085,  1634,  2040,     3,     3,  2035,     2,     9,     3
reply ,  284.7464440019394   ,  4087,  2468,  2906,  1917,  3127,  3111,  2035,  3110,   121,  3121
set   ,                      ,  4087,  4085,  1634,  2040,     3,     3,  2035,     2,     9,     3
reply ,  285.2691970001615   ,  4087,  2468,  2906,  1917,  3127,  3111,  2035,  3110,   121,  3121
set   ,                      ,  4087,  4085,  1634,  2040,     3,     3,  2035,     2,     9,     3
reply ,  286.33451200221316  ,  4087,  2468,  2906,  1917,  3127,  3111,  2035,  3110,   121,  3121
set   ,                      ,  4087,  4085,  1634,  2040,     3,     3,  2035,     2,     9,     3
reply ,  287.1240759995999   ,  4087,  2468,  2906,  1917,  3127,  3111,  2035,  3110,   121,  3121
set   ,                      ,  4087,  4085,  1634,  2040,     3,     3,  2035,     2,     9,     3
reply ,  288.1837090026238   ,  4087,  2640,  2816,  1917,  3044,  3026,  2035,  3023,   121,  3033
set   ,                      ,  4087,  4085,  1634,  2040,     3,     3,  2035,     2,     9,     3
reply ,  289.1312320025463   ,  4087,  2640,  2816,  1917,  3044,  3026,  2035,  3023,   121,  3033
set   ,                      ,  4087,  4085,  1634,  2040,     3,     3,  2035,     2,     9,     3
reply ,  290.8924000003026   ,  4087,  2640,  2816,  1917,  3044,  3026,  2035,  3023,   121,  3033
set   ,                      ,  4087,  4085,  1634,  2040,     3,     3,  2035,     2,     9,     3
reply ,  292.66505600025994  ,  4087,  2640,  2816,  1917,  3044,  3026,  2035,  3023,   121,  3033
set   ,                      ,  4087,  4085,  1634,  2040,     3,     3,  2035,     2,     9,     3
reply ,  293.1683440001507   ,  4087,  2640,  2816,  1917,  3044,  3026,  2035,  3023,   121,  3033
set   ,                      ,  4087,  4085,  1634,  2040,     3,     3,  2035,     2,     9,     3
reply ,  294.3206630006898   ,  4087,  2640,  2816,  1917,  3044,  3026,  2035,  3023,   121,  3033
set   ,                      ,  4087,  4085,  1634,  2040,     3,     3,  2035,     2,     9,     3
reply ,  295.141564001824    ,  4087,  2640,  2816,  1917,  3044,  3026,  2035,  3023,   121,  3033
set   ,                      ,  4087,  4085,  1634,  2040,     3,     3,  2035,     2,     9,     3
reply ,  298.0051190024824   ,  4087,  2640,  2816,  1917,  3044,  3026,  2035,  3023,   121,  3033
set   ,                      ,  4087,  4085,  1634,  2040,     3,     3,  2035,     2,     9,     3
reply ,  299.07945200102404  ,  4087,  2800,  2717,  1917,  2953,  2935,  2035,  2934,   121,  2941
set   ,                      ,  4087,  4085,  1634,  2040,     3,     3,  2035,     2,     9,     3
reply ,  299.5974719997321   ,  4087,  2800,  2717,  1917,  2953,  2935,  2035,  2934,   121,  2941
set   ,                      ,  4087,  4085,  1634,  2040,     3,     3,  2035,     2,     9,     3
reply ,  300.8878040018317   ,  4087,  2800,  2717,  1917,  2953,  2935,  2035,  2934,   121,  2941
set   ,                      ,  4087,  4085,  1634,  2040,     3,     3,  2035,     2,     9,     3
reply ,  301.4088060008362   ,  4087,  2800,  2717,  1917,  2953,  2935,  2035,  2934,   121,  2941
set   ,                      ,  4087,  4085,  1634,  2040,     3,     3,  2035,     2,     9,     3
reply ,  302.5740859993675   ,  4087,  2800,  2717,  1917,  2953,  2935,  2035,  2934,   121,  2941
set   ,                      ,  4087,  4085,  1634,  2040,     3,     3,  2035,     2,     9,     3
reply ,  303.1210459994327   ,  4087,  2800,  2717,  1917,  2953,  2935,  2035,  2934,   121,  2941
set   ,                      ,  4087,  4085,  1634,  2040,     3,     3,  2035,     2,     9,     3
reply ,  304.30003000219585  ,  4087,  2800,  2717,  1917,  2953,  2935,  2035,  2934,   121,  2941
set   ,                      ,  4087,  4085,  1634,  2040,     3,     3,  2035,     2,     9,     3
reply ,  305.16313500265824  ,  4087,  2800,  2717,  1917,  2953,  2935,  2035,  2934,   121,  2941
set   ,                      ,  4087,  4085,  1634,  2040,     3,     3,  2035,     2,     9,     3
reply ,  306.85276800068095  ,  4087,  2800,  2717,  1917,  2953,  2935,  2035,  2934,   121,  2941
set   ,                      ,  4087,  4085,  1634,  2040,     3,     3,  2035,     2,     9,     3
reply ,  307.35351300245384  ,  4087,  2800,  2717,  1917,  2953,  2935,  2035,  2934,   121,  2941
set   ,                      ,  4087,  4085,  1634,  2040,     3,     3,  2035,     2,     9,     3
reply ,  309.8610529996222   ,  4087,  2949,  2630,  1917,  2864,  2840,  2035,  2840,   121,  2848
set   ,                      ,  4087,  4085,  1634,  2040,     3,     3,  2035,     2,     9,     3
reply ,  310.87521399967954  ,  4087,  2949,  2630,  1917,  2864,  2840,  2035,  2840,   121,  2848
set   ,                      ,  4087,  4085,  1634,  2040,     3,     3,  2035,     2,     9,     3
reply ,  311.4327590010362   ,  4087,  2949,  2630,  1917,  2864,  2840,  2035,  2840,   121,  2848
set   ,                      ,  4087,  4085,  1634,  2040,     3,     3,  2035,     2,     9,     3
reply ,  312.65088700092747  ,  4087,  2949,  2630,  1917,  2864,  2840,  2035,  2840,   121,  2848
set   ,                      ,  4087,  4085,  1634,  2040,     3,     3,  2035,     2,     9,     3
reply ,  313.65482500041253  ,  4087,  2949,  2630,  1917,  2864,  2840,  2035,  2840,   121,  2848
set   ,                      ,  4087,  4085,  1634,  2040,     3,     3,  2035,     2,     9,     3
reply ,  314.3636349996086   ,  4087,  2949,  2630,  1917,  2864,  2840,  2035,  2840,   121,  2848
set   ,                      ,  4087,  4085,  1634,  2040,     3,     3,  2035,     2,     9,     3
reply ,  316.5392430018983   ,  4087,  2949,  2630,  1917,  2864,  2840,  2035,  2840,   121,  2848
set   ,                      ,  4087,  4085,  1634,  2040,     3,     3,  2035,     2,     9,     3
reply ,  317.6067919994239   ,  4087,  2949,  2630,  1917,  2864,  2840,  2035,  2840,   121,  2848
set   ,                      ,  4087,  4085,  1634,  2040,     3,     3,  2035,     2,     9,     3
reply ,  318.23228700159234  ,  4087,  3083,  2544,  1917,  2753,  2741,  2035,  2745,   121,  2748
set   ,                      ,  4087,  4085,  1634,  2040,     3,     3,  2035,     2,     9,     3
reply ,  319.36442500227713  ,  4087,  3083,  2544,  1917,  2753,  2741,  2035,  2745,   121,  2748
set   ,                      ,  4087,  4085,  1634,  2040,     3,     3,  2035,     2,     9,     3
reply ,  320.87193000188563  ,  4087,  3083,  2544,  1917,  2753,  2741,  2035,  2745,   121,  2748
set   ,                      ,  4087,  4085,  1634,  2040,     3,     3,  2035,     2,     9,     3
reply ,  321.44529200013494  ,  4087,  3083,  2544,  1917,  2753,  2741,  2035,  2745,   121,  2748
set   ,                      ,  4087,  4085,  1634,  2040,     3,     3,  2035,     2,     9,     3
reply ,  323.46748800046043  ,  4087,  3083,  2544,  1917,  2753,  2741,  2035,  2745,   121,  2748
set   ,                      ,  4087,  4085,  1634,  2040,     3,     3,  2035,     2,     9,     3
reply ,  324.5149870017485   ,  4087,  3083,  2544,  1917,  2753,  2741,  2035,  2745,   121,  2748
set   ,                      ,  4087,  4085,  1634,  2040,     3,     3,  2035,     2,     9,     3
reply ,  325.01870499982033  ,  4087,  3083,  2544,  1917,  2753,  2741,  2035,  2745,   121,  2748
set   ,                      ,  4087,  4085,  1634,  2040,     3,     3,  2035,     2,     9,     3
reply ,  325.62107800185913  ,  4087,  3083,  2544,  1917,  2753,  2741,  2035,  2745,   121,  2748
set   ,                      ,  4087,  4085,  1634,  2040,     3,     3,  2035,     2,     9,     3
reply ,  326.4120849999017   ,  4087,  3083,  2544,  1917,  2753,  2741,  2035,  2745,   121,  2748
set   ,                      ,  4087,  4085,  1634,  2040,     3,     3,  2035,     2,     9,     3
reply ,  327.501072002633    ,  4087,  3083,  2544,  1917,  2753,  2741,  2035,  2745,   121,  2748
set   ,                      ,  4087,  4085,  1634,  2040,     3,     3,  2035,     2,     9,     3
reply ,  328.19369600110804  ,  4087,  3217,  2462,  1917,  2653,  2641,  2035,  2628,   121,  2647
set   ,                      ,  4087,  4085,  1634,  2040,     3,     3,  2035,     2,     9,     3
reply ,  330.5505880016426   ,  4087,  3217,  2462,  1917,  2653,  2641,  2035,  2628,   121,  2647
set   ,                      ,  4087,  4085,  1634,  2040,     3,     3,  2035,     2,     9,     3
reply ,  331.6162310002255   ,  4087,  3217,  2462,  1917,  2653,  2641,  2035,  2628,   121,  2647
set   ,                      ,  4087,  4085,  1634,  2040,     3,     3,  2035,     2,     9,     3
reply ,  332.33163000113564  ,  4087,  3217,  2462,  1917,  2653,  2641,  2035,  2628,   121,  2647
set   ,                      ,  4087,  4085,  1634,  2040,     3,     3,  2035,     2,     9,     3
reply ,  333.47695200063754  ,  4087,  3217,  2462,  1917,  2653,  2641,  2035,  2628,   121,  2647
set   ,                      ,  4087,  4085,  1634,  2040,     3,     3,  2035,     2,     9,     3
reply ,  334.5036130012886   ,  4087,  3217,  2462,  1917,  2653,  2641,  2035,  2628,   121,  2647
set   ,                      ,  4087,  4085,  1634,  2040,     3,     3,  2035,     2,     9,     3
reply ,  335.1387690017873   ,  4087,  3217,  2462,  1917,  2653,  2641,  2035,  2628,   121,  2647
set   ,                      ,  4087,  4085,  1634,  2040,     3,     3,  2035,     2,     9,     3
reply ,  337.62285500051803  ,  4087,  3217,  2462,  1917,  2653,  2641,  2022,  2628,   121,  2647
set   ,                      ,  4087,  4085,  1634,  2040,     3,     3,  2035,     2,     9,     3
reply ,  338.65080300165573  ,  4087,  3343,  2383,  1917,  2545,  2536,  2022,  2526,   121,  2540
set   ,                      ,  4087,  4085,  1634,  2040,     3,     3,  2035,     2,     9,     3
reply ,  339.18267600165564  ,  4087,  3343,  2383,  1917,  2545,  2536,  2022,  2526,   121,  2540
set   ,                      ,  4087,  4085,  1634,  2040,     3,     3,  2035,     2,     9,     3
reply ,  343.18421200077864  ,  4087,  3343,  2383,  1917,  2545,  2536,  2022,  2526,   121,  2540
set   ,                      ,  4087,  4085,  1634,  2040,     3,     3,  2035,     2,     9,     3
reply ,  343.70827000020654  ,  4087,  3343,  2383,  1917,  2545,  2536,  2022,  2526,   121,  2540
set   ,                      ,  4087,  4085,  1634,  2040,     3,     3,  2035,     2,     9,     3
reply ,  344.35972700157436  ,  4087,  3343,  2383,  1917,  2545,  2536,  2022,  2526,   121,  2540
set   ,                      ,  4087,  4085,  1634,  2040,     3,     3,  2035,     2,     9,     3
reply ,  346.5763269996387   ,  4087,  3343,  2383,  1917,  2545,  2536,  2022,  2526,   121,  2540
set   ,                      ,  4087,  4085,  1634,  2040,     3,     3,  2035,     2,     9,     3
reply ,  347.07049899952835  ,  4087,  3343,  2383,  1917,  2545,  2536,  2022,  2526,   121,  2540
set   ,                      ,  4087,  4085,  1634,  2040,     3,     3,  2035,     2,     9,     3
reply ,  347.62619200046174  ,  4087,  3343,  2383,  1917,  2545,  2536,  2022,  2526,   121,  2540
set   ,                      ,  4087,  4085,  1634,  2040,     3,     3,  2035,     2,     9,     3
reply ,  348.1724619996385   ,  4087,  3466,  2306,  1917,  2438,  2432,  2022,  2416,   111,  2431
set   ,                      ,  4087,  4085,  1634,  2040,     3,     3,  2035,     2,     9,     3
reply ,  349.1229770006612   ,  4087,  3466,  2306,  1917,  2438,  2432,  2022,  2416,   111,  2431
set   ,                      ,  4087,  4085,  1634,  2040,     3,     3,  2035,     2,     9,     3
reply ,  350.8539620015654   ,  4087,  3466,  2306,  1917,  2438,  2432,  2022,  2416,   111,  2431
set   ,                      ,  4087,  4085,  1634,  2040,     3,     3,  2035,     2,     9,     3
reply ,  351.3963160003186   ,  4087,  3466,  2306,  1917,  2438,  2432,  2022,  2416,   111,  2431
set   ,                      ,  4087,  4085,  1634,  2040,     3,     3,  2035,     2,     9,     3
reply ,  352.3198870025226   ,  4087,  3466,  2306,  1917,  2438,  2432,  2022,  2416,   111,  2431
set   ,                      ,  4087,  4085,  1634,  2040,     3,     3,  2035,     2,     9,     3
reply ,  353.12006100139115  ,  4087,  3466,  2306,  1917,  2438,  2432,  2022,  2416,   111,  2431
set   ,                      ,  4087,  4085,  1634,  2040,     3,     3,  2035,     2,     9,     3
reply ,  354.85269600030733  ,  4087,  3466,  2306,  1917,  2438,  2432,  2022,  2416,   111,  2431
set   ,                      ,  4087,  4085,  1634,  2040,     3,     3,  2035,     2,     9,     3
reply ,  355.3780620022735   ,  4087,  3466,  2306,  1917,  2438,  2432,  2022,  2416,   111,  2431
set   ,                      ,  4087,  4085,  1634,  2040,     3,     3,  2035,     2,     9,     3
reply ,  357.93192200071644  ,  4087,  3466,  2306,  1917,  2438,  2432,  2035,  2416,   111,  2431
set   ,                      ,  4087,  4085,  1634,  2040,     3,     3,  2035,     2,     9,     3
reply ,  358.9572330020019   ,  4087,  3570,  2235,  1917,  2323,  2323,  2035,  2306,   111,  2321
set   ,                      ,  4087,  4085,  1634,  2040,     3,     3,  2035,     2,     9,     3
reply ,  359.47531400233856  ,  4087,  3570,  2235,  1917,  2323,  2323,  2035,  2306,   111,  2321
set   ,                      ,  4087,  4085,  1634,  2040,     3,     3,  2035,     2,     9,     3
reply ,  360.8677230004105   ,  4087,  3570,  2235,  1917,  2323,  2323,  2035,  2306,   111,  2321
set   ,                      ,  4087,  4085,  1634,  2040,     3,     3,  2035,     2,     9,     3
reply ,  361.41191200295     ,  4087,  3570,  2235,  1917,  2323,  2323,  2035,  2306,   111,  2321
set   ,                      ,  4087,  4085,  1634,  2040,     3,     3,  2035,     2,     9,     3
reply ,  362.3101709999901   ,  4087,  3570,  2235,  1917,  2323,  2323,  2035,  2306,   111,  2321
set   ,                      ,  4087,  4085,  1634,  2040,     3,     3,  2035,     2,     9,     3
reply ,  363.1273829996644   ,  4087,  3570,  2235,  1917,  2323,  2323,  2035,  2306,   111,  2321
set   ,                      ,  4087,  4085,  1634,  2040,     3,     3,  2035,     2,     9,     3
reply ,  364.3212990027678   ,  4087,  3570,  2235,  1917,  2323,  2323,  2035,  2306,   111,  2321
set   ,                      ,  4087,  4085,  1634,  2040,     3,     3,  2035,     2,     9,     3
reply ,  365.82558500231244  ,  4087,  3570,  2235,  1917,  2323,  2323,  2035,  2306,   111,  2321
set   ,                      ,  4087,  4085,  1634,  2040,     3,     3,  2035,     2,     9,     3
reply ,  366.34485600006883  ,  4087,  3570,  2235,  1917,  2323,  2323,  2035,  2306,   111,  2321
set   ,                      ,  4087,  4085,  1634,  2040,     3,     3,  2035,     2,     9,     3
reply ,  368.8304410025012   ,  4087,  3570,  2235,  1917,  2323,  2323,  2035,  2306,   111,  2321
set   ,                      ,  4087,  4085,  1634,  2040,     3,     3,  2035,     2,     9,     3
reply ,  369.8518650016922   ,  4087,  3664,  2172,  1917,  2211,  2213,  2035,  2195,   111,  2210
set   ,                      ,  4087,  4085,  1634,  2040,     3,     3,  2035,     2,     9,     3
reply ,  370.8259619997989   ,  4087,  3664,  2172,  1917,  2211,  2213,  2035,  2195,   111,  2210
set   ,                      ,  4087,  4085,  1634,  2040,     3,     3,  2035,     2,     9,     3
reply ,  371.6510560007009   ,  4087,  3664,  2172,  1917,  2211,  2213,  2035,  2195,   111,  2210
set   ,                      ,  4087,  4085,  1634,  2040,     3,     3,  2035,     2,     9,     3
reply ,  374.2896710027708   ,  4087,  3664,  2172,  1917,  2211,  2213,  2035,  2195,   111,  2210
set   ,                      ,  4087,  4085,  1634,  2040,     3,     3,  2035,     2,     9,     3
reply ,  374.8469929996645   ,  4087,  3664,  2172,  1917,  2211,  2213,  2035,  2195,   111,  2210
set   ,                      ,  4087,  4085,  1634,  2040,     3,     3,  2035,     2,     9,     3
reply ,  375.74592199962353  ,  4087,  3664,  2172,  1917,  2211,  2213,  2035,  2195,   111,  2210
set   ,                      ,  4087,  4085,  1634,  2040,     3,     3,  2035,     2,     9,     3
reply ,  377.49682100184145  ,  4087,  3664,  2172,  1917,  2211,  2213,  2035,  2195,   111,  2210
set   ,                      ,  4087,  4085,  1634,  2040,     3,     3,  2035,     2,     9,     3
reply ,  378.01771399972495  ,  4087,  3664,  2172,  1917,  2211,  2213,  2035,  2195,   111,  2210
set   ,                      ,  4087,  4085,  1634,  2040,     3,     3,  2035,     2,     9,     3
reply ,  378.90101599987247  ,  4087,  3745,  2103,  1917,  2093,  2105,  2035,  2084,   111,  2097
set   ,                      ,  4087,  4085,  1634,  2040,     3,     3,  2035,     2,     9,     3
reply ,  379.43780700152274  ,  4087,  3745,  2103,  1917,  2093,  2105,  2035,  2084,   111,  2097
set   ,                      ,  4087,  4085,  1634,  2040,     3,     3,  2035,     2,     9,     3
reply ,  380.9151320019737   ,  4087,  3745,  2103,  1917,  2093,  2105,  2035,  2084,   111,  2097
set   ,                      ,  4087,  4085,  1634,  2040,     3,     3,  2035,     2,     9,     3
reply ,  381.46715100083384  ,  4087,  3745,  2103,  1917,  2093,  2105,  2035,  2084,   111,  2097
set   ,                      ,  4087,  4085,  1634,  2040,     3,     3,  2035,     2,     9,     3
reply ,  382.3305830010213   ,  4087,  3745,  2103,  1917,  2093,  2105,  2035,  2084,   111,  2097
set   ,                      ,  4087,  4085,  1634,  2040,     3,     3,  2035,     2,     9,     3
reply ,  383.1416499997431   ,  4087,  3745,  2103,  1917,  2093,  2105,  2035,  2084,   111,  2097
set   ,                      ,  4087,  4085,  1634,  2040,     3,     3,  2035,     2,     9,     3
reply ,  384.3334960001812   ,  4087,  3745,  2103,  1917,  2093,  2105,  2035,  2084,   111,  2097
set   ,                      ,  4087,  4085,  1634,  2040,     3,     3,  2035,     2,     9,     3
reply ,  386.8433349998668   ,  4087,  3745,  2103,  1917,  2093,  2105,  2035,  2084,   111,  2097
set   ,                      ,  4087,  4085,  1634,  2040,     3,     3,  2035,     2,     9,     3
reply ,  387.9090800000995   ,  4087,  3745,  2103,  1917,  2093,  2105,  2035,  2084,   111,  2097
set   ,                      ,  4087,  4085,  1634,  2040,     3,     3,  2035,     2,     9,     3
reply ,  388.42776200181106  ,  4087,  3827,  2044,  1917,  1976,  1992,  2035,  1970,   111,  1971
set   ,                      ,  4087,  4085,  1634,  2040,     3,     3,  2035,     2,     9,     3
reply ,  389.7770590010623   ,  4087,  3827,  2044,  1917,  1976,  1992,  2035,  1970,   111,  1971
set   ,                      ,  4087,  4085,  1634,  2040,     3,     3,  2035,     2,     9,     3
reply ,  390.87767000091844  ,  4087,  3827,  2044,  1917,  1976,  1992,  2035,  1970,   111,  1971
set   ,                      ,  4087,  4085,  1634,  2040,     3,     3,  2035,     2,     9,     3
reply ,  391.4819920028094   ,  4087,  3827,  2044,  1917,  1976,  1992,  2035,  1970,   111,  1971
set   ,                      ,  4087,  4085,  1634,  2040,     3,     3,  2035,     2,     9,     3
reply ,  392.3145510016184   ,  4087,  3827,  2044,  1917,  1976,  1992,  2035,  1970,   111,  1971
set   ,                      ,  4087,  4085,  1634,  2040,     3,     3,  2035,     2,     9,     3
reply ,  393.1308790015464   ,  4087,  3827,  2044,  1917,  1976,  1992,  2035,  1970,   111,  1971
set   ,                      ,  4087,  4085,  1634,  2040,     3,     3,  2035,     2,     9,     3
reply ,  394.3426340010774   ,  4087,  3827,  2044,  1917,  1976,  1992,  2035,  1970,   111,  1971
set   ,                      ,  4087,  4085,  1634,  2040,     3,     3,  2035,     2,     9,     3
reply ,  396.78969500164385  ,  4087,  3827,  2044,  1917,  1976,  1992,  2035,  1970,   111,  1971
set   ,                      ,  4087,  4085,  1634,  2040,     3,     3,  2035,     2,     9,     3
reply ,  397.8576760018768   ,  4087,  3827,  2044,  1917,  1976,  1992,  2035,  1970,   111,  1971
set   ,                      ,  4087,  4085,  1634,  2040,     3,     3,  2035,     2,     9,     3
reply ,  398.37753500250983  ,  4087,  3894,  1991,  1917,  1857,  1879,  2035,  1854,   111,  1853
set   ,                      ,  4087,  4085,  1634,  2040,     3,     3,  2035,     2,     9,     3
reply ,  399.61623800263624  ,  4087,  3894,  1991,  1917,  1857,  1879,  2035,  1854,   111,  1853
set   ,                      ,  4087,  4085,  1634,  2040,     3,     3,  2035,     2,     9,     3
reply ,  400.82315200197627  ,  4087,  3894,  1991,  1917,  1857,  1879,  2035,  1854,   111,  1853
set   ,                      ,  4087,  4085,  1634,  2040,     3,     3,  2035,     2,     9,     3
reply ,  401.4245930011384   ,  4087,  3894,  1991,  1917,  1857,  1879,  2035,  1854,   111,  1853
set   ,                      ,  4087,  4085,  1634,  2040,     3,     3,  2035,     2,     9,     3
reply ,  403.60209900245536  ,  4087,  3894,  1991,  1917,  1857,  1879,  2035,  1854,   111,  1853
set   ,                      ,  4087,  4085,  1634,  2040,     3,     3,  2035,     2,     9,     3
reply ,  404.6318610016897   ,  4087,  3894,  1991,  1917,  1857,  1879,  2035,  1854,   111,  1853
set   ,                      ,  4087,  4085,  1634,  2040,     3,     3,  2035,     2,     9,     3
reply ,  405.16521300014574  ,  4087,  3894,  1991,  1917,  1857,  1879,  2035,  1854,   111,  1853
set   ,                      ,  4087,  4085,  1634,  2040,     3,     3,  2035,     2,     9,     3
reply ,  406.3958980004827   ,  4087,  3894,  1991,  1917,  1857,  1879,  2035,  1854,   111,  1853
set   ,                      ,  4087,  4085,  1634,  2040,     3,     3,  2035,     2,     9,     3
reply ,  407.41042900117463  ,  4087,  3894,  1991,  1917,  1857,  1879,  2035,  1854,   111,  1853
set   ,                      ,  4087,  4085,  1634,  2040,     3,     3,  2035,     2,     9,     3
reply ,  408.2037580010365   ,  4087,  3950,  1940,  1917,  1736,  1753,  2035,  1740,   111,  1736
set   ,                      ,  4087,  4085,  1634,  2040,     3,     3,  2035,     2,     9,     3
reply ,  410.38544200273464  ,  4087,  3950,  1940,  1917,  1736,  1753,  2035,  1740,   111,  1736
set   ,                      ,  4087,  4085,  1634,  2040,     3,     3,  2035,     2,     9,     3
reply ,  411.36541800005944  ,  4087,  3950,  1940,  1917,  1736,  1753,  2035,  1740,   111,  1736
set   ,                      ,  4087,  4085,  1634,  2040,     3,     3,  2035,     2,     9,     3
reply ,  411.90782800185843  ,  4087,  3950,  1940,  1917,  1736,  1753,  2035,  1740,   111,  1736
set   ,                      ,  4087,  4085,  1634,  2040,     3,     3,  2035,     2,     9,     3
reply ,  413.1729440014169   ,  4087,  3950,  1940,  1917,  1736,  1753,  2035,  1740,   111,  1736
set   ,                      ,  4087,  4085,  1634,  2040,     3,     3,  2035,     2,     9,     3
reply ,  415.7192570019106   ,  4087,  3950,  1940,  1917,  1736,  1753,  2035,  1740,   111,  1736
set   ,                      ,  4087,  4085,  1634,  2040,     3,     3,  2035,     2,     9,     3
reply ,  416.3221010021516   ,  4087,  3950,  1940,  1917,  1736,  1753,  2035,  1740,   111,  1736
set   ,                      ,  4087,  4085,  1634,  2040,     3,     3,  2035,     2,     9,     3
reply ,  417.1916830018745   ,  4087,  3950,  1940,  1917,  1736,  1753,  2035,  1740,   111,  1736
set   ,                      ,  4087,  4085,  1634,  2040,     3,     3,  2035,     2,     9,     3
reply ,  418.99829800240695  ,  4087,  3995,  1893,  1917,  1619,  1638,  2035,  1623,   111,  1616
set   ,                      ,  4087,  4085,  1634,  2040,     3,     3,  2035,     2,     9,     3
reply ,  419.5135059999302   ,  4087,  3995,  1893,  1917,  1619,  1638,  2035,  1623,   111,  1616
set   ,                      ,  4087,  4085,  1634,  2040,     3,     3,  2035,     2,     9,     3
reply ,  420.83044000173686  ,  4087,  3995,  1893,  1917,  1619,  1638,  2035,  1623,   111,  1616
set   ,                      ,  4087,  4085,  1634,  2040,     3,     3,  2035,     2,     9,     3
reply ,  421.40028799985885  ,  4087,  3995,  1893,  1917,  1619,  1638,  2035,  1623,   111,  1616
set   ,                      ,  4087,  4085,  1634,  2040,     3,     3,  2035,     2,     9,     3
reply ,  422.3470520009869   ,  4087,  3995,  1893,  1917,  1619,  1638,  2035,  1623,   111,  1616
set   ,                      ,  4087,  4085,  1634,  2040,     3,     3,  2035,     2,     9,     3
reply ,  423.4095400024671   ,  4087,  3995,  1893,  1917,  1619,  1638,  2035,  1623,   111,  1616
set   ,                      ,  4087,  4085,  1634,  2040,     3,     3,  2035,     2,     9,     3
reply ,  424.3588630015438   ,  4087,  3995,  1893,  1917,  1619,  1638,  2035,  1623,   111,  1616
set   ,                      ,  4087,  4085,  1634,  2040,     3,     3,  2035,     2,     9,     3
reply ,  425.1252150024811   ,  4087,  3995,  1893,  1917,  1619,  1638,  2035,  1623,   111,  1616
set   ,                      ,  4087,  4085,  1634,  2040,     3,     3,  2035,     2,     9,     3
reply ,  426.3051430025371   ,  4087,  3995,  1893,  1917,  1619,  1638,  2035,  1623,   111,  1616
set   ,                      ,  4087,  4085,  1634,  2040,     3,     3,  2035,     2,     9,     3
reply ,  427.12549600037164  ,  4087,  3995,  1893,  1917,  1619,  1638,  2035,  1623,   111,  1616
set   ,                      ,  4087,  4085,  1634,  2040,     3,     3,  2035,     2,     9,     3
reply ,  429.45870000039577  ,  4087,  4036,  1855,  1917,  1500,  1524,  2035,  1499,   111,  1499
set   ,                      ,  4087,  4085,  1634,  2040,     3,     3,  2035,     2,     9,     3
reply ,  429.96999800016056  ,  4087,  4036,  1855,  1917,  1500,  1524,  2035,  1499,   111,  1499
set   ,                      ,  4087,  4085,  1634,  2040,     3,     3,  2035,     2,     9,     3
reply ,  430.80999300218537  ,  4087,  4036,  1855,  1917,  1500,  1524,  2035,  1499,   111,  1499
set   ,                      ,  4087,  4085,  1634,  2040,     3,     3,  2035,     2,     9,     3
reply ,  431.3827090008999   ,  4087,  4036,  1855,  1917,  1500,  1524,  2035,  1499,   111,  1499
set   ,                      ,  4087,  4085,  1634,  2040,     3,     3,  2035,     2,     9,     3
reply ,  432.7589890017407   ,  4087,  4036,  1855,  1917,  1500,  1524,  2035,  1499,   111,  1499
set   ,                      ,  4087,  4085,  1634,  2040,     3,     3,  2035,     2,     9,     3
reply ,  433.29280100078904  ,  4087,  4036,  1855,  1917,  1500,  1524,  2035,  1499,   111,  1499
set   ,                      ,  4087,  4085,  1634,  2040,     3,     3,  2035,     2,     9,     3
reply ,  434.34381000042777  ,  4087,  4036,  1855,  1917,  1500,  1524,  2035,  1499,   111,  1499
set   ,                      ,  4087,  4085,  1634,  2040,     3,     3,  2035,     2,     9,     3
reply ,  435.21196599976975  ,  4087,  4036,  1855,  1917,  1500,  1524,  2035,  1499,   111,  1499
set   ,                      ,  4087,  4085,  1634,  2040,     3,     3,  2035,     2,     9,     3
reply ,  437.0010349994118   ,  4087,  4036,  1855,  1917,  1500,  1524,  2035,  1499,   111,  1499
set   ,                      ,  4087,  4085,  1634,  2040,     3,     3,  2035,     2,     9,     3
reply ,  437.5446570011263   ,  4087,  4036,  1855,  1917,  1500,  1524,  2035,  1499,   111,  1499
set   ,                      ,  4087,  4085,  1634,  2040,     3,     3,  2035,     2,     9,     3
reply ,  440.05012799971155  ,  4087,  4055,  1817,  1917,  1394,  1410,  2035,  1386,   111,  1383
set   ,                      ,  4087,  4085,  1634,  2040,     3,     3,  2035,     2,     9,     3
reply ,  441.4259030018002   ,  4087,  4055,  1817,  1917,  1394,  1410,  2035,  1386,   111,  1383
set   ,                      ,  4087,  4085,  1634,  2040,     3,     3,  2035,     2,     9,     3
reply ,  441.93920800171327  ,  4087,  4055,  1817,  1917,  1394,  1410,  2035,  1386,   111,  1383
set   ,                      ,  4087,  4085,  1634,  2040,     3,     3,  2035,     2,     9,     3
reply ,  443.2222850009566   ,  4087,  4055,  1817,  1917,  1394,  1410,  2035,  1386,   111,  1383
set   ,                      ,  4087,  4085,  1634,  2040,     3,     3,  2035,     2,     9,     3
reply ,  445.93741800053976  ,  4087,  4055,  1817,  1917,  1394,  1410,  2035,  1386,   111,  1383
set   ,                      ,  4087,  4085,  1634,  2040,     3,     3,  2035,     2,     9,     3
reply ,  446.46421300058137  ,  4087,  4055,  1817,  1917,  1394,  1410,  2035,  1386,   111,  1383
set   ,                      ,  4087,  4085,  1634,  2040,     3,     3,  2035,     2,     9,     3
reply ,  447.2819639995578   ,  4087,  4055,  1817,  1917,  1394,  1410,  2035,  1386,   111,  1383
set   ,                      ,  4087,  4085,  1634,  2040,     3,     3,  2035,     2,     9,     3
reply ,  449.0666920028161   ,  4087,  4062,  1770,  1917,  1287,  1301,  2035,  1281,   111,  1277
set   ,                      ,  4087,  4085,  1634,  2040,     3,     3,  2035,     2,     9,     3
reply ,  449.578231000487    ,  4087,  4062,  1770,  1917,  1287,  1301,  2035,  1281,   111,  1277
set   ,                      ,  4087,  4085,  1634,  2040,     3,     3,  2035,     2,     9,     3
reply ,  450.8823690011923   ,  4087,  4062,  1770,  1917,  1287,  1301,  2035,  1281,   111,  1277
set   ,                      ,  4087,  4085,  1634,  2040,     3,     3,  2035,     2,     9,     3
reply ,  451.4169829999446   ,  4087,  4062,  1770,  1917,  1287,  1301,  2035,  1281,   111,  1277
set   ,                      ,  4087,  4085,  1634,  2040,     3,     3,  2035,     2,     9,     3
reply ,  452.32884399956674  ,  4087,  4062,  1770,  1917,  1287,  1301,  2035,  1281,   111,  1277
set   ,                      ,  4087,  4085,  1634,  2040,     3,     3,  2035,     2,     9,     3
reply ,  453.1557549998979   ,  4087,  4062,  1770,  1917,  1287,  1301,  2035,  1281,   111,  1277
set   ,                      ,  4087,  4085,  1634,  2040,     3,     3,  2035,     2,     9,     3
reply ,  454.3193080025958   ,  4087,  4062,  1770,  1917,  1287,  1301,  2035,  1281,   111,  1277
set   ,                      ,  4087,  4085,  1634,  2040,     3,     3,  2035,     2,     9,     3
reply ,  455.13105600184645  ,  4087,  4062,  1770,  1917,  1287,  1301,  2035,  1281,   111,  1277
set   ,                      ,  4087,  4085,  1634,  2040,     3,     3,  2035,     2,     9,     3
reply ,  456.35279300040565  ,  4087,  4062,  1770,  1917,  1287,  1301,  2035,  1281,   111,  1277
set   ,                      ,  4087,  4085,  1634,  2040,     3,     3,  2035,     2,     9,     3
reply ,  457.12142100092024  ,  4087,  4062,  1770,  1917,  1287,  1301,  2035,  1281,   111,  1277
set   ,                      ,  4087,  4085,  1634,  2040,     3,     3,  2035,     2,     9,     3
reply ,  458.2029600023816   ,  4087,  4055,  1739,  1917,  1184,  1198,  2035,  1180,   111,  1177
set   ,                      ,  4087,  4085,  1634,  2040,     3,     3,  2035,     2,     9,     3
reply ,  459.14252100192243  ,  4087,  4055,  1739,  1917,  1184,  1198,  2035,  1180,   111,  1177
set   ,                      ,  4087,  4085,  1634,  2040,     3,     3,  2035,     2,     9,     3
reply ,  462.05408400055603  ,  4087,  4055,  1739,  1917,  1184,  1198,  2035,  1180,   111,  1177
set   ,                      ,  4087,  4085,  1634,  2040,     3,     3,  2035,     2,     9,     3
reply ,  463.322652001807    ,  4087,  4055,  1739,  1917,  1184,  1198,  2035,  1180,   111,  1177
set   ,                      ,  4087,  4085,  1634,  2040,     3,     3,  2035,     2,     9,     3
reply ,  463.8427940008114   ,  4087,  4055,  1739,  1917,  1184,  1198,  2035,  1180,   111,  1177
set   ,                      ,  4087,  4085,  1634,  2040,     3,     3,  2035,     2,     9,     3
reply ,  464.375937001023    ,  4087,  4055,  1739,  1917,  1184,  1198,  2035,  1180,   111,  1177
set   ,                      ,  4087,  4085,  1634,  2040,     3,     3,  2035,     2,     9,     3
reply ,  465.29411200026516  ,  4087,  4055,  1739,  1917,  1184,  1198,  2035,  1180,   111,  1177
set   ,                      ,  4087,  4085,  1634,  2040,     3,     3,  2035,     2,     9,     3
reply ,  466.30669300066074  ,  4087,  4055,  1739,  1917,  1184,  1198,  2035,  1180,   111,  1177
set   ,                      ,  4087,  4085,  1634,  2040,     3,     3,  2035,     2,     9,     3
reply ,  467.15481499995803  ,  4087,  4055,  1739,  1917,  1184,  1198,  2035,  1180,   111,  1177
set   ,                      ,  4087,  4085,  1634,  2040,     3,     3,  2035,     2,     9,     3
reply ,  468.17400900181383  ,  4087,  4055,  1710,  1917,  1089,  1100,  2035,  1088,   111,  1085
set   ,                      ,  4087,  4085,  1634,  2040,     3,     3,  2035,     2,     9,     3
reply ,  469.127437001589    ,  4087,  4055,  1710,  1917,  1089,  1100,  2035,  1088,   111,  1085
set   ,                      ,  4087,  4085,  1634,  2040,     3,     3,  2035,     2,     9,     3
reply ,  470.8775190010783   ,  4087,  4055,  1710,  1917,  1089,  1100,  2035,  1088,   111,  1085
set   ,                      ,  4087,  4085,  1634,  2040,     3,     3,  2035,     2,     9,     3
reply ,  473.0879640010244   ,  4087,  4055,  1710,  1917,  1089,  1100,  2035,  1088,   111,  1085
set   ,                      ,  4087,  4085,  1634,  2040,     3,     3,  2035,     2,     9,     3
reply ,  474.3466569998418   ,  4087,  4055,  1710,  1917,  1089,  1100,  2035,  1088,   111,  1085
set   ,                      ,  4087,  4085,  1634,  2040,     3,     3,  2035,     2,     9,     3
reply ,  474.8707150029077   ,  4087,  4055,  1710,  1917,  1089,  1100,  2035,  1088,   111,  1085
set   ,                      ,  4087,  4085,  1634,  2040,     3,     3,  2035,     2,     9,     3
reply ,  475.43222500098636  ,  4087,  4055,  1710,  1917,  1089,  1100,  2035,  1088,   111,  1085
set   ,                      ,  4087,  4085,  1634,  2040,     3,     3,  2035,     2,     9,     3
reply ,  476.3114810011757   ,  4087,  4055,  1710,  1917,  1089,  1100,  2035,  1088,   111,  1085
set   ,                      ,  4087,  4085,  1634,  2040,     3,     3,  2035,     2,     9,     3
reply ,  477.385977999802    ,  4087,  4055,  1710,  1917,  1089,  1100,  2035,  1088,   111,  1085
set   ,                      ,  4087,  4085,  1634,  2040,     3,     3,  2035,     2,     9,     3
reply ,  478.1926400028169   ,  4087,  4047,  1690,  1917,  1002,  1010,  2035,  1000,   111,   994
set   ,                      ,  4087,  4085,  1634,  2040,     3,     3,  2035,     2,     9,     3
reply ,  480.2781450016482   ,  4087,  4047,  1690,  1917,  1002,  1010,  2035,  1000,   111,   994
set   ,                      ,  4087,  4085,  1634,  2040,     3,     3,  2035,     2,     9,     3
reply ,  481.3168710024911   ,  4087,  4047,  1690,  1917,  1002,  1010,  2035,  1000,   111,   994
set   ,                      ,  4087,  4085,  1634,  2040,     3,     3,  2035,     2,     9,     3
reply ,  481.86987200097064  ,  4087,  4047,  1690,  1917,  1002,  1010,  2035,  1000,   111,   994
set   ,                      ,  4087,  4085,  1634,  2040,     3,     3,  2035,     2,     9,     3
reply ,  483.09956199955195  ,  4087,  4047,  1690,  1917,  1002,  1010,  2035,  1000,   111,   994
set   ,                      ,  4087,  4085,  1634,  2040,     3,     3,  2035,     2,     9,     3
reply ,  484.13556900050025  ,  4087,  4047,  1690,  1917,  1002,  1010,  2035,  1000,   111,   994
set   ,                      ,  4087,  4085,  1634,  2040,     3,     3,  2035,     2,     9,     3
reply ,  484.6713680017274   ,  4087,  4047,  1690,  1917,  1002,  1010,  2035,  1000,   111,   994
set   ,                      ,  4087,  4085,  1634,  2040,     3,     3,  2035,     2,     9,     3
reply ,  487.0944989997952   ,  4087,  4047,  1690,  1917,  1002,  1010,  2035,  1000,   111,   994
set   ,                      ,  4087,  4085,  1634,  2040,     3,     3,  2035,     2,     9,     3
reply ,  488.13231700114557  ,  4087,  4047,  1690,  1917,  1002,  1010,  2035,  1000,   111,   994
set   ,                      ,  4087,  4085,  1634,  2040,     3,     3,  2035,     2,     9,     3
reply ,  488.6690160019498   ,  4087,  4051,  1674,  1917,   921,   923,  2035,   917,   111,   912
set   ,                      ,  4087,  4085,  1634,  2040,     3,     3,  2035,     2,     9,     3
reply ,  489.19065900190617  ,  4087,  4051,  1674,  1917,   921,   923,  2035,   917,   111,   912
set   ,                      ,  4087,  4085,  1634,  2040,     3,     3,  2035,     2,     9,     3
reply ,  492.5139040024078   ,  4087,  4051,  1674,  1917,   921,   923,  2035,   917,   111,   912
set   ,                      ,  4087,  4085,  1634,  2040,     3,     3,  2035,     2,     9,     3
reply ,  493.0457059999753   ,  4087,  4051,  1674,  1917,   921,   923,  2035,   917,   111,   912
set   ,                      ,  4087,  4085,  1634,  2040,     3,     3,  2035,     2,     9,     3
reply ,  493.61000700082514  ,  4087,  4051,  1674,  1917,   921,   923,  2035,   917,   111,   912
set   ,                      ,  4087,  4085,  1634,  2040,     3,     3,  2035,     2,     9,     3
reply ,  495.77774200224667  ,  4087,  4051,  1674,  1917,   921,   923,  2035,   917,   111,   912
set   ,                      ,  4087,  4085,  1634,  2040,     3,     3,  2035,     2,     9,     3
reply ,  496.3188600013382   ,  4087,  4051,  1674,  1917,   921,   923,  2035,   917,   111,   912
set   ,                      ,  4087,  4085,  1634,  2040,     3,     3,  2035,     2,     9,     3
reply ,  497.1168789998046   ,  4087,  4051,  1674,  1917,   921,   923,  2035,   917,   111,   912
set   ,                      ,  4087,  4085,  1634,  2040,     3,     3,  2035,     2,     9,     3
reply ,  498.2063070019649   ,  4087,  4055,  1662,  1917,   839,   842,  2035,   836,   111,   826
set   ,                      ,  4087,  4085,  1634,  2040,     3,     3,  2035,     2,     9,     3
reply ,  499.13850400116644  ,  4087,  4055,  1662,  1917,   839,   842,  2035,   836,   111,   826
set   ,                      ,  4087,  4085,  1634,  2040,     3,     3,  2035,     2,     9,     3
reply ,  500.83575200187624  ,  4087,  4055,  1662,  1917,   839,   842,  2035,   836,   111,   826
set   ,                      ,  4087,  4085,  1634,  2040,     3,     3,  2035,     2,     9,     3
reply ,  501.40282600114006  ,  4087,  4055,  1662,  1917,   839,   842,  2035,   836,   111,   826
set   ,                      ,  4087,  4085,  1634,  2040,     3,     3,  2035,     2,     9,     3
reply ,  502.33110200133524  ,  4087,  4055,  1662,  1917,   839,   842,  2035,   836,   111,   826
set   ,                      ,  4087,  4085,  1634,  2040,     3,     3,  2035,     2,     9,     3
reply ,  503.11255500128027  ,  4087,  4055,  1662,  1917,   839,   842,  2035,   836,   111,   826
set   ,                      ,  4087,  4085,  1634,  2040,     3,     3,  2035,     2,     9,     3
reply ,  504.9717130023055   ,  4087,  4055,  1662,  1917,   839,   842,  2035,   836,   111,   826
set   ,                      ,  4087,  4085,  1634,  2040,     3,     3,  2035,     2,     9,     3
reply ,  505.4963000002317   ,  4087,  4055,  1662,  1917,   839,   842,  2035,   836,   111,   826
set   ,                      ,  4087,  4085,  1634,  2040,     3,     3,  2035,     2,     9,     3
reply ,  508.1023710008594   ,  4087,  4055,  1662,  1917,   839,   842,  2035,   836,   111,   826
set   ,                      ,  4087,  4085,  1634,  2040,     3,     3,  2035,     2,     9,     3
reply ,  509.30845699986094  ,  4087,  4055,  1657,  1917,   766,   766,  2035,   760,   111,   753
set   ,                      ,  4087,  4085,  1634,  2040,     3,     3,  2035,     2,     9,     3
reply ,  509.9089420000382   ,  4087,  4055,  1657,  1917,   766,   766,  2035,   760,   111,   753
set   ,                      ,  4087,  4085,  1634,  2040,     3,     3,  2035,     2,     9,     3
reply ,  511.2977270000556   ,  4087,  4055,  1657,  1917,   766,   766,  2035,   760,   111,   753
set   ,                      ,  4087,  4085,  1634,  2040,     3,     3,  2035,     2,     9,     3
reply ,  511.8561600029352   ,  4087,  4055,  1657,  1917,   766,   766,  2035,   760,   111,   753
set   ,                      ,  4087,  4085,  1634,  2040,     3,     3,  2035,     2,     9,     3
reply ,  512.4034210020909   ,  4087,  4055,  1657,  1917,   766,   766,  2035,   760,   111,   753
set   ,                      ,  4087,  4085,  1634,  2040,     3,     3,  2035,     2,     9,     3
reply ,  513.1421180012694   ,  4087,  4055,  1657,  1917,   766,   766,  2035,   760,   111,   753
set   ,                      ,  4087,  4085,  1634,  2040,     3,     3,  2035,     2,     9,     3
reply ,  514.3177440004365   ,  4087,  4055,  1657,  1917,   766,   766,  2035,   760,   111,   753
set   ,                      ,  4087,  4085,  1634,  2040,     3,     3,  2035,     2,     9,     3
reply ,  515.1199249994534   ,  4087,  4055,  1657,  1917,   766,   766,  2035,   760,   111,   753
set   ,                      ,  4087,  4085,  1634,  2040,     3,     3,  2035,     2,     9,     3
reply ,  516.2959350018355   ,  4087,  4055,  1657,  1917,   766,   766,  2035,   760,   111,   753
set   ,                      ,  4087,  4085,  1634,  2040,     3,     3,  2035,     2,     9,     3
reply ,  517.1764790029556   ,  4087,  4055,  1657,  1917,   766,   766,  2035,   760,   111,   753
set   ,                      ,  4087,  4085,  1634,  2040,     3,     3,  2035,     2,     9,     3
reply ,  519.2069340009766   ,  4087,  4055,  1651,  1917,   696,   693,  2035,   684,   111,   683
set   ,                      ,  4087,  4085,  1634,  2040,     3,     3,  2035,     2,     9,     3
reply ,  520.4653210021206   ,  4087,  4055,  1651,  1917,   696,   693,  2035,   684,   111,   683
set   ,                      ,  4087,  4085,  1634,  2040,     3,     3,  2035,     2,     9,     3
reply ,  520.9901490015909   ,  4087,  4055,  1651,  1917,   696,   693,  2035,   684,   111,   683
set   ,                      ,  4087,  4085,  1634,  2040,     3,     3,  2035,     2,     9,     3
reply ,  521.6009940013464   ,  4087,  4055,  1651,  1917,   696,   693,  2035,   684,   111,   683
set   ,                      ,  4087,  4085,  1634,  2040,     3,     3,  2035,     2,     9,     3
reply ,  522.5312410002516   ,  4087,  4055,  1651,  1917,   696,   693,  2035,   684,   111,   683
set   ,                      ,  4087,  4085,  1634,  2040,     3,     3,  2035,     2,     9,     3
reply ,  525.2149640000425   ,  4087,  4055,  1651,  1917,   696,   693,  2035,   684,   111,   683
set   ,                      ,  4087,  4085,  1634,  2040,     3,     3,  2035,     2,     9,     3
reply ,  525.7322400029807   ,  4087,  4055,  1651,  1917,   696,   693,  2035,   684,   111,   683
set   ,                      ,  4087,  4085,  1634,  2040,     3,     3,  2035,     2,     9,     3
reply ,  526.6000289993826   ,  4087,  4055,  1651,  1917,   696,   693,  2035,   684,   111,   683
set   ,                      ,  4087,  4085,  1634,  2040,     3,     3,  2035,     2,     9,     3
reply ,  528.3676220024063   ,  4087,  4055,  1651,  1917,   696,   693,  2035,   684,   111,   683
set   ,                      ,  4087,  4085,  1634,  2040,     3,     3,  2035,     2,     9,     3
reply ,  528.8616380021267   ,  4087,  4055,  1651,  1917,   626,   620,  2035,   618,   111,   617
set   ,                      ,  4087,  4085,  1634,  2040,     3,     3,  2035,     2,     9,     3
reply ,  529.4259790025535   ,  4087,  4055,  1651,  1917,   626,   620,  2035,   618,   111,   617
set   ,                      ,  4087,  4085,  1634,  2040,     3,     3,  2035,     2,     9,     3
reply ,  530.8280130011553   ,  4087,  4055,  1651,  1917,   626,   620,  2035,   618,   111,   617
set   ,                      ,  4087,  4085,  1634,  2040,     3,     3,  2035,     2,     9,     3
reply ,  531.3774480018765   ,  4087,  4055,  1651,  1917,   626,   620,  2035,   618,   111,   617
set   ,                      ,  4087,  4085,  1634,  2040,     3,     3,  2035,     2,     9,     3
reply ,  532.3081990027276   ,  4087,  4055,  1651,  1917,   626,   620,  2035,   618,   111,   617
set   ,                      ,  4087,  4085,  1634,  2040,     3,     3,  2035,     2,     9,     3
reply ,  533.1201500011957   ,  4087,  4055,  1651,  1917,   626,   620,  2035,   618,   111,   617
set   ,                      ,  4087,  4085,  1634,  2040,     3,     3,  2035,     2,     9,     3
reply ,  534.3193320004502   ,  4087,  4055,  1651,  1917,   626,   620,  2035,   618,   111,   617
set   ,                      ,  4087,  4085,  1634,  2040,     3,     3,  2035,     2,     9,     3
reply ,  535.1153280025756   ,  4087,  4055,  1651,  1917,   626,   620,  2035,   618,   111,   617
set   ,                      ,  4087,  4085,  1634,  2040,     3,     3,  2035,     2,     9,     3
reply ,  536.3315520007745   ,  4087,  4055,  1651,  1917,   626,   620,  2035,   618,   111,   617
set   ,                      ,  4087,  4085,  1634,  2040,     3,     3,  2035,     2,     9,     3
reply ,  537.1141670002544   ,  4087,  4055,  1651,  1917,   626,   620,  2035,   618,   111,   617
set   ,                      ,  4087,  4085,  1634,  2040,     3,     3,  2035,     2,     9,     3
reply ,  539.0603930027282   ,  4087,  4058,  1647,  1917,   564,   555,  2035,   554,   111,   552
set   ,                      ,  4087,  4085,  1634,  2040,     3,     3,  2035,     2,     9,     3
reply ,  540.291110999533    ,  4087,  4058,  1647,  1917,   564,   555,  2035,   554,   111,   552
set   ,                      ,  4087,  4085,  1634,  2040,     3,     3,  2035,     2,     9,     3
reply ,  540.8596580018639   ,  4087,  4058,  1647,  1917,   564,   555,  2035,   554,   111,   552
set   ,                      ,  4087,  4085,  1634,  2040,     3,     3,  2035,     2,     9,     3
reply ,  541.4025829995808   ,  4087,  4058,  1647,  1917,   564,   555,  2035,   554,   111,   552
set   ,                      ,  4087,  4085,  1634,  2040,     3,     3,  2035,     2,     9,     3
reply ,  542.2923500009347   ,  4087,  4058,  1647,  1917,   564,   555,  2035,   554,   111,   552
set   ,                      ,  4087,  4085,  1634,  2040,     3,     3,  2035,     2,     9,     3
reply ,  543.1387490025372   ,  4087,  4058,  1647,  1917,   564,   555,  2035,   554,   111,   552
set   ,                      ,  4087,  4085,  1634,  2040,     3,     3,  2035,     2,     9,     3
reply ,  544.3446330027655   ,  4087,  4058,  1647,  1917,   564,   555,  2035,   554,   111,   552
set   ,                      ,  4087,  4085,  1634,  2040,     3,     3,  2035,     2,     9,     3
reply ,  545.1136810006574   ,  4087,  4058,  1647,  1917,   564,   555,  2035,   554,   111,   552
set   ,                      ,  4087,  4085,  1634,  2040,     3,     3,  2035,     2,     9,     3
reply ,  546.3086890013074   ,  4087,  4058,  1647,  1917,   564,   555,  2035,   554,   111,   552
set   ,                      ,  4087,  4085,  1634,  2040,     3,     3,  2035,     2,     9,     3
reply ,  547.1363930009829   ,  4087,  4058,  1647,  1917,   564,   555,  2035,   554,   111,   552
set   ,                      ,  4087,  4085,  1634,  2040,     3,     3,  2035,     2,     9,     3
reply ,  549.165376000019    ,  4087,  4058,  1647,  1917,   504,   490,  2035,   488,   111,   492
set   ,                      ,  4087,  4085,  1634,  2040,     3,     3,  2035,     2,     9,     3
reply ,  549.6733880027023   ,  4087,  4058,  1647,  1917,   504,   490,  2035,   488,   111,   492
set   ,                      ,  4087,  4085,  1634,  2040,     3,     3,  2035,     2,     9,     3
reply ,  550.8957199999713   ,  4087,  4058,  1647,  1917,   504,   490,  2035,   488,   111,   492
set   ,                      ,  4087,  4085,  1634,  2040,     3,     3,  2035,     2,     9,     3
reply ,  551.4333410028485   ,  4087,  4058,  1647,  1917,   504,   490,  2035,   488,   111,   492
set   ,                      ,  4087,  4085,  1634,  2040,     3,     3,  2035,     2,     9,     3
reply ,  552.508510001644    ,  4087,  4058,  1647,  1917,   504,   490,  2035,   488,   111,   492
set   ,                      ,  4087,  4085,  1634,  2040,     3,     3,  2035,     2,     9,     3
reply ,  553.6161150012049   ,  4087,  4058,  1647,  1917,   504,   490,  2035,   488,   111,   492
set   ,                      ,  4087,  4085,  1634,  2040,     3,     3,  2035,     2,     9,     3
reply ,  554.3356100024539   ,  4087,  4058,  1647,  1917,   504,   490,  2035,   488,   111,   492
set   ,                      ,  4087,  4085,  1634,  2040,     3,     3,  2035,     2,     9,     3
reply ,  556.635245000507    ,  4087,  4058,  1647,  1917,   504,   490,  2035,   488,   111,   492
set   ,                      ,  4087,  4085,  1634,  2040,     3,     3,  2035,     2,     9,     3
reply ,  557.71154499962     ,  4087,  4058,  1647,  1917,   504,   490,  2035,   488,   111,   492
set   ,                      ,  4087,  4085,  1634,  2040,     3,     3,  2035,     2,     9,     3
reply ,  558.2702380015689   ,  4087,  4058,  1647,  1917,   443,   434,  2035,   433,   111,   437
set   ,                      ,  4087,  4085,  1634,  2040,     3,     3,  2035,     2,     9,     3
reply ,  559.56751100166     ,  4087,  4058,  1647,  1917,   443,   434,  2035,   433,   111,   437
set   ,                      ,  4087,  4085,  1634,  2040,     3,     3,  2035,     2,     9,     3
reply ,  560.8455530018546   ,  4087,  4058,  1647,  1917,   443,   434,  2035,   433,   111,   437
set   ,                      ,  4087,  4085,  1634,  2040,     3,     3,  2035,     2,     9,     3
reply ,  561.4493030006997   ,  4087,  4058,  1647,  1917,   443,   434,  2035,   433,   111,   437
set   ,                      ,  4087,  4085,  1634,  2040,     3,     3,  2035,     2,     9,     3
reply ,  563.6309149995213   ,  4087,  4058,  1647,  1917,   443,   434,  2035,   433,   111,   437
set   ,                      ,  4087,  4085,  1634,  2040,     3,     3,  2035,     2,     9,     3
reply ,  564.7057189999032   ,  4087,  4058,  1647,  1917,   443,   434,  2035,   433,   111,   437
set   ,                      ,  4087,  4085,  1634,  2040,     3,     3,  2035,     2,     9,     3
reply ,  565.2831410006911   ,  4087,  4058,  1647,  1917,   443,   434,  2035,   433,   111,   437
set   ,                      ,  4087,  4085,  1634,  2040,     3,     3,  2035,     2,     9,     3
reply ,  566.5798830013955   ,  4087,  4058,  1647,  1917,   443,   434,  2035,   433,   111,   437
set   ,                      ,  4087,  4085,  1634,  2040,     3,     3,  2035,     2,     9,     3
reply ,  569.159894999757    ,  4087,  4058,  1647,  1917,   443,   434,  2035,   433,   111,   437
set   ,                      ,  4087,  4085,  1634,  2040,     3,     3,  2035,     2,     9,     3
reply ,  569.7472450010537   ,  4087,  4058,  1647,  1917,   387,   380,  2035,   377,   111,   384
set   ,                      ,  4087,  4085,  1634,  2040,     3,     3,  2035,     2,     9,     3
reply ,  570.853329001693    ,  4087,  4058,  1647,  1917,   387,   380,  2035,   377,   111,   384
set   ,                      ,  4087,  4085,  1634,  2040,     3,     3,  2035,     2,     9,     3
reply ,  572.4805660029233   ,  4087,  4058,  1647,  1917,   387,   380,  2035,   377,   111,   384
set   ,                      ,  4087,  4085,  1634,  2040,     3,     3,  2035,     2,     9,     3
reply ,  572.9995729998336   ,  4087,  4058,  1647,  1917,   387,   380,  2035,   377,   111,   384
set   ,                      ,  4087,  4085,  1634,  2040,     3,     3,  2035,     2,     9,     3
reply ,  573.5705890001555   ,  4087,  4058,  1647,  1917,   387,   380,  2035,   377,   111,   384
set   ,                      ,  4087,  4085,  1634,  2040,     3,     3,  2035,     2,     9,     3
reply ,  574.3498670017289   ,  4087,  4058,  1647,  1917,   387,   380,  2035,   377,   111,   384
set   ,                      ,  4087,  4085,  1634,  2040,     3,     3,  2035,     2,     9,     3
reply ,  575.1461660001951   ,  4087,  4058,  1647,  1917,   387,   380,  2035,   377,   111,   384
set   ,                      ,  4087,  4085,  1634,  2040,     3,     3,  2035,     2,     9,     3
reply ,  576.3426129997242   ,  4087,  4058,  1647,  1917,   387,   380,  2035,   377,   111,   384
set   ,                      ,  4087,  4085,  1634,  2040,     3,     3,  2035,     2,     9,     3
reply ,  577.155823000794    ,  4087,  4058,  1647,  1917,   387,   380,  2035,   377,   111,   384
set   ,                      ,  4087,  4085,  1634,  2040,     3,     3,  2035,     2,     9,     3
reply ,  578.2123060016602   ,  4087,  4058,  1647,  1917,   340,   329,  2035,   327,   111,   334
set   ,                      ,  4087,  4085,  1634,  2040,     3,     3,  2035,     2,     9,     3
reply ,  579.1332040025736   ,  4087,  4058,  1647,  1917,   340,   329,  2035,   327,   111,   334
set   ,                      ,  4087,  4085,  1634,  2040,     3,     3,  2035,     2,     9,     3
reply ,  580.8450969998376   ,  4087,  4058,  1647,  1917,   340,   329,  2035,   327,   111,   334
set   ,                      ,  4087,  4085,  1634,  2040,     3,     3,  2035,     2,     9,     3
reply ,  581.4520390013058   ,  4087,  4058,  1647,  1917,   340,   329,  2035,   327,   111,   334
set   ,                      ,  4087,  4085,  1634,  2040,     3,     3,  2035,     2,     9,     3
reply ,  582.3328389997187   ,  4087,  4058,  1647,  1917,   340,   329,  2035,   327,   111,   334
set   ,                      ,  4087,  4085,  1634,  2040,     3,     3,  2035,     2,     9,     3
reply ,  583.1353650028177   ,  4087,  4058,  1647,  1917,   340,   329,  2035,   327,   111,   334
set   ,                      ,  4087,  4085,  1634,  2040,     3,     3,  2035,     2,     9,     3
reply ,  584.2967589996988   ,  4087,  4058,  1647,  1917,   340,   329,  2035,   327,   111,   334
set   ,                      ,  4087,  4085,  1634,  2040,     3,     3,  2035,     2,     9,     3
reply ,  585.121722000622    ,  4087,  4058,  1647,  1917,   340,   329,  2035,   327,   111,   334
set   ,                      ,  4087,  4085,  1634,  2040,     3,     3,  2035,     2,     9,     3
reply ,  587.3348269997223   ,  4087,  4058,  1647,  1917,   340,   329,  2035,   327,   111,   334
set   ,                      ,  4087,  4085,  1634,  2040,     3,     3,  2035,     2,     9,     3
reply ,  588.5560980023001   ,  4087,  4058,  1647,  1917,   340,   329,  2035,   327,   111,   334
set   ,                      ,  4087,  4085,  1634,  2040,     3,     3,  2035,     2,     9,     3
reply ,  589.0742110022984   ,  4087,  4058,  1647,  1917,   286,   282,  2035,   279,   111,   288
set   ,                      ,  4087,  4085,  1634,  2040,     3,     3,  2035,     2,     9,     3
reply ,  589.6676770025806   ,  4087,  4058,  1647,  1917,   286,   282,  2035,   279,   111,   288
set   ,                      ,  4087,  4085,  1634,  2040,     3,     3,  2035,     2,     9,     3
reply ,  590.8253859997785   ,  4087,  4058,  1647,  1917,   286,   282,  2035,   279,   111,   288
set   ,                      ,  4087,  4085,  1634,  2040,     3,     3,  2035,     2,     9,     3
reply ,  591.4193630014779   ,  4087,  4058,  1647,  1917,   286,   282,  2035,   279,   111,   288
set   ,                      ,  4087,  4085,  1634,  2040,     3,     3,  2035,     2,     9,     3
reply ,  592.3248600010993   ,  4087,  4058,  1647,  1917,   286,   282,  2035,   279,   111,   288
set   ,                      ,  4087,  4085,  1634,  2040,     3,     3,  2035,     2,     9,     3
reply ,  593.1767120018776   ,  4087,  4058,  1647,  1917,   286,   282,  2035,   279,   111,   288
set   ,                      ,  4087,  4085,  1634,  2040,     3,     3,  2035,     2,     9,     3
reply ,  594.3156380017172   ,  4087,  4058,  1647,  1917,   286,   282,  2035,   279,   111,   288
set   ,                      ,  4087,  4085,  1634,  2040,     3,     3,  2035,     2,     9,     3
reply ,  595.154000002367    ,  4087,  4058,  1647,  1917,   286,   282,  2035,   279,   111,   288
set   ,                      ,  4087,  4085,  1634,  2040,     3,     3,  2035,     2,     9,     3
reply ,  598.1965050013969   ,  4087,  4058,  1647,  1917,   286,   282,  2035,   279,   111,   288
set   ,                      ,  4087,  4085,  1634,  2040,     3,     3,  2035,     2,     9,     3
reply ,  599.4385900012276   ,  4087,  4058,  1647,  1917,   241,   238,  2035,   236,   111,   244
set   ,                      ,  4087,  4085,  1634,  2040,     3,     3,  2035,     2,     9,     3
reply ,  599.9682729998312   ,  4087,  4058,  1647,  1917,   241,   238,  2035,   236,   111,   244
set   ,                      ,  4087,  4085,  1634,  2040,     3,     3,  2035,     2,     9,     3
reply ,  601.4042099996004   ,  4087,  4058,  1647,  1917,   241,   238,  2035,   236,   111,   244
set   ,                      ,  4087,  4085,  1634,  2040,     3,     3,  2035,     2,     9,     3
reply ,  604.102329001762    ,  4087,  4058,  1647,  1917,   241,   238,  2035,   236,   111,   244
set   ,                      ,  4087,  4085,  1634,  2040,     3,     3,  2035,     2,     9,     3
reply ,  604.6079350016953   ,  4087,  4058,  1647,  1917,   241,   238,  2035,   236,   111,   244
set   ,                      ,  4087,  4085,  1634,  2040,     3,     3,  2035,     2,     9,     3
reply ,  605.509618002543    ,  4087,  4058,  1647,  1917,   241,   238,  2035,   236,   111,   244
set   ,                      ,  4087,  4085,  1634,  2040,     3,     3,  2035,     2,     9,     3
reply ,  607.2080859994458   ,  4087,  4058,  1647,  1917,   241,   238,  2035,   236,   111,   244
set   ,                      ,  4087,  4085,  1634,  2040,     3,     3,  2035,     2,     9,     3
reply ,  607.7374240012432   ,  4087,  4058,  1647,  1917,   241,   238,  2035,   236,   111,   244
set   ,                      ,  4087,  4085,  1634,  2040,     3,     3,  2035,     2,     9,     3
reply ,  608.5714140026539   ,  4087,  4058,  1647,  1917,   200,   198,  2035,   194,   111,   206
set   ,                      ,  4087,  4085,  1634,  2040,     3,     3,  2035,     2,     9,     3
reply ,  609.1143300000113   ,  4087,  4058,  1647,  1917,   200,   198,  2035,   194,   111,   206
set   ,                      ,  4087,  4085,  1634,  2040,     3,     3,  2035,     2,     9,     3
reply ,  610.8670169996913   ,  4087,  4058,  1647,  1917,   200,   198,  2035,   194,   111,   206
set   ,                      ,  4087,  4085,  1634,  2040,     3,     3,  2035,     2,     9,     3
reply ,  611.3947720004944   ,  4087,  4058,  1647,  1917,   200,   198,  2035,   194,   111,   206
set   ,                      ,  4087,  4085,  1634,  2040,     3,     3,  2035,     2,     9,     3
reply ,  612.3259430023609   ,  4087,  4058,  1647,  1917,   200,   198,  2035,   194,   111,   206
set   ,                      ,  4087,  4085,  1634,  2040,     3,     3,  2035,     2,     9,     3
reply ,  613.1475090005551   ,  4087,  4058,  1647,  1917,   200,   198,  2035,   194,   111,   206
set   ,                      ,  4087,  4085,  1634,  2040,     3,     3,  2035,     2,     9,     3
reply ,  614.3049320016871   ,  4087,  4058,  1647,  1917,   200,   198,  2035,   194,   111,   206
set   ,                      ,  4087,  4085,  1634,  2040,     3,     3,  2035,     2,     9,     3
reply ,  615.1225560024614   ,  4087,  4058,  1647,  1917,   200,   198,  2035,   194,   111,   206
set   ,                      ,  4087,  4085,  1634,  2040,     3,     3,  2035,     2,     9,     3
reply ,  617.4813780016848   ,  4087,  4058,  1647,  1917,   200,   198,  2035,   194,   111,   206
set   ,                      ,  4087,  4085,  1634,  2040,     3,     3,  2035,     2,     9,     3
reply ,  618.6975800010259   ,  4087,  4058,  1647,  1917,   200,   198,  2035,   194,   111,   206
set   ,                      ,  4087,  4085,  1634,  2040,     3,     3,  2035,     2,     9,     3
reply ,  619.2104330002621   ,  4087,  4058,  1647,  1917,   165,   163,  2035,   157,   111,   166
set   ,                      ,  4087,  4085,  1634,  2040,     3,     3,  2035,     2,     9,     3
reply ,  620.8155860003899   ,  4087,  4058,  1647,  1917,   165,   163,  2035,   157,   111,   166
set   ,                      ,  4087,  4085,  1634,  2040,     3,     3,  2035,     2,     9,     3
reply ,  621.3917280001624   ,  4087,  4058,  1647,  1917,   165,   163,  2035,   157,   111,   166
set   ,                      ,  4087,  4085,  1634,  2040,     3,     3,  2035,     2,     9,     3
reply ,  622.3208470000827   ,  4087,  4058,  1647,  1917,   165,   163,  2035,   157,   111,   166
set   ,                      ,  4087,  4085,  1634,  2040,     3,     3,  2035,     2,     9,     3
reply ,  623.1506050025928   ,  4087,  4058,  1647,  1917,   165,   163,  2035,   157,   111,   166
set   ,                      ,  4087,  4085,  1634,  2040,     3,     3,  2035,     2,     9,     3
reply ,  624.285868001607    ,  4087,  4058,  1647,  1917,   165,   163,  2035,   157,   111,   166
set   ,                      ,  4087,  4085,  1634,  2040,     3,     3,  2035,     2,     9,     3
reply ,  625.0924340019992   ,  4087,  4058,  1647,  1917,   165,   163,  2035,   157,   111,   166
set   ,                      ,  4087,  4085,  1634,  2040,     3,     3,  2035,     2,     9,     3
reply ,  627.2714120023011   ,  4087,  4058,  1647,  1917,   165,   163,  2035,   157,   111,   166
set   ,                      ,  4087,  4085,  1634,  2040,     3,     3,  2035,     2,     9,     3
reply ,  627.8124300006311   ,  4087,  4058,  1647,  1917,   165,   163,  2035,   157,   111,   166
set   ,                      ,  4087,  4085,  1634,  2040,     3,     3,  2035,     2,     9,     3
reply ,  628.5433330012893   ,  4087,  4058,  1647,  1917,   136,   133,  2035,   127,   111,   134
set   ,                      ,  4087,  4085,  1634,  2040,     3,     3,  2035,     2,     9,     3
reply ,  629.1080270020757   ,  4087,  4058,  1647,  1917,   136,   133,  2035,   127,   111,   134
set   ,                      ,  4087,  4085,  1634,  2040,     3,     3,  2035,     2,     9,     3
reply ,  630.838354001753    ,  4087,  4058,  1647,  1917,   136,   133,  2035,   127,   111,   134
set   ,                      ,  4087,  4085,  1634,  2040,     3,     3,  2035,     2,     9,     3
reply ,  631.6828540002462   ,  4087,  4058,  1647,  1917,   136,   133,  2035,   127,   111,   134
set   ,                      ,  4087,  4085,  1634,  2040,     3,     3,  2035,     2,     9,     3
reply ,  632.3219030018663   ,  4087,  4058,  1647,  1917,   136,   133,  2035,   127,   111,   134
set   ,                      ,  4087,  4085,  1634,  2040,     3,     3,  2035,     2,     9,     3
reply ,  634.5857250016707   ,  4087,  4058,  1647,  1917,   136,   133,  2035,   127,   111,   134
set   ,                      ,  4087,  4085,  1634,  2040,     3,     3,  2035,     2,     9,     3
reply ,  635.7487200002652   ,  4087,  4058,  1647,  1917,   136,   133,  2035,   127,   111,   134
set   ,                      ,  4087,  4085,  1634,  2040,     3,     3,  2035,     2,     9,     3
reply ,  636.3322750003135   ,  4087,  4058,  1647,  1917,   136,   133,  2035,   127,   111,   134
set   ,                      ,  4087,  4085,  1634,  2040,     3,     3,  2035,     2,     9,     3
reply ,  637.1314320022066   ,  4087,  4058,  1647,  1917,   136,   133,  2035,   127,   111,   134
set   ,                      ,  4087,  4085,  1634,  2040,     3,     3,  2035,     2,     9,     3
reply ,  638.5606830008328   ,  4087,  4058,  1647,  1917,   105,   102,  2035,    98,   111,   105
set   ,                      ,  4087,  4085,  1634,  2040,     3,     3,  2035,     2,     9,     3
reply ,  639.7399330016924   ,  4087,  4058,  1647,  1917,   105,   102,  2035,    98,   111,   105
set   ,                      ,  4087,  4085,  1634,  2040,     3,     3,  2035,     2,     9,     3
reply ,  640.8320129994536   ,  4087,  4058,  1647,  1917,   105,   102,  2035,    98,   111,   105
set   ,                      ,  4087,  4085,  1634,  2040,     3,     3,  2035,     2,     9,     3
reply ,  642.8801580004802   ,  4087,  4058,  1647,  1917,   105,   102,  2035,    98,   111,   105
set   ,                      ,  4087,  4085,  1634,  2040,     3,     3,  2035,     2,     9,     3
reply ,  643.3975250001822   ,  4087,  4058,  1647,  1917,   105,   102,  2035,    98,   111,   105
set   ,                      ,  4087,  4085,  1634,  2040,     3,     3,  2035,     2,     9,     3
reply ,  644.6717140024703   ,  4087,  4058,  1647,  1917,   105,   102,  2035,    98,   111,   105
set   ,                      ,  4087,  4085,  1634,  2040,     3,     3,  2035,     2,     9,     3
reply ,  645.2047070015396   ,  4087,  4058,  1647,  1917,   105,   102,  2035,    98,   111,   105
set   ,                      ,  4087,  4085,  1634,  2040,     3,     3,  2035,     2,     9,     3
reply ,  646.3067540025804   ,  4087,  4058,  1647,  1917,   105,   102,  2035,    98,   111,   105
set   ,                      ,  4087,  4085,  1634,  2040,     3,     3,  2035,     2,     9,     3
reply ,  647.270022000157    ,  4087,  4058,  1647,  1917,   105,   102,  2035,    98,   111,   105
set   ,                      ,  4087,  4085,  1634,  2040,     3,     3,  2035,     2,     9,     3
reply ,  648.193908000394    ,  4087,  4058,  1647,  1917,    78,    76,  2035,    74,   111,    78
set   ,                      ,  4087,  4085,  1634,  2040,     3,     3,  2035,     2,     9,     3
reply ,  650.2725410027779   ,  4087,  4058,  1647,  1917,    78,    76,  2035,    74,   111,    78
set   ,                      ,  4087,  4085,  1634,  2040,     3,     3,  2035,     2,     9,     3
reply ,  651.402899002278    ,  4087,  4058,  1647,  1917,    78,    76,  2035,    74,   111,    78
set   ,                      ,  4087,  4085,  1634,  2040,     3,     3,  2035,     2,     9,     3
reply ,  651.949016002618    ,  4087,  4058,  1647,  1917,    78,    76,  2035,    74,   111,    78
set   ,                      ,  4087,  4085,  1634,  2040,     3,     3,  2035,     2,     9,     3
reply ,  652.5111020018812   ,  4087,  4058,  1647,  1917,    78,    76,  2035,    74,   111,    78
set   ,                      ,  4087,  4085,  1634,  2040,     3,     3,  2035,     2,     9,     3
reply ,  653.2796530009364   ,  4087,  4058,  1647,  1917,    78,    76,  2035,    74,   111,    78
set   ,                      ,  4087,  4085,  1634,  2040,     3,     3,  2035,     2,     9,     3
reply ,  654.4796870002756   ,  4087,  4058,  1647,  1917,    78,    76,  2035,    74,   111,    78
set   ,                      ,  4087,  4085,  1634,  2040,     3,     3,  2035,     2,     9,     3
reply ,  655.141896000714    ,  4087,  4058,  1647,  1917,    78,    76,  2035,    74,   111,    78
set   ,                      ,  4087,  4085,  1634,  2040,     3,     3,  2035,     2,     9,     3
reply ,  657.6638610022201   ,  4087,  4058,  1647,  1917,    78,    76,  2035,    74,   111,    78
set   ,                      ,  4087,  4085,  1634,  2040,     3,     3,  2035,     2,     9,     3
reply ,  658.9107470026647   ,  4087,  4058,  1647,  1917,    55,    52,  2035,    54,   111,    59
set   ,                      ,  4087,  4085,  1634,  2040,     3,     3,  2035,     2,     9,     3
reply ,  659.4615220019477   ,  4087,  4058,  1647,  1917,    55,    52,  2035,    54,   111,    59
set   ,                      ,  4087,  4085,  1634,  2040,     3,     3,  2035,     2,     9,     3
reply ,  660.8500740003365   ,  4087,  4058,  1647,  1917,    55,    52,  2035,    54,   111,    59
set   ,                      ,  4087,  4085,  1634,  2040,     3,     3,  2035,     2,     9,     3
reply ,  663.6118040005385   ,  4087,  4058,  1647,  1917,    55,    52,  2035,    54,   111,    59
set   ,                      ,  4087,  4085,  1634,  2040,     3,     3,  2035,     2,     9,     3
reply ,  664.3365090021689   ,  4087,  4058,  1647,  1917,    55,    52,  2035,    54,   111,    59
set   ,                      ,  4087,  4085,  1634,  2040,     3,     3,  2035,     2,     9,     3
reply ,  665.1323940022849   ,  4087,  4058,  1647,  1917,    55,    52,  2035,    54,   111,    59
set   ,                      ,  4087,  4085,  1634,  2040,     3,     3,  2035,     2,     9,     3
reply ,  666.8980560025375   ,  4087,  4058,  1647,  1917,    55,    52,  2035,    54,   111,    59
set   ,                      ,  4087,  4085,  1634,  2040,     3,     3,  2035,     2,     9,     3
reply ,  667.3979560000589   ,  4087,  4058,  1647,  1917,    55,    52,  2035,    54,   111,    59
set   ,                      ,  4087,  4085,  1634,  2040,     3,     3,  2035,     2,     9,     3
reply ,  668.1854460002796   ,  4087,  4058,  1647,  1917,    38,    36,  2035,    38,   111,    43
set   ,                      ,  4087,  4085,  1634,  2040,     3,     3,  2035,     2,     9,     3
reply ,  669.1100690004532   ,  4087,  4058,  1647,  1917,    38,    36,  2035,    38,   111,    43
set   ,                      ,  4087,  4085,  1634,  2040,     3,     3,  2035,     2,     9,     3
reply ,  670.3485020007065   ,  4087,  4058,  1647,  1917,    38,    36,  2035,    38,   111,    43
set   ,                      ,  4087,  4085,  1634,  2040,     3,     3,  2035,     2,     9,     3
reply ,  671.3277110029594   ,  4087,  4058,  1647,  1917,    38,    36,  2035,    38,   111,    43
set   ,                      ,  4087,  4085,  1634,  2040,     3,     3,  2035,     2,     9,     3
reply ,  672.156349002762    ,  4087,  4058,  1647,  1917,    38,    36,  2035,    38,   111,    43
set   ,                      ,  4087,  4085,  1634,  2040,     3,     3,  2035,     2,     9,     3
reply ,  673.3075430020108   ,  4087,  4058,  1647,  1917,    38,    36,  2035,    38,   111,    43
set   ,                      ,  4087,  4085,  1634,  2040,     3,     3,  2035,     2,     9,     3
reply ,  674.1295570027432   ,  4087,  4058,  1647,  1917,    38,    36,  2035,    38,   111,    43
set   ,                      ,  4087,  4085,  1634,  2040,     3,     3,  2035,     2,     9,     3
reply ,  675.9830020018853   ,  4087,  4058,  1647,  1917,    38,    36,  2035,    38,   111,    43
set   ,                      ,  4087,  4085,  1634,  2040,     3,     3,  2035,     2,     9,     3
reply ,  676.4839130009932   ,  4087,  4058,  1647,  1917,    38,    36,  2035,    38,   111,    43
set   ,                      ,  4087,  4085,  1634,  2040,     3,     3,  2035,     2,     9,     3
reply ,  677.1580230015388   ,  4087,  4058,  1647,  1917,    27,    26,  2035,    24,   111,    33
set   ,                      ,  4087,  4085,  1634,  2040,     3,     3,  2035,     2,     9,     3
reply ,  679.223285002081    ,  4087,  4058,  1647,  1917,    27,    26,  2035,    24,   111,    33
set   ,                      ,  4087,  4085,  1634,  2040,     3,     3,  2035,     2,     9,     3
reply ,  679.6933620025811   ,  4087,  4058,  1647,  1917,    27,    26,  2035,    24,   111,    33
set   ,                      ,  4087,  4085,  1634,  2040,     3,     3,  2035,     2,     9,     3
reply ,  680.4625600016152   ,  4087,  4058,  1647,  1917,    27,    26,  2035,    24,   111,    33
set   ,                      ,  4087,  4085,  1634,  2040,     3,     3,  2035,     2,     9,     3
reply ,  681.306978000066    ,  4087,  4058,  1647,  1917,    27,    26,  2035,    24,   111,    33
set   ,                      ,  4087,  4085,  1634,  2040,     3,     3,  2035,     2,     9,     3
reply ,  682.4675170028058   ,  4087,  4058,  1647,  1917,    27,    26,  2035,    24,   111,    33
set   ,                      ,  4087,  4085,  1634,  2040,     3,     3,  2035,     2,     9,     3
reply ,  683.3010680020379   ,  4087,  4058,  1647,  1917,    27,    26,  2035,    24,   111,    33
set   ,                      ,  4087,  4085,  1634,  2040,     3,     3,  2035,     2,     9,     3
reply ,  684.1275050028344   ,  4087,  4058,  1647,  1917,    27,    26,  2035,    24,   111,    33
set   ,                      ,  4087,  4085,  1634,  2040,     3,     3,  2035,     2,     9,     3
reply ,  685.3041909998865   ,  4087,  4058,  1647,  1917,    27,    26,  2035,    24,   111,    33
set   ,                      ,  4087,  4085,  1634,  2040,     3,     3,  2035,     2,     9,     3
reply ,  686.18058300126     ,  4087,  4058,  1647,  1917,    27,    26,  2035,    24,   111,    33
set   ,                      ,  4087,  4085,  1634,  2040,     3,     3,  2035,     2,     9,     3
reply ,  687.1792880010616   ,  4087,  4058,  1647,  1917,    19,    17,  2035,    17,   111,    26
set   ,                      ,  4087,  4085,  1634,  2040,     3,     3,  2035,     2,     9,     3
reply ,  689.3439840023348   ,  4087,  4058,  1647,  1917,    19,    17,  2035,    17,   111,    26
set   ,                      ,  4087,  4085,  1634,  2040,     3,     3,  2035,     2,     9,     3
reply ,  689.9123930015776   ,  4087,  4058,  1647,  1917,    19,    17,  2035,    17,   111,    26
set   ,                      ,  4087,  4085,  1634,  2040,     3,     3,  2035,     2,     9,     3
reply ,  691.3545470015379   ,  4087,  4058,  1647,  1917,    19,    17,  2035,    17,   111,    26
set   ,                      ,  4087,  4085,  1634,  2040,     3,     3,  2035,     2,     9,     3
reply ,  692.8472010004043   ,  4087,  4058,  1647,  1917,    19,    17,  2035,    17,   111,    26
set   ,                      ,  4087,  4085,  1634,  2040,     3,     3,  2035,     2,     9,     3
reply ,  695.5949520015565   ,  4087,  4058,  1647,  1917,    19,    17,  2035,    17,   111,    26
set   ,                      ,  4087,  4085,  1634,  2040,     3,     3,  2035,     2,     9,     3
reply ,  696.1387560004368   ,  4087,  4058,  1647,  1917,    19,    17,  2035,    17,   111,    26
set   ,                      ,  4087,  4085,  1634,  2040,     3,     3,  2035,     2,     9,     3
reply ,  697.1677850015112   ,  4087,  4058,  1647,  1917,    14,    11,  2035,    11,   111,    23
set   ,                      ,  4087,  4085,  1634,  2040,     3,     3,  2035,     2,     9,     3
reply ,  698.8870410023083   ,  4087,  4058,  1647,  1917,    14,    11,  2035,    11,   111,    23
set   ,                      ,  4087,  4085,  1634,  2040,     3,     3,  2035,     2,     9,     3
reply ,  699.3976960002328   ,  4087,  4058,  1647,  1917,    14,    11,  2035,    11,   111,    23
set   ,                      ,  4087,  4085,  1634,  2040,     3,     3,  2035,     2,     9,     3
reply ,  700.3923280026356   ,  4087,  4058,  1647,  1917,    14,    11,  2035,    11,   111,    23
set   ,                      ,  4087,  4085,  1634,  2040,     3,     3,  2035,     2,     9,     3
reply ,  701.3000370025111   ,  4087,  4058,  1647,  1917,    14,    11,  2035,    11,   111,    23
set   ,                      ,  4087,  4085,  1634,  2040,     3,     3,  2035,     2,     9,     3
reply ,  702.1106070023961   ,  4087,  4058,  1647,  1917,    14,    11,  2035,    11,   111,    23
set   ,                      ,  4087,  4085,  1634,  2040,     3,     3,  2035,     2,     9,     3
reply ,  703.323702000489    ,  4087,  4058,  1647,  1917,    14,    11,  2035,    11,   111,    23
set   ,                      ,  4087,  4085,  1634,  2040,     3,     3,  2035,     2,     9,     3
reply ,  704.138758002955    ,  4087,  4058,  1647,  1917,    14,    11,  2035,    11,   111,    23
set   ,                      ,  4087,  4085,  1634,  2040,     3,     3,  2035,     2,     9,     3
reply ,  705.3049599999213   ,  4087,  4058,  1647,  1917,    14,    11,  2035,    11,   111,    23
set   ,                      ,  4087,  4085,  1634,  2040,     3,     3,  2035,     2,     9,     3
reply ,  706.3249640013964   ,  4087,  4058,  1647,  1917,    14,    11,  2035,    11,   111,    23
set   ,                      ,  4087,  4085,  1634,  2040,     3,     3,  2035,     2,     9,     3
reply ,  707.1592310021515   ,  4087,  4058,  1647,  1917,     8,     8,  2035,     8,   111,    20
set   ,                      ,  4087,  4085,  1634,  2040,     3,     3,  2035,     2,     9,     3
reply ,  709.4653950007341   ,  4087,  4058,  1647,  1917,     8,     8,  2035,     8,   111,    20
set   ,                      ,  4087,  4085,  1634,  2040,     3,     3,  2035,     2,     9,     3
reply ,  709.9611200028448   ,  4087,  4058,  1647,  1917,     8,     8,  2035,     8,   111,    20
set   ,                      ,  4087,  4085,  1634,  2040,     3,     3,  2035,     2,     9,     3
reply ,  710.7558040006552   ,  4087,  4058,  1647,  1917,     8,     8,  2035,     8,   111,    20
set   ,                      ,  4087,  4085,  1634,  2040,     3,     3,  2035,     2,     9,     3
reply ,  711.2892879995343   ,  4087,  4058,  1647,  1917,     8,     8,  2035,     8,   111,    20
set   ,                      ,  4087,  4085,  1634,  2040,     3,     3,  2035,     2,     9,     3
reply ,  712.7956069998618   ,  4087,  4058,  1647,  1917,     8,     8,  2035,     8,   111,    20
set   ,                      ,  4087,  4085,  1634,  2040,     3,     3,  2035,     2,     9,     3
reply ,  713.3065270027146   ,  4087,  4058,  1647,  1917,     8,     8,  2035,     8,   111,    20
set   ,                      ,  4087,  4085,  1634,  2040,     3,     3,  2035,     2,     9,     3
reply ,  714.1311980012688   ,  4087,  4058,  1647,  1917,     8,     8,  2035,     8,   111,    20
set   ,                      ,  4087,  4085,  1634,  2040,     3,     3,  2035,     2,     9,     3
reply ,  715.2842169998621   ,  4087,  4058,  1647,  1917,     8,     8,  2035,     8,   111,    20
set   ,                      ,  4087,  4085,  1634,  2040,     3,     3,  2035,     2,     9,     3
reply ,  716.1349020025227   ,  4087,  4058,  1647,  1917,     8,     8,  2035,     8,   111,    20
set   ,                      ,  4087,  4085,  1634,  2040,     3,     3,  2035,     2,     9,     3
reply ,  717.1593109997048   ,  4087,  4058,  1647,  1917,     8,     8,  2035,     5,   111,    17
set   ,                      ,  4087,  4085,  1634,  2040,     3,     3,  2035,     2,     9,     3
reply ,  718.1225980020827   ,  4087,  4058,  1647,  1917,     8,     8,  2035,     5,   111,    17
set   ,                      ,  4087,  4085,  1634,  2040,     3,     3,  2035,     2,     9,     3
reply ,  720.2964400021301   ,  4087,  4058,  1647,  1917,     8,     8,  2035,     5,   111,    17
set   ,                      ,  4087,  4085,  1634,  2040,     3,     3,  2035,     2,     9,     3
reply ,  720.797901001788    ,  4087,  4058,  1647,  1917,     8,     8,  2035,     5,   111,    17
set   ,                      ,  4087,  4085,  1634,  2040,     3,     3,  2035,     2,     9,     3
reply ,  721.6237730026478   ,  4087,  4058,  1647,  1917,     8,     8,  2035,     5,   111,    17
set   ,                      ,  4087,  4085,  1634,  2040,     3,     3,  2035,     2,     9,     3
reply ,  722.1492380012933   ,  4087,  4058,  1647,  1917,     8,     8,  2035,     5,   111,    17
set   ,                      ,  4087,  4085,  1634,  2040,     3,     3,  2035,     2,     9,     3
reply ,  723.7104730011197   ,  4087,  4058,  1647,  1917,     8,     8,  2035,     5,   111,    17
set   ,                      ,  4087,  4085,  1634,  2040,     3,     3,  2035,     2,     9,     3
reply ,  724.9840500007849   ,  4087,  4058,  1647,  1917,     8,     8,  2035,     5,   111,    17
set   ,                      ,  4087,  4085,  1634,  2040,     3,     3,  2035,     2,     9,     3
reply ,  725.4692429996794   ,  4087,  4058,  1647,  1917,     8,     8,  2035,     5,   111,    17
set   ,                      ,  4087,  4085,  1634,  2040,     3,     3,  2035,     2,     9,     3
reply ,  727.9952520002553   ,  4087,  4058,  1647,  1917,     8,     8,  2035,     5,   111,    17
set   ,                      ,  4087,  4085,  1634,  2040,     3,     3,  2035,     2,     9,     3
reply ,  729.0751620021183   ,  4087,  4058,  1647,  1917,     5,     5,  2035,     5,   111,    17
set   ,                      ,  4087,  4085,  1634,  2040,     3,     3,  2035,     2,     9,     3
reply ,  729.583800999535    ,  4087,  4058,  1647,  1917,     5,     5,  2035,     5,   111,    17
set   ,                      ,  4087,  4085,  1634,  2040,     3,     3,  2035,     2,     9,     3
reply ,  730.9897869999986   ,  4087,  4058,  1647,  1917,     5,     5,  2035,     5,   111,    17
set   ,                      ,  4087,  4085,  1634,  2040,     3,     3,  2035,     2,     9,     3
reply ,  732.1334410007694   ,  4087,  4058,  1647,  1917,     5,     5,  2035,     5,   111,    17
set   ,                      ,  4087,  4085,  1634,  2040,     3,     3,  2035,     2,     9,     3
reply ,  732.7224470027431   ,  4087,  4058,  1647,  1917,     5,     5,  2035,     5,   111,    17
set   ,                      ,  4087,  4085,  1634,  2040,     3,     3,  2035,     2,     9,     3
reply ,  735.1834830005828   ,  4087,  4058,  1647,  1917,     5,     5,  2035,     5,   111,    17
set   ,                      ,  4087,  4085,  1634,  2040,     3,     3,  2035,     2,     9,     3
reply ,  736.2490750019788   ,  4087,  4058,  1647,  1917,     5,     5,  2035,     5,   111,    17
set   ,                      ,  4087,  4085,  1634,  2040,     3,     3,  2035,     2,     9,     3
reply ,  736.8175789997622   ,  4087,  4058,  1647,  1917,     5,     5,  2035,     5,   111,    17
set   ,                      ,  4087,  4085,  1634,  2040,     3,     3,  2035,     2,     9,     3
reply ,  737.3481979993812   ,  4087,  4058,  1647,  1917,     5,     5,  2035,     5,   111,    17
set   ,                      ,  4087,  4085,  1634,  2040,     3,     3,  2035,     2,     9,     3
reply ,  738.1669640017208   ,  4087,  4058,  1647,  1917,     5,     5,  2035,     5,   111,    17
set   ,                      ,  4087,  4085,  1634,  2040,     3,     3,  2035,     2,     9,     3
reply ,  740.7604430009087   ,  4087,  4058,  1647,  1917,     5,     5,  2035,     5,   111,    17
set   ,                      ,  4087,  4085,  1634,  2040,     3,     3,  2035,     2,     9,     3
reply ,  741.3159250027093   ,  4087,  4058,  1647,  1917,     5,     5,  2035,     5,   111,    17
set   ,                      ,  4087,  4085,  1634,  2040,     3,     3,  2035,     2,     9,     3
reply ,  742.16293200152     ,  4087,  4058,  1647,  1917,     5,     5,  2035,     5,   111,    17
set   ,                      ,  4087,  4085,  1634,  2040,     3,     3,  2035,     2,     9,     3
reply ,  744.0326040014043   ,  4087,  4058,  1647,  1917,     5,     5,  2035,     5,   111,    17
set   ,                      ,  4087,  4085,  1634,  2040,     3,     3,  2035,     2,     9,     3
reply ,  744.5437730020785   ,  4087,  4058,  1647,  1917,     5,     5,  2035,     5,   111,    17
set   ,                      ,  4087,  4085,  1634,  2040,     3,     3,  2035,     2,     9,     3
reply ,  745.3150470028049   ,  4087,  4058,  1647,  1917,     5,     5,  2035,     5,   111,    17
set   ,                      ,  4087,  4085,  1634,  2040,     3,     3,  2035,     2,     9,     3
reply ,  746.1279849994753   ,  4087,  4058,  1647,  1917,     5,     5,  2035,     5,   111,    17
set   ,                      ,  4087,  4085,  1634,  2040,     3,     3,  2035,     2,     9,     3
reply ,  747.1958410023944   ,  4087,  4058,  1647,  1917,     5,     5,  2035,     2,   111,    17
set   ,                      ,  4087,  4085,  1634,  2040,     3,     3,  2035,     2,     9,     3
reply ,  748.1345720007084   ,  4087,  4058,  1647,  1917,     5,     5,  2035,     2,   111,    17
set   ,                      ,  4087,  4085,  1634,  2040,     3,     3,  2035,     2,     9,     3
reply ,  749.1178650016082   ,  4087,  4058,  1647,  1917,     5,     5,  2035,     2,   111,    17
set   ,                      ,  4087,  4085,  1634,  2040,     3,     3,  2035,     2,     9,     3
reply ,  750.3195680001227   ,  4087,  4058,  1647,  1917,     5,     5,  2035,     2,   111,    17
set   ,                      ,  4087,  4085,  1634,  2040,     3,     3,  2035,     2,     9,     3
reply ,  751.2892280028609   ,  4087,  4058,  1647,  1917,     5,     5,  2035,     2,   111,    17
set   ,                      ,  4087,  4085,  1634,  2040,     3,     3,  2035,     2,     9,     3
reply ,  752.1163180026633   ,  4087,  4058,  1647,  1917,     5,     5,  2035,     2,   111,    17
set   ,                      ,  4087,  4085,  1634,  2040,     3,     3,  2035,     2,     9,     3
reply ,  753.3074560014938   ,  4087,  4058,  1647,  1917,     5,     5,  2035,     2,   111,    17
set   ,                      ,  4087,  4085,  1634,  2040,     3,     3,  2035,     2,     9,     3
reply ,  754.1310080014227   ,  4087,  4058,  1647,  1917,     5,     5,  2035,     2,   111,    17
set   ,                      ,  4087,  4085,  1634,  2040,     3,     3,  2035,     2,     9,     3
reply ,  755.2913420004188   ,  4087,  4058,  1647,  1917,     5,     5,  2035,     2,   111,    17
set   ,                      ,  4087,  4085,  1634,  2040,     3,     3,  2035,     2,     9,     3
reply ,  758.1882510021387   ,  4087,  4058,  1647,  1917,     5,     5,  2035,     2,   111,    17
set   ,                      ,  4087,  4085,  1634,  2040,     3,     3,  2035,     2,     9,     3
reply ,  759.1929780028295   ,  4087,  4058,  1647,  1917,     5,     5,  2035,     4,   111,    17
set   ,                      ,  4087,  4085,  1634,  2040,     3,     3,  2035,     2,     9,     3
reply ,  759.7098219994223   ,  4087,  4058,  1647,  1917,     5,     5,  2035,     4,   111,    17
set   ,                      ,  4087,  4085,  1634,  2040,     3,     3,  2035,     2,     9,     3
reply ,  761.0444340025424   ,  4087,  4058,  1647,  1917,     5,     5,  2035,     4,   111,    17
set   ,                      ,  4087,  4085,  1634,  2040,     3,     3,  2035,     2,     9,     3
reply ,  761.564365002414    ,  4087,  4058,  1647,  1917,     5,     5,  2035,     4,   111,    17
set   ,                      ,  4087,  4085,  1634,  2040,     3,     3,  2035,     2,     9,     3
reply ,  762.1514349993959   ,  4087,  4058,  1647,  1917,     5,     5,  2035,     4,   111,    17
set   ,                      ,  4087,  4085,  1634,  2040,     3,     3,  2035,     2,     9,     3
reply ,  763.3365900001081   ,  4087,  4058,  1647,  1917,     5,     5,  2035,     4,   111,    17
set   ,                      ,  4087,  4085,  1634,  2040,     3,     3,  2035,     2,     9,     3
reply ,  764.1533150017494   ,  4087,  4058,  1647,  1917,     5,     5,  2035,     4,   111,    17
set   ,                      ,  4087,  4085,  1634,  2040,     3,     3,  2035,     2,     9,     3
reply ,  766.0543040001357   ,  4087,  4058,  1647,  1917,     5,     5,  2035,     4,   111,    17
set   ,                      ,  4087,  4085,  1634,  2040,     3,     3,  2035,     2,     9,     3
reply ,  766.553779001697    ,  4087,  4058,  1647,  1917,     5,     5,  2035,     4,   111,    17
set   ,                      ,  4087,  4085,  1634,  2040,     3,     3,  2035,     2,     9,     3
reply ,  770.1887600014743   ,  4087,  4058,  1647,  1917,     5,     5,  2035,     4,   111,    17
set   ,                      ,  4087,  4085,  1634,  2040,     3,     3,  2035,     2,     9,     3
reply ,  770.716432001791    ,  4087,  4058,  1647,  1917,     5,     5,  2035,     4,   111,    17
set   ,                      ,  4087,  4085,  1634,  2040,     3,     3,  2035,     2,     9,     3
reply ,  772.1090810009628   ,  4087,  4058,  1647,  1917,     5,     5,  2035,     4,   111,    17
set   ,                      ,  4087,  4085,  1634,  2040,     3,     3,  2035,     2,     9,     3
reply ,  774.8284620029153   ,  4087,  4058,  1647,  1917,     5,     5,  2035,     4,   111,    17
set   ,                      ,  4087,  4085,  1634,  2040,     3,     3,  2035,     2,     9,     3
reply ,  775.3838179996819   ,  4087,  4058,  1647,  1917,     5,     5,  2035,     4,   111,    17
set   ,                      ,  4087,  4085,  1634,  2040,     3,     3,  2035,     2,     9,     3
reply ,  776.5327180022723   ,  4087,  4058,  1647,  1917,     5,     5,  2035,     4,   111,    17
set   ,                      ,  4087,  4085,  1634,  2040,     3,     3,  2035,     2,     9,     3
reply ,  778.429388999939    ,  4087,  4058,  1647,  1917,     5,     5,  2035,     4,   111,    17
set   ,                      ,  4087,  4085,  1634,  2040,     3,     3,  2035,     2,     9,     3
reply ,  778.9311870001256   ,  4087,  4058,  1647,  1917,     5,     5,  2035,     4,   111,    17
set   ,                      ,  4087,  4085,  1634,  2040,     3,     3,  2035,     2,     9,     3
reply ,  779.5035510025627   ,  4087,  4058,  1647,  1917,     5,     5,  2035,     4,   111,    17
set   ,                      ,  4087,  4085,  1634,  2040,     3,     3,  2035,     2,     9,     3
reply ,  780.3449849998287   ,  4087,  4058,  1647,  1917,     5,     5,  2035,     4,   111,    17
set   ,                      ,  4087,  4085,  1634,  2040,     3,     3,  2035,     2,     9,     3
reply ,  781.3279610018071   ,  4087,  4058,  1647,  1917,     5,     5,  2035,     4,   111,    17
set   ,                      ,  4087,  4085,  1634,  2040,     3,     3,  2035,     2,     9,     3
reply ,  782.1092850026616   ,  4087,  4058,  1647,  1917,     5,     5,  2035,     4,   111,    17
set   ,                      ,  4087,  4085,  1634,  2040,     3,     3,  2035,     2,     9,     3
reply ,  783.3102910008165   ,  4087,  4058,  1647,  1917,     5,     5,  2035,     4,   111,    17
set   ,                      ,  4087,  4085,  1634,  2040,     3,     3,  2035,     2,     9,     3
reply ,  784.1312029995606   ,  4087,  4058,  1647,  1917,     5,     5,  2035,     4,   111,    17
set   ,                      ,  4087,  4085,  1634,  2040,     3,     3,  2035,     2,     9,     3
reply ,  785.3147170026205   ,  4087,  4058,  1647,  1917,     5,     5,  2035,     4,   111,    17
set   ,                      ,  4087,  4085,  1634,  2040,     3,     3,  2035,     2,     9,     3
reply ,  786.107397001615    ,  4087,  4058,  1647,  1917,     5,     5,  2035,     4,   111,    17
set   ,                      ,  4087,  4085,  1634,  2040,     3,     3,  2035,     2,     9,     3
reply ,  787.9029260002426   ,  4087,  4058,  1647,  1917,     5,     5,  2035,     4,   111,    17
set   ,                      ,  4087,  4085,  1634,  2040,     3,     3,  2035,     2,     9,     3
reply ,  788.4162810005364   ,  4087,  4058,  1647,  1917,     5,     5,  2035,     4,   111,    17
set   ,                      ,  4087,  4085,  1634,  2040,     3,     3,  2035,     2,     9,     3
reply ,  790.97077500046     ,  4087,  4058,  1647,  1917,     5,     5,  2035,     4,   111,    17
set   ,                      ,  4087,  4085,  1634,  2040,     3,     3,  2035,     2,     9,     3
reply ,  792.0510540025134   ,  4087,  4058,  1647,  1917,     5,     5,  2035,     4,   111,    17
set   ,                      ,  4087,  4085,  1634,  2040,     3,     3,  2035,     2,     9,     3
reply ,  792.612002001988    ,  4087,  4058,  1647,  1917,     5,     5,  2035,     4,   111,    17
set   ,                      ,  4087,  4085,  1634,  2040,     3,     3,  2035,     2,     9,     3
reply ,  793.8965169996663   ,  4087,  4058,  1647,  1917,     5,     5,  2035,     4,   111,    17
set   ,                      ,  4087,  4085,  1634,  2040,     3,     3,  2035,     2,     9,     3
reply ,  794.4624420015316   ,  4087,  4058,  1647,  1917,     5,     5,  2035,     4,   111,    17
set   ,                      ,  4087,  4085,  1634,  2040,     3,     3,  2035,     2,     9,     3
reply ,  795.3251319995616   ,  4087,  4058,  1647,  1917,     5,     5,  2035,     4,   111,    17
set   ,                      ,  4087,  4085,  1634,  2040,     3,     3,  2035,     2,     9,     3
reply ,  796.1129690011148   ,  4087,  4058,  1647,  1917,     5,     5,  2035,     4,   111,    17
set   ,                      ,  4087,  4085,  1634,  2040,     3,     3,  2035,     2,     9,     3
reply ,  797.1617050025088   ,  4087,  4058,  1647,  1917,     5,     5,  2035,     4,   111,    17
set   ,                      ,  4087,  4085,  1634,  2040,     3,     3,  2035,     2,     9,     3
reply ,  798.9194309993763   ,  4087,  4058,  1647,  1917,     5,     5,  2035,     4,   111,    17
set   ,                      ,  4087,  4085,  1634,  2040,     3,     3,  2035,     2,     9,     3
reply ,  799.4559030012169   ,  4087,  4058,  1647,  1917,     5,     5,  2035,     4,   111,    17
set   ,                      ,  4087,  4085,  1634,  2040,     3,     3,  2035,     2,     9,     3
reply ,  801.9308450020617   ,  4087,  4058,  1647,  1917,     5,     5,  2035,     4,   111,    17
set   ,                      ,  4087,  4085,  1634,  2040,     3,     3,  2035,     2,     9,     3
reply ,  803.0171530008374   ,  4087,  4058,  1647,  1917,     5,     5,  2035,     4,   111,    17
set   ,                      ,  4087,  4085,  1634,  2040,     3,     3,  2035,     2,     9,     3
reply ,  803.5812449998048   ,  4087,  4058,  1647,  1917,     5,     5,  2035,     4,   111,    17
set   ,                      ,  4087,  4085,  1634,  2040,     3,     3,  2035,     2,     9,     3
reply ,  804.8451750000822   ,  4087,  4058,  1647,  1917,     5,     5,  2035,     4,   111,    17
set   ,                      ,  4087,  4085,  1634,  2040,     3,     3,  2035,     2,     9,     3
reply ,  805.9176540009503   ,  4087,  4058,  1647,  1917,     5,     5,  2035,     4,   111,    17
set   ,                      ,  4087,  4085,  1634,  2040,     3,     3,  2035,     2,     9,     3
reply ,  806.492588002584    ,  4087,  4058,  1647,  1917,     5,     5,  2035,     4,   111,    17
set   ,                      ,  4087,  4085,  1634,  2040,     3,     3,  2035,     2,     9,     3
reply ,  808.8316810026299   ,  4087,  4058,  1647,  1917,     5,     5,  2035,     4,   111,    17
set   ,                      ,  4087,  4085,  1634,  2040,     3,     3,  2035,     2,     9,     3
reply ,  809.896179001953    ,  4087,  4058,  1647,  1917,     5,     5,  2035,     4,   111,    17
set   ,                      ,  4087,  4085,  1634,  2040,     3,     3,  2035,     2,     9,     3
reply ,  810.420838999562    ,  4087,  4058,  1647,  1917,     5,     5,  2035,     4,   111,    17
set   ,                      ,  4087,  4085,  1634,  2040,     3,     3,  2035,     2,     9,     3
reply ,  811.7558010017092   ,  4087,  4058,  1647,  1917,     5,     5,  2035,     4,   111,    17
set   ,                      ,  4087,  4085,  1634,  2040,     3,     3,  2035,     2,     9,     3
reply ,  812.7757250003924   ,  4087,  4058,  1647,  1917,     5,     5,  2035,     4,   111,    17
set   ,                      ,  4087,  4085,  1634,  2040,     3,     3,  2035,     2,     9,     3
reply ,  813.311011002952    ,  4087,  4058,  1647,  1917,     5,     5,  2035,     4,   111,    17
set   ,                      ,  4087,  4085,  1634,  2040,     3,     3,  2035,     2,     9,     3
reply ,  815.9458260015526   ,  4087,  4058,  1647,  1917,     5,     5,  2035,     4,   111,    17
set   ,                      ,  4087,  4085,  1634,  2040,     3,     3,  2035,     2,     9,     3
reply ,  816.9855670021207   ,  4087,  4058,  1647,  1917,     5,     5,  2035,     4,   111,    17
set   ,                      ,  4087,  4085,  1634,  2040,     3,     3,  2035,     2,     9,     3
reply ,  817.5066799994966   ,  4087,  4058,  1647,  1917,     5,     5,  2035,     4,   111,    17
set   ,                      ,  4087,  4085,  1634,  2040,     3,     3,  2035,     2,     9,     3
reply ,  818.8521560005029   ,  4087,  4058,  1647,  1917,     5,     5,  2035,     4,   111,    17
set   ,                      ,  4087,  4085,  1634,  2040,     3,     3,  2035,     2,     9,     3
reply ,  821.4408530002402   ,  4087,  4058,  1647,  1917,     5,     5,  2035,     4,   111,    17
set   ,                      ,  4087,  4085,  1634,  2040,     3,     3,  2035,     2,     9,     3
reply ,  821.9651380022697   ,  4087,  4058,  1647,  1917,     5,     5,  2035,     4,   111,    17
set   ,                      ,  4087,  4085,  1634,  2040,     3,     3,  2035,     2,     9,     3
reply ,  822.861014999944    ,  4087,  4058,  1647,  1917,     5,     5,  2035,     4,   111,    17
set   ,                      ,  4087,  4085,  1634,  2040,     3,     3,  2035,     2,     9,     3
reply ,  824.7110820011585   ,  4087,  4058,  1647,  1917,     5,     5,  2035,     4,   111,    17
set   ,                      ,  4087,  4085,  1634,  2040,     3,     3,  2035,     2,     9,     3
reply ,  825.3693120022945   ,  4087,  4058,  1647,  1917,     5,     5,  2035,     4,   111,    17
set   ,                      ,  4087,  4085,  1634,  2040,     3,     3,  2035,     2,     9,     3
reply ,  826.1425439995946   ,  4087,  4058,  1647,  1917,     5,     5,  2035,     4,   111,    17
set   ,                      ,  4087,  4085,  1634,  2040,     3,     3,  2035,     2,     9,     3
reply ,  827.1864560010727   ,  4087,  4058,  1647,  1917,     5,     5,  2035,     4,   111,    17
set   ,                      ,  4087,  4085,  1634,  2040,     3,     3,  2035,     2,     9,     3
reply ,  828.174909001973    ,  4087,  4058,  1647,  1917,     5,     5,  2035,     4,   111,    17
set   ,                      ,  4087,  4085,  1634,  2040,     3,     3,  2035,     2,     9,     3
reply ,  829.1487599999527   ,  4087,  4058,  1647,  1917,     5,     5,  2035,     4,   111,    17
set   ,                      ,  4087,  4085,  1634,  2040,     3,     3,  2035,     2,     9,     3
reply ,  830.3600270010065   ,  4087,  4058,  1647,  1917,     5,     5,  2035,     4,   111,    17
set   ,                      ,  4087,  4085,  1634,  2040,     3,     3,  2035,     2,     9,     3
reply ,  831.8571230011003   ,  4087,  4058,  1647,  1917,     5,     5,  2035,     4,   111,    17
set   ,                      ,  4087,  4085,  1634,  2040,     3,     3,  2035,     2,     9,     3
reply ,  832.4433600027987   ,  4087,  4058,  1647,  1917,     5,     5,  2035,     4,   111,    17
set   ,                      ,  4087,  4085,  1634,  2040,     3,     3,  2035,     2,     9,     3
reply ,  834.9005240015686   ,  4087,  4058,  1647,  1917,     5,     5,  2035,     4,   111,    17
set   ,                      ,  4087,  4085,  1634,  2040,     3,     3,  2035,     2,     9,     3
reply ,  835.9362080009305   ,  4087,  4058,  1647,  1917,     5,     5,  2035,     4,   111,    17
set   ,                      ,  4087,  4085,  1634,  2040,     3,     3,  2035,     2,     9,     3
reply ,  836.5002060018014   ,  4087,  4058,  1647,  1917,     5,     5,  2035,     4,   111,    17
set   ,                      ,  4087,  4085,  1634,  2040,     3,     3,  2035,     2,     9,     3
reply ,  837.7306000002136   ,  4087,  4058,  1647,  1917,     5,     5,  2035,     4,   111,    17
set   ,                      ,  4087,  4085,  1634,  2040,     3,     3,  2035,     2,     9,     3
reply ,  838.2600990007631   ,  4087,  4058,  1647,  1917,     5,     5,  2035,     4,   111,    17
set   ,                      ,  4087,  4085,  1634,  2040,     3,     3,  2035,     2,     9,     3
reply ,  839.1087730014988   ,  4087,  4058,  1647,  1917,     5,     5,  2035,     4,   111,    17
set   ,                      ,  4087,  4085,  1634,  2040,     3,     3,  2035,     2,     9,     3
reply ,  840.9374940019916   ,  4087,  4058,  1647,  1917,     5,     5,  2035,     4,   111,    17
set   ,                      ,  4087,  4085,  1634,  2040,     3,     3,  2035,     2,     9,     3
reply ,  841.4777770012734   ,  4087,  4058,  1647,  1917,     5,     5,  2035,     4,   111,    17
set   ,                      ,  4087,  4085,  1634,  2040,     3,     3,  2035,     2,     9,     3
reply ,  843.879651001771    ,  4087,  4058,  1647,  1917,     5,     5,  2035,     4,   111,    17
set   ,                      ,  4087,  4085,  1634,  2040,     3,     3,  2035,     2,     9,     3
reply ,  844.917490001535    ,  4087,  4058,  1647,  1917,     5,     5,  2035,     4,   111,    17
set   ,                      ,  4087,  4085,  1634,  2040,     3,     3,  2035,     2,     9,     3
reply ,  845.4167939999024   ,  4087,  4058,  1647,  1917,     5,     5,  2035,     4,   111,    17
set   ,                      ,  4087,  4085,  1634,  2040,     3,     3,  2035,     2,     9,     3
reply ,  846.7057779998868   ,  4087,  4058,  1647,  1917,     5,     5,  2035,     4,   111,    17
set   ,                      ,  4087,  4085,  1634,  2040,     3,     3,  2035,     2,     9,     3
reply ,  847.1807519999857   ,  4087,  4058,  1647,  1917,     5,     5,  2035,     4,   111,    17
set   ,                      ,  4087,  4085,  1634,  2040,     3,     3,  2035,     2,     9,     3
reply ,  849.529759001598    ,  4087,  4058,  1647,  1917,     5,     5,  2035,     4,   111,    17
set   ,                      ,  4087,  4085,  1634,  2040,     3,     3,  2035,     2,     9,     3
reply ,  850.0989839994872   ,  4087,  4058,  1647,  1917,     5,     5,  2035,     4,   111,    17
set   ,                      ,  4087,  4085,  1634,  2040,     3,     3,  2035,     2,     9,     3
reply ,  850.6055340003513   ,  4087,  4058,  1647,  1917,     5,     5,  2035,     4,   111,    17
set   ,                      ,  4087,  4085,  1634,  2040,     3,     3,  2035,     2,     9,     3
reply ,  851.3119020026352   ,  4087,  4058,  1647,  1917,     5,     5,  2035,     4,   111,    17
set   ,                      ,  4087,  4085,  1634,  2040,     3,     3,  2035,     2,     9,     3
reply ,  853.2199660003243   ,  4087,  4058,  1647,  1917,     5,     5,  2035,     4,   111,    17
set   ,                      ,  4087,  4085,  1634,  2040,     3,     3,  2035,     2,     9,     3
reply ,  853.9041900003213   ,  4087,  4058,  1647,  1917,     5,     5,  2035,     4,   111,    17
set   ,                      ,  4087,  4085,  1634,  2040,     3,     3,  2035,     2,     9,     3
reply ,  854.5003720028035   ,  4087,  4058,  1647,  1917,     5,     5,  2035,     4,   111,    17
set   ,                      ,  4087,  4085,  1634,  2040,     3,     3,  2035,     2,     9,     3
reply ,  855.3292620017601   ,  4087,  4058,  1647,  1917,     5,     5,  2035,     4,   111,    17
set   ,                      ,  4087,  4085,  1634,  2040,     3,     3,  2035,     2,     9,     3
reply ,  856.120145002933    ,  4087,  4058,  1647,  1917,     5,     5,  2035,     4,   111,    17
set   ,                      ,  4087,  4085,  1634,  2040,     3,     3,  2035,     2,     9,     3
reply ,  857.1884310003952   ,  4087,  4058,  1647,  1917,     5,     5,  2035,     4,   111,    17
set   ,                      ,  4087,  4085,  1634,  2040,     3,     3,  2035,     2,     9,     3
reply ,  858.1235120000201   ,  4087,  4058,  1647,  1917,     5,     5,  2035,     4,   111,    17
set   ,                      ,  4087,  4085,  1634,  2040,     3,     3,  2035,     2,     9,     3
reply ,  859.1065760010679   ,  4087,  4058,  1647,  1917,     5,     5,  2035,     4,   111,    17
set   ,                      ,  4087,  4085,  1634,  2040,     3,     3,  2035,     2,     9,     3
reply ,  860.3460330014059   ,  4087,  4058,  1647,  1917,     5,     5,  2035,     4,   111,    17
set   ,                      ,  4087,  4085,  1634,  2040,     3,     3,  2035,     2,     9,     3
reply ,  861.273455000628    ,  4087,  4058,  1647,  1917,     5,     5,  2035,     4,   111,    17
set   ,                      ,  4087,  4085,  1634,  2040,     3,     3,  2035,     2,     9,     3
reply ,  862.1426579993567   ,  4087,  4058,  1647,  1917,     5,     5,  2035,     4,   111,    17
set   ,                      ,  4087,  4085,  1634,  2040,     3,     3,  2035,     2,     9,     3
reply ,  864.2733570013661   ,  4087,  4058,  1647,  1917,     5,     5,  2035,     4,   111,    17
set   ,                      ,  4087,  4085,  1634,  2040,     3,     3,  2035,     2,     9,     3
reply ,  865.3228170005605   ,  4087,  4058,  1647,  1917,     5,     5,  2035,     4,   111,    17
set   ,                      ,  4087,  4085,  1634,  2040,     3,     3,  2035,     2,     9,     3
reply ,  865.8434970020608   ,  4087,  4058,  1647,  1917,     5,     5,  2035,     4,   111,    17
set   ,                      ,  4087,  4085,  1634,  2040,     3,     3,  2035,     2,     9,     3
reply ,  867.1213779998652   ,  4087,  4058,  1647,  1917,     5,     5,  2035,     4,   111,    17
set   ,                      ,  4087,  4085,  1634,  2040,     3,     3,  2035,     2,     9,     3
reply ,  867.6470650025294   ,  4087,  4058,  1647,  1917,     5,     5,  2035,     4,   111,    17
set   ,                      ,  4087,  4085,  1634,  2040,     3,     3,  2035,     2,     9,     3
reply ,  868.1978530003107   ,  4087,  4058,  1647,  1917,     5,     5,  2035,     4,   111,    17
set   ,                      ,  4087,  4085,  1634,  2040,     3,     3,  2035,     2,     9,     3
reply ,  869.1895709998789   ,  4087,  4058,  1647,  1917,     5,     5,  2035,     4,   111,    17
set   ,                      ,  4087,  4085,  1634,  2040,     3,     3,  2035,     2,     9,     3
reply ,  870.8639569995285   ,  4087,  4058,  1647,  1917,     5,     5,  2035,     4,   111,    17
set   ,                      ,  4087,  4085,  1634,  2040,     3,     3,  2035,     2,     9,     3
reply ,  871.3958950029337   ,  4087,  4058,  1647,  1917,     5,     5,  2035,     4,   111,    17
set   ,                      ,  4087,  4085,  1634,  2040,     3,     3,  2035,     2,     9,     3
reply ,  873.8218630023766   ,  4087,  4058,  1647,  1917,     5,     5,  2035,     4,   111,    17
set   ,                      ,  4087,  4085,  1634,  2040,     3,     3,  2035,     2,     9,     3
reply ,  874.9002200020186   ,  4087,  4058,  1647,  1917,     5,     5,  2035,     4,   111,    17
set   ,                      ,  4087,  4085,  1634,  2040,     3,     3,  2035,     2,     9,     3
reply ,  875.4498769994825   ,  4087,  4058,  1647,  1917,     5,     5,  2035,     4,   111,    17
set   ,                      ,  4087,  4085,  1634,  2040,     3,     3,  2035,     2,     9,     3
reply ,  876.8033140004263   ,  4087,  4058,  1647,  1917,     5,     5,  2035,     4,   111,    17
set   ,                      ,  4087,  4085,  1634,  2040,     3,     3,  2035,     2,     9,     3
reply ,  878.0724210009794   ,  4087,  4058,  1647,  1917,     5,     5,  2035,     4,   111,    17
set   ,                      ,  4087,  4085,  1634,  2040,     3,     3,  2035,     2,     9,     3
reply ,  878.6183750016789   ,  4087,  4058,  1647,  1917,     5,     5,  2035,     4,   111,    17
set   ,                      ,  4087,  4085,  1634,  2040,     3,     3,  2035,     2,     9,     3
reply ,  879.1406680029468   ,  4087,  4058,  1647,  1917,     5,     5,  2035,     4,   111,    17
set   ,                      ,  4087,  4085,  1634,  2040,     3,     3,  2035,     2,     9,     3
reply ,  881.301325000095    ,  4087,  4058,  1647,  1917,     5,     5,  2035,     4,   111,    17
set   ,                      ,  4087,  4085,  1634,  2040,     3,     3,  2035,     2,     9,     3
reply ,  882.5290929999028   ,  4087,  4058,  1647,  1917,     5,     5,  2035,     4,   111,    17
set   ,                      ,  4087,  4085,  1634,  2040,     3,     3,  2035,     2,     9,     3
reply ,  883.0893790000118   ,  4087,  4058,  1647,  1917,     5,     5,  2035,     4,   111,    17
set   ,                      ,  4087,  4085,  1634,  2040,     3,     3,  2035,     2,     9,     3
reply ,  883.6448660003953   ,  4087,  4058,  1647,  1917,     5,     5,  2035,     4,   111,    17
set   ,                      ,  4087,  4085,  1634,  2040,     3,     3,  2035,     2,     9,     3
reply ,  884.5599870001024   ,  4087,  4058,  1647,  1917,     5,     5,  2035,     4,   111,    17
set   ,                      ,  4087,  4085,  1634,  2040,     3,     3,  2035,     2,     9,     3
reply ,  885.7424950001587   ,  4087,  4058,  1647,  1917,     5,     5,  2035,     4,   111,    17
set   ,                      ,  4087,  4085,  1634,  2040,     3,     3,  2035,     2,     9,     3
reply ,  886.2606010006857   ,  4087,  4058,  1647,  1917,     5,     5,  2035,     4,   111,    17
set   ,                      ,  4087,  4085,  1634,  2040,     3,     3,  2035,     2,     9,     3
reply ,  888.8225890004833   ,  4087,  4058,  1647,  1917,     5,     5,  2035,     4,   111,    17
set   ,                      ,  4087,  4085,  1634,  2040,     3,     3,  2035,     2,     9,     3
reply ,  890.0396120006917   ,  4087,  4058,  1647,  1917,     5,     5,  2035,     4,   111,    17
set   ,                      ,  4087,  4085,  1634,  2040,     3,     3,  2035,     2,     9,     3
reply ,  890.5712539999513   ,  4087,  4058,  1647,  1917,     5,     5,  2035,     4,   111,    17
set   ,                      ,  4087,  4085,  1634,  2040,     3,     3,  2035,     2,     9,     3
reply ,  891.3345149994711   ,  4087,  4058,  1647,  1917,     5,     5,  2035,     4,   111,    17
set   ,                      ,  4087,  4085,  1634,  2040,     3,     3,  2035,     2,     9,     3
reply ,  892.622660001507    ,  4087,  4058,  1647,  1917,     5,     5,  2035,     4,   111,    17
set   ,                      ,  4087,  4085,  1634,  2040,     3,     3,  2035,     2,     9,     3
reply ,  895.3884210022807   ,  4087,  4058,  1647,  1917,     5,     5,  2035,     4,   111,    17
set   ,                      ,  4087,  4085,  1634,  2040,     3,     3,  2035,     2,     9,     3
reply ,  896.4162379998015   ,  4087,  4058,  1647,  1917,     5,     5,  2035,     4,   111,    17
set   ,                      ,  4087,  4085,  1634,  2040,     3,     3,  2035,     2,     9,     3
reply ,  898.3740600015153   ,  4087,  4058,  1647,  1917,     5,     5,  2035,     4,   111,    17
set   ,                      ,  4087,  4085,  1634,  2040,     3,     3,  2035,     2,     9,     3
reply ,  898.8803810025274   ,  4087,  4058,  1647,  1917,     5,     5,  2035,     4,   111,    17
set   ,                      ,  4087,  4085,  1634,  2040,     3,     3,  2035,     2,     9,     3
reply ,  899.4533110017073   ,  4087,  4058,  1647,  1917,     5,     5,  2035,     4,   111,    17
set   ,                      ,  4087,  4085,  1634,  2040,     3,     3,  2035,     2,     9,     3
reply ,  900.3819190002105   ,  4087,  4058,  1647,  1917,     5,     5,  2035,     4,   111,    17
set   ,                      ,  4087,  4085,  1634,  2040,     3,     3,  2035,     2,     9,     3
reply ,  901.3343940023333   ,  4087,  4058,  1647,  1917,     5,     5,  2035,     4,   111,    17
set   ,                      ,  4087,  4085,  1634,  2040,     3,     3,  2035,     2,     9,     3
reply ,  902.333586000168    ,  4087,  4058,  1647,  1917,     5,     5,  2035,     4,   111,    17
set   ,                      ,  4087,  4085,  1634,  2040,     3,     3,  2035,     2,     9,     3
reply ,  903.946538001037    ,  4087,  4058,  1647,  1917,     5,     5,  2035,     4,   111,    17
set   ,                      ,  4087,  4085,  1634,  2040,     3,     3,  2035,     2,     9,     3
reply ,  904.4953200027521   ,  4087,  4058,  1647,  1917,     5,     5,  2035,     4,   111,    17
set   ,                      ,  4087,  4085,  1634,  2040,     3,     3,  2035,     2,     9,     3
reply ,  906.9694610006991   ,  4087,  4058,  1647,  1917,     5,     5,  2035,     4,   111,    17
set   ,                      ,  4087,  4085,  1634,  2040,     3,     3,  2035,     2,     9,     3
reply ,  908.067000000301    ,  4087,  4058,  1647,  1917,     5,     5,  2035,     4,   111,    17
set   ,                      ,  4087,  4085,  1634,  2040,     3,     3,  2035,     2,     9,     3
reply ,  908.6130060022697   ,  4087,  4058,  1647,  1917,     5,     5,  2035,     4,   111,    17
set   ,                      ,  4087,  4085,  1634,  2040,     3,     3,  2035,     2,     9,     3
reply ,  909.158053000283    ,  4087,  4058,  1647,  1917,     5,     5,  2035,     4,   111,    17
set   ,                      ,  4087,  4085,  1634,  2040,     3,     3,  2035,     2,     9,     3
reply ,  910.3513970003405   ,  4087,  4058,  1647,  1917,     5,     5,  2035,     4,   111,    17
set   ,                      ,  4087,  4085,  1634,  2040,     3,     3,  2035,     2,     9,     3
reply ,  911.3132769998629   ,  4087,  4058,  1647,  1917,     5,     5,  2035,     4,   111,    17
set   ,                      ,  4087,  4085,  1634,  2040,     3,     3,  2035,     2,     9,     3
reply ,  912.1533400029875   ,  4087,  4058,  1647,  1917,     5,     5,  2035,     4,   111,    17
set   ,                      ,  4087,  4085,  1634,  2040,     3,     3,  2035,     2,     9,     3
reply ,  913.8433700027235   ,  4087,  4058,  1647,  1917,     5,     5,  2035,     4,   111,    17
set   ,                      ,  4087,  4085,  1634,  2040,     3,     3,  2035,     2,     9,     3
reply ,  914.3590330022562   ,  4087,  4058,  1647,  1917,     5,     5,  2035,     4,   111,    17
set   ,                      ,  4087,  4085,  1634,  2040,     3,     3,  2035,     2,     9,     3
reply ,  916.7674980017182   ,  4087,  4058,  1647,  1917,     5,     5,  2035,     4,   111,    17
set   ,                      ,  4087,  4085,  1634,  2040,     3,     3,  2035,     2,     9,     3
reply ,  917.7841900018393   ,  4087,  4058,  1647,  1917,     5,     5,  2035,     4,   111,    17
set   ,                      ,  4087,  4085,  1634,  2040,     3,     3,  2035,     2,     9,     3
reply ,  918.3075969995116   ,  4087,  4058,  1647,  1917,     5,     5,  2035,     4,   111,    17
set   ,                      ,  4087,  4085,  1634,  2040,     3,     3,  2035,     2,     9,     3
reply ,  919.5910039998125   ,  4087,  4058,  1647,  1917,     5,     5,  2035,     4,   111,    17
set   ,                      ,  4087,  4085,  1634,  2040,     3,     3,  2035,     2,     9,     3
reply ,  922.2414550022222   ,  4087,  4058,  1647,  1917,     5,     5,  2035,     4,   111,    17
set   ,                      ,  4087,  4085,  1634,  2040,     3,     3,  2035,     2,     9,     3
reply ,  922.7996320005332   ,  4087,  4058,  1647,  1917,     5,     5,  2035,     4,   111,    17
set   ,                      ,  4087,  4085,  1634,  2040,     3,     3,  2035,     2,     9,     3
reply ,  923.6908510029025   ,  4087,  4058,  1647,  1917,     5,     5,  2035,     4,   111,    17
set   ,                      ,  4087,  4085,  1634,  2040,     3,     3,  2035,     2,     9,     3
reply ,  925.4682820028393   ,  4087,  4058,  1647,  1917,     5,     5,  2035,     4,   111,    17
set   ,                      ,  4087,  4085,  1634,  2040,     3,     3,  2035,     2,     9,     3
reply ,  925.986902002478    ,  4087,  4058,  1647,  1917,     5,     5,  2035,     4,   111,    17
set   ,                      ,  4087,  4085,  1634,  2040,     3,     3,  2035,     2,     9,     3
reply ,  926.8701820001297   ,  4087,  4058,  1647,  1917,     5,     5,  2035,     4,   111,    17
set   ,                      ,  4087,  4085,  1634,  2040,     3,     3,  2035,     2,     9,     3
reply ,  927.3980020007002   ,  4087,  4058,  1647,  1917,     5,     5,  2035,     4,   111,    17
set   ,                      ,  4087,  4085,  1634,  2040,     3,     3,  2035,     2,     9,     3
reply ,  928.1050410027092   ,  4087,  4058,  1647,  1917,     5,     5,  2035,     4,   111,    17
set   ,                      ,  4087,  4085,  1634,  2040,     3,     3,  2035,     2,     9,     3
reply ,  929.1354050001246   ,  4087,  4058,  1647,  1917,     5,     5,  2035,     4,   111,    17
set   ,                      ,  4087,  4085,  1634,  2040,     3,     3,  2035,     2,     9,     3
reply ,  930.3151590029302   ,  4087,  4058,  1647,  1917,     5,     5,  2035,     4,   111,    17
set   ,                      ,  4087,  4085,  1634,  2040,     3,     3,  2035,     2,     9,     3
reply ,  931.317262002267    ,  4087,  4058,  1647,  1917,     5,     5,  2035,     4,   111,    17
set   ,                      ,  4087,  4085,  1634,  2040,     3,     3,  2035,     2,     9,     3
reply ,  932.1138400009659   ,  4087,  4058,  1647,  1917,     5,     5,  2035,     4,   111,    17
set   ,                      ,  4087,  4085,  1634,  2040,     3,     3,  2035,     2,     9,     3
reply ,  933.3139400005166   ,  4087,  4058,  1647,  1917,     5,     5,  2035,     4,   111,    17
set   ,                      ,  4087,  4085,  1634,  2040,     3,     3,  2035,     2,     9,     3
reply ,  934.11692600057     ,  4087,  4058,  1647,  1917,     5,     5,  2035,     4,   111,    17
set   ,                      ,  4087,  4085,  1634,  2040,     3,     3,  2035,     2,     9,     3
reply ,  935.9518300007039   ,  4087,  4058,  1647,  1917,     5,     5,  2035,     4,   111,    17
set   ,                      ,  4087,  4085,  1634,  2040,     3,     3,  2035,     2,     9,     3
reply ,  936.4746640021622   ,  4087,  4058,  1647,  1917,     5,     5,  2035,     4,   111,    17
set   ,                      ,  4087,  4085,  1634,  2040,     3,     3,  2035,     2,     9,     3
reply ,  938.8917500000389   ,  4087,  4058,  1647,  1917,     5,     5,  2035,     4,   111,    17
set   ,                      ,  4087,  4085,  1634,  2040,     3,     3,  2035,     2,     9,     3
reply ,  939.9539760015614   ,  4087,  4058,  1647,  1917,     5,     5,  2035,     4,   111,    17
set   ,                      ,  4087,  4085,  1634,  2040,     3,     3,  2035,     2,     9,     3
reply ,  940.4640690008819   ,  4087,  4058,  1647,  1917,     5,     5,  2035,     4,   111,    17
set   ,                      ,  4087,  4085,  1634,  2040,     3,     3,  2035,     2,     9,     3
reply ,  941.723431002174    ,  4087,  4058,  1647,  1917,     5,     5,  2035,     4,   111,    17
set   ,                      ,  4087,  4085,  1634,  2040,     3,     3,  2035,     2,     9,     3
reply ,  942.2351180000987   ,  4087,  4058,  1647,  1917,     5,     5,  2035,     4,   111,    17
set   ,                      ,  4087,  4085,  1634,  2040,     3,     3,  2035,     2,     9,     3
reply ,  943.2929590002459   ,  4087,  4058,  1647,  1917,     5,     5,  2035,     4,   111,    17
set   ,                      ,  4087,  4085,  1634,  2040,     3,     3,  2035,     2,     9,     3
reply ,  944.7940300015034   ,  4087,  4058,  1647,  1917,     5,     5,  2035,     4,   111,    17
set   ,                      ,  4087,  4085,  1634,  2040,     3,     3,  2035,     2,     9,     3
reply ,  945.3405080021184   ,  4087,  4058,  1647,  1917,     5,     5,  2035,     4,   111,    17
set   ,                      ,  4087,  4085,  1634,  2040,     3,     3,  2035,     2,     9,     3
reply ,  947.7384609999717   ,  4087,  4058,  1647,  1917,     5,     5,  2035,     4,   111,    17
set   ,                      ,  4087,  4085,  1634,  2040,     3,     3,  2035,     2,     9,     3
reply ,  948.7951139999495   ,  4087,  4058,  1647,  1917,     5,     5,  2035,     4,   111,    17
set   ,                      ,  4087,  4085,  1634,  2040,     3,     3,  2035,     2,     9,     3
reply ,  949.283922000177    ,  4087,  4058,  1647,  1917,     5,     5,  2035,     4,   111,    17
set   ,                      ,  4087,  4085,  1634,  2040,     3,     3,  2035,     2,     9,     3
reply ,  950.6027000024915   ,  4087,  4058,  1647,  1917,     5,     5,  2035,     4,   111,    17
set   ,                      ,  4087,  4085,  1634,  2040,     3,     3,  2035,     2,     9,     3
reply ,  951.6698200022802   ,  4087,  4058,  1647,  1917,     5,     5,  2035,     4,   111,    17
set   ,                      ,  4087,  4085,  1634,  2040,     3,     3,  2035,     2,     9,     3
reply ,  952.1715000009863   ,  4087,  4058,  1647,  1917,     5,     5,  2035,     4,   111,    17
set   ,                      ,  4087,  4085,  1634,  2040,     3,     3,  2035,     2,     9,     3
reply ,  954.5631310029421   ,  4087,  4058,  1647,  1917,     5,     5,  2035,     4,   111,    17
set   ,                      ,  4087,  4085,  1634,  2040,     3,     3,  2035,     2,     9,     3
reply ,  955.5850520009699   ,  4087,  4058,  1647,  1917,     5,     5,  2035,     4,   111,    17
set   ,                      ,  4087,  4085,  1634,  2040,     3,     3,  2035,     2,     9,     3
reply ,  956.1223230011819   ,  4087,  4058,  1647,  1917,     5,     5,  2035,     4,   111,    17
set   ,                      ,  4087,  4085,  1634,  2040,     3,     3,  2035,     2,     9,     3
reply ,  957.3368240016862   ,  4087,  4058,  1647,  1917,     5,     5,  2035,     4,   111,    17
set   ,                      ,  4087,  4085,  1634,  2040,     3,     3,  2035,     2,     9,     3
reply ,  958.359513002506    ,  4087,  4058,  1647,  1917,     5,     5,  2035,     4,   111,    17
set   ,                      ,  4087,  4085,  1634,  2040,     3,     3,  2035,     2,     9,     3
reply ,  959.098780000204    ,  4087,  4058,  1647,  1917,     5,     5,  2035,     4,   111,    17
set   ,                      ,  4087,  4085,  1634,  2040,     3,     3,  2035,     2,     9,     3
reply ,  961.2824530013313   ,  4087,  4058,  1647,  1917,     5,     5,  2035,     4,   111,    17
set   ,                      ,  4087,  4085,  1634,  2040,     3,     3,  2035,     2,     9,     3
reply ,  962.3179830014124   ,  4087,  4058,  1647,  1917,     5,     5,  2035,     4,   111,    17
set   ,                      ,  4087,  4085,  1634,  2040,     3,     3,  2035,     2,     9,     3
reply ,  962.8007290011737   ,  4087,  4058,  1647,  1917,     5,     5,  2035,     4,   111,    17
set   ,                      ,  4087,  4085,  1634,  2040,     3,     3,  2035,     2,     9,     3
reply ,  963.3839140005875   ,  4087,  4058,  1647,  1917,     5,     5,  2035,     4,   111,    17
set   ,                      ,  4087,  4085,  1634,  2040,     3,     3,  2035,     2,     9,     3
reply ,  964.1826170009153   ,  4087,  4058,  1647,  1917,     5,     5,  2035,     4,   111,    17
set   ,                      ,  4087,  4085,  1634,  2040,     3,     3,  2035,     2,     9,     3
reply ,  966.7810509999981   ,  4087,  4058,  1647,  1917,     5,     5,  2035,     4,   111,    17
set   ,                      ,  4087,  4085,  1634,  2040,     3,     3,  2035,     2,     9,     3
reply ,  967.3044150003989   ,  4087,  4058,  1647,  1917,     5,     5,  2035,     4,   111,    17
set   ,                      ,  4087,  4085,  1634,  2040,     3,     3,  2035,     2,     9,     3
reply ,  968.2719539996469   ,  4087,  4058,  1647,  1917,     5,     5,  2035,     4,   111,    17
set   ,                      ,  4087,  4085,  1634,  2040,     3,     3,  2035,     2,     9,     3
reply ,  970.0765840025269   ,  4087,  4058,  1647,  1917,     5,     5,  2035,     4,   111,    17
set   ,                      ,  4087,  4085,  1634,  2040,     3,     3,  2035,     2,     9,     3
reply ,  970.6354530026147   ,  4087,  4058,  1647,  1917,     5,     5,  2035,     4,   111,    17
set   ,                      ,  4087,  4085,  1634,  2040,     3,     3,  2035,     2,     9,     3
reply ,  971.3452819996746   ,  4087,  4058,  1647,  1917,     5,     5,  2035,     4,   111,    17
set   ,                      ,  4087,  4085,  1634,  2040,     3,     3,  2035,     2,     9,     3
reply ,  972.1221960026014   ,  4087,  4058,  1647,  1917,     5,     5,  2035,     4,   111,    17
set   ,                      ,  4087,  4085,  1634,  2040,     3,     3,  2035,     2,     9,     3
reply ,  973.3341270002711   ,  4087,  4058,  1647,  1917,     5,     5,  2035,     4,   111,    17
set   ,                      ,  4087,  4085,  1634,  2040,     3,     3,  2035,     2,     9,     3
reply ,  974.1280859998369   ,  4087,  4058,  1647,  1917,     5,     5,  2035,     4,   111,    17
set   ,                      ,  4087,  4085,  1634,  2040,     3,     3,  2035,     2,     9,     3
reply ,  975.2948790010123   ,  4087,  4058,  1647,  1917,     5,     5,  2035,     4,   111,    17
set   ,                      ,  4087,  4085,  1634,  2040,     3,     3,  2035,     2,     9,     3
reply ,  976.1243579996517   ,  4087,  4058,  1647,  1917,     5,     5,  2035,     4,   111,    17
set   ,                      ,  4087,  4085,  1634,  2040,     3,     3,  2035,     2,     9,     3
reply ,  977.1950230024231   ,  4087,  4058,  1647,  1917,     5,     5,  2035,     4,   111,    17
set   ,                      ,  4087,  4085,  1634,  2040,     3,     3,  2035,     2,     9,     3
reply ,  978.1086389994016   ,  4087,  4058,  1647,  1917,     5,     5,  2035,     4,   111,    17
set   ,                      ,  4087,  4085,  1634,  2040,     3,     3,  2035,     2,     9,     3
reply ,  979.1188039998815   ,  4087,  4058,  1647,  1917,     5,     5,  2035,     4,   111,    17
set   ,                      ,  4087,  4085,  1634,  2040,     3,     3,  2035,     2,     9,     3
reply ,  981.0547460001544   ,  4087,  4058,  1647,  1917,     5,     5,  2035,     4,   111,    17
set   ,                      ,  4087,  4085,  1634,  2040,     3,     3,  2035,     2,     9,     3
reply ,  981.5779350028606   ,  4087,  4058,  1647,  1917,     5,     5,  2035,     4,   111,    17
set   ,                      ,  4087,  4085,  1634,  2040,     3,     3,  2035,     2,     9,     3
reply ,  982.3288299994601   ,  4087,  4058,  1647,  1917,     5,     5,  2035,     4,   111,    17
set   ,                      ,  4087,  4085,  1634,  2040,     3,     3,  2035,     2,     9,     3
reply ,  983.2936370003154   ,  4087,  4058,  1647,  1917,     5,     5,  2035,     4,   111,    17
set   ,                      ,  4087,  4085,  1634,  2040,     3,     3,  2035,     2,     9,     3
reply ,  984.2416510000476   ,  4087,  4058,  1647,  1917,     5,     5,  2035,     4,   111,    17
set   ,                      ,  4087,  4085,  1634,  2040,     3,     3,  2035,     2,     9,     3
reply ,  985.3228460015089   ,  4087,  4058,  1647,  1917,     5,     5,  2035,     4,   111,    17
set   ,                      ,  4087,  4085,  1634,  2040,     3,     3,  2035,     2,     9,     3
reply ,  986.104678002448    ,  4087,  4058,  1647,  1917,     5,     5,  2035,     4,   111,    17
set   ,                      ,  4087,  4085,  1634,  2040,     3,     3,  2035,     2,     9,     3
reply ,  987.8086580029048   ,  4087,  4058,  1647,  1917,     5,     5,  2035,     4,   111,    17
set   ,                      ,  4087,  4085,  1634,  2040,     3,     3,  2035,     2,     9,     3
reply ,  988.329515002988    ,  4087,  4058,  1647,  1917,     5,     5,  2035,     4,   111,    17
set   ,                      ,  4087,  4085,  1634,  2040,     3,     3,  2035,     2,     9,     3
reply ,  990.881473000627    ,  4087,  4058,  1647,  1917,     5,     5,  2035,     4,   111,    17
set   ,                      ,  4087,  4085,  1634,  2040,     3,     3,  2035,     2,     9,     3
reply ,  991.9426580017898   ,  4087,  4058,  1647,  1917,     5,     5,  2035,     4,   111,    17
set   ,                      ,  4087,  4085,  1634,  2040,     3,     3,  2035,     2,     9,     3
reply ,  992.4942230027227   ,  4087,  4058,  1647,  1917,     5,     5,  2035,     4,   111,    17
set   ,                      ,  4087,  4085,  1634,  2040,     3,     3,  2035,     2,     9,     3
reply ,  993.7756590006757   ,  4087,  4058,  1647,  1917,     5,     5,  2035,     4,   111,    17
set   ,                      ,  4087,  4085,  1634,  2040,     3,     3,  2035,     2,     9,     3
reply ,  995.0217680016067   ,  4087,  4058,  1647,  1917,     5,     5,  2035,     4,   111,    17
set   ,                      ,  4087,  4085,  1634,  2040,     3,     3,  2035,     2,     9,     3
reply ,  995.5781470016518   ,  4087,  4058,  1647,  1917,     5,     5,  2035,     4,   111,    17
set   ,                      ,  4087,  4085,  1634,  2040,     3,     3,  2035,     2,     9,     3
reply ,  996.1505160026718   ,  4087,  4058,  1647,  1917,     5,     5,  2035,     4,   111,    17
set   ,                      ,  4087,  4085,  1634,  2040,     3,     3,  2035,     2,     9,     3
reply ,  998.0795289993694   ,  4087,  4058,  1647,  1917,     5,     5,  2035,     4,   111,    17
set   ,                      ,  4087,  4085,  1634,  2040,     3,     3,  2035,     2,     9,     3
reply ,  999.3459170000278   ,  4087,  4058,  1647,  1917,     5,     5,  2035,     4,   111,    17
set   ,                      ,  4087,  4085,  1634,  2040,     3,     3,  2035,     2,     9,     3
reply ,  999.9071120000735   ,  4087,  4058,  1647,  1917,     5,     5,  2035,     4,   111,    17
set   ,                      ,  4087,  4085,  1634,  2040,     3,     3,  2035,     2,     9,     3
reply , 1000.4599509993568   ,  4087,  4058,  1647,  1917,     5,     5,  2035,     4,   111,    17
set   ,                      ,  4087,  4085,  1634,  2040,     3,     3,  2035,     2,     9,     3
reply , 1001.5848389994062   ,  4087,  4058,  1647,  1917,     5,     5,  2035,     4,   111,    17
set   ,                      ,  4087,  4085,  1634,  2040,     3,     3,  2035,     2,     9,     3
reply , 1002.7474609996716   ,  4087,  4058,  1647,  1917,     5,     5,  2035,     4,   111,    17
set   ,                      ,  4087,  4085,  1634,  2040,     3,     3,  2035,     2,     9,     3
reply , 1003.2745770004112   ,  4087,  4058,  1647,  1917,     5,     5,  2035,     4,   111,    17
set   ,                      ,  4087,  4085,  1634,  2040,     3,     3,  2035,     2,     9,     3
reply , 1005.6494070013287   ,  4087,  4058,  1647,  1917,     5,     5,  2035,     4,   111,    17
set   ,                      ,  4087,  4085,  1634,  2040,     3,     3,  2035,     2,     9,     3
reply , 1006.6899770026794   ,  4087,  4058,  1647,  1917,     5,     5,  2035,     4,   111,    17
set   ,                      ,  4087,  4085,  1634,  2040,     3,     3,  2035,     2,     9,     3
reply , 1007.2025840017886   ,  4087,  4058,  1647,  1917,     5,     5,  2035,     4,   111,    17
set   ,                      ,  4087,  4085,  1634,  2040,     3,     3,  2035,     2,     9,     3
reply , 1008.5255680023693   ,  4087,  4058,  1647,  1917,     5,     5,  2035,     4,   111,    17
set   ,                      ,  4087,  4085,  1634,  2040,     3,     3,  2035,     2,     9,     3
reply , 1011.2172440021823   ,  4087,  4058,  1647,  1917,     5,     5,  2035,     4,   111,    17
set   ,                      ,  4087,  4085,  1634,  2040,     3,     3,  2035,     2,     9,     3
reply , 1011.768126001698    ,  4087,  4058,  1647,  1917,     5,     5,  2035,     4,   111,    17
set   ,                      ,  4087,  4085,  1634,  2040,     3,     3,  2035,     2,     9,     3
reply , 1012.3162150011922   ,  4087,  4058,  1647,  1917,     5,     5,  2035,     4,   111,    17
set   ,                      ,  4087,  4085,  1634,  2040,     3,     3,  2035,     2,     9,     3
reply , 1014.505563001876    ,  4087,  4058,  1647,  1917,     5,     5,  2035,     4,   111,    17
set   ,                      ,  4087,  4085,  1634,  2040,     3,     3,  2035,     2,     9,     3
reply , 1015.0577900021744   ,  4087,  4058,  1647,  1917,     5,     5,  2035,     4,   111,    17
set   ,                      ,  4087,  4085,  1634,  2040,     3,     3,  2035,     2,     9,     3
reply , 1015.6380869993882   ,  4087,  4058,  1647,  1917,     5,     5,  2035,     4,   111,    17
set   ,                      ,  4087,  4085,  1634,  2040,     3,     3,  2035,     2,     9,     3
reply , 1016.2094590014021   ,  4087,  4058,  1647,  1917,     5,     5,  2035,     4,   111,    17
set   ,                      ,  4087,  4085,  1634,  2040,     3,     3,  2035,     2,     9,     3
reply , 1017.211894999491    ,  4087,  4058,  1647,  1917,     5,     5,  2035,     4,   111,    17
set   ,                      ,  4087,  4085,  1634,  2040,     3,     3,  2035,     2,     9,     3
reply , 1018.1018470029812   ,  4087,  4058,  1647,  1917,     5,     5,  2035,     4,   111,    17
set   ,                      ,  4087,  4085,  1634,  2040,     3,     3,  2035,     2,     9,     3
reply , 1019.1097300012188   ,  4087,  4058,  1647,  1917,     5,     5,  2035,     4,   111,    17
set   ,                      ,  4087,  4085,  1634,  2040,     3,     3,  2035,     2,     9,     3
reply , 1020.2990880025027   ,  4087,  4058,  1647,  1917,     5,     5,  2035,     4,   111,    17
set   ,                      ,  4087,  4085,  1634,  2040,     3,     3,  2035,     2,     9,     3
reply , 1021.9115580002835   ,  4087,  4058,  1647,  1917,     5,     5,  2035,     4,   111,    17
set   ,                      ,  4087,  4085,  1634,  2040,     3,     3,  2035,     2,     9,     3
reply , 1022.4490020009398   ,  4087,  4058,  1647,  1917,     5,     5,  2035,     4,   111,    17
set   ,                      ,  4087,  4085,  1634,  2040,     3,     3,  2035,     2,     9,     3
reply , 1024.8297979997005   ,  4087,  4058,  1647,  1917,     5,     5,  2035,     4,   111,    17
set   ,                      ,  4087,  4085,  1634,  2040,     3,     3,  2035,     2,     9,     3
reply , 1025.8602089998021   ,  4087,  4058,  1647,  1917,     5,     5,  2035,     4,   111,    17
set   ,                      ,  4087,  4085,  1634,  2040,     3,     3,  2035,     2,     9,     3
reply , 1026.3957990027848   ,  4087,  4058,  1647,  1917,     5,     5,  2035,     4,   111,    17
set   ,                      ,  4087,  4085,  1634,  2040,     3,     3,  2035,     2,     9,     3
reply , 1027.6642640019418   ,  4087,  4058,  1647,  1917,     5,     5,  2035,     4,   111,    17
set   ,                      ,  4087,  4085,  1634,  2040,     3,     3,  2035,     2,     9,     3
reply , 1028.1912070022372   ,  4087,  4058,  1647,  1917,     5,     5,  2035,     4,   111,    17
set   ,                      ,  4087,  4085,  1634,  2040,     3,     3,  2035,     2,     9,     3
reply , 1029.1074880005908   ,  4087,  4058,  1647,  1917,     5,     5,  2035,     4,   111,    17
set   ,                      ,  4087,  4085,  1634,  2040,     3,     3,  2035,     2,     9,     3
reply , 1030.9399550023954   ,  4087,  4058,  1647,  1917,     5,     5,  2035,     4,   111,    17
set   ,                      ,  4087,  4085,  1634,  2040,     3,     3,  2035,     2,     9,     3
reply , 1031.4801599997736   ,  4087,  4058,  1647,  1917,     5,     5,  2035,     4,   111,    17
set   ,                      ,  4087,  4085,  1634,  2040,     3,     3,  2035,     2,     9,     3
reply , 1033.8944510003785   ,  4087,  4058,  1647,  1917,     5,     5,  2035,     4,   111,    17
set   ,                      ,  4087,  4085,  1634,  2040,     3,     3,  2035,     2,     9,     3
reply , 1034.9544100026833   ,  4087,  4058,  1647,  1917,     5,     5,  2035,     4,   111,    17
set   ,                      ,  4087,  4085,  1634,  2040,     3,     3,  2035,     2,     9,     3
reply , 1035.4856039994047   ,  4087,  4058,  1647,  1917,     5,     5,  2035,     4,   111,    17
set   ,                      ,  4087,  4085,  1634,  2040,     3,     3,  2035,     2,     9,     3
reply , 1036.7633839996415   ,  4087,  4058,  1647,  1917,     5,     5,  2035,     4,   111,    17
set   ,                      ,  4087,  4085,  1634,  2040,     3,     3,  2035,     2,     9,     3
reply , 1038.1388970017724   ,  4087,  4058,  1647,  1917,     5,     5,  2035,     4,   111,    17
set   ,                      ,  4087,  4085,  1634,  2040,     3,     3,  2035,     2,     9,     3
reply , 1038.6808680013928   ,  4087,  4058,  1647,  1917,     5,     5,  2035,     4,   111,    17
set   ,                      ,  4087,  4085,  1634,  2040,     3,     3,  2035,     2,     9,     3
reply , 1041.0820190008963   ,  4087,  4058,  1647,  1917,     5,     5,  2035,     4,   111,    17
set   ,                      ,  4087,  4085,  1634,  2040,     3,     3,  2035,     2,     9,     3
reply , 1042.0872940012487   ,  4087,  4058,  1647,  1917,     5,     5,  2035,     4,   111,    17
set   ,                      ,  4087,  4085,  1634,  2040,     3,     3,  2035,     2,     9,     3
reply , 1042.6468229998136   ,  4087,  4058,  1647,  1917,     5,     5,  2035,     4,   111,    17
set   ,                      ,  4087,  4085,  1634,  2040,     3,     3,  2035,     2,     9,     3
reply , 1043.8347359995532   ,  4087,  4058,  1647,  1917,     5,     5,  2035,     4,   111,    17
set   ,                      ,  4087,  4085,  1634,  2040,     3,     3,  2035,     2,     9,     3
reply , 1045.1249530015048   ,  4087,  4058,  1647,  1917,     5,     5,  2035,     4,   111,    17
set   ,                      ,  4087,  4085,  1634,  2040,     3,     3,  2035,     2,     9,     3
reply , 1045.656135000172    ,  4087,  4058,  1647,  1917,     5,     5,  2035,     4,   111,    17
set   ,                      ,  4087,  4085,  1634,  2040,     3,     3,  2035,     2,     9,     3
reply , 1046.2074850001954   ,  4087,  4058,  1647,  1917,     5,     5,  2035,     4,   111,    17
set   ,                      ,  4087,  4085,  1634,  2040,     3,     3,  2035,     2,     9,     3
reply , 1049.2061020013352   ,  4087,  4058,  1647,  1917,     5,     5,  2035,     4,   111,    17
set   ,                      ,  4087,  4085,  1634,  2040,     3,     3,  2035,     2,     9,     3
reply , 1049.7612899998785   ,  4087,  4058,  1647,  1917,     5,     5,  2035,     4,   111,    17
set   ,                      ,  4087,  4085,  1634,  2040,     3,     3,  2035,     2,     9,     3
reply , 1050.3608520011767   ,  4087,  4058,  1647,  1917,     5,     5,  2035,     4,   111,    17
set   ,                      ,  4087,  4085,  1634,  2040,     3,     3,  2035,     2,     9,     3
reply , 1053.7377500004368   ,  4087,  4058,  1647,  1917,     5,     5,  2035,     4,   111,    17
set   ,                      ,  4087,  4085,  1634,  2040,     3,     3,  2035,     2,     9,     3
reply , 1054.2869020027865   ,  4087,  4058,  1647,  1917,     5,     5,  2035,     4,   111,    17
set   ,                      ,  4087,  4085,  1634,  2040,     3,     3,  2035,     2,     9,     3
reply , 1055.31354300183     ,  4087,  4058,  1647,  1917,     5,     5,  2035,     4,   111,    17
set   ,                      ,  4087,  4085,  1634,  2040,     3,     3,  2035,     2,     9,     3
reply , 1057.0768140023574   ,  4087,  4058,  1647,  1917,     5,     5,  2035,     4,   111,    17
set   ,                      ,  4087,  4085,  1634,  2040,     3,     3,  2035,     2,     9,     3
reply , 1057.59455000225     ,  4087,  4058,  1647,  1917,     5,     5,  2035,     4,   111,    17
set   ,                      ,  4087,  4085,  1634,  2040,     3,     3,  2035,     2,     9,     3
reply , 1058.1509200019354   ,  4087,  4058,  1647,  1917,     5,     5,  2035,     4,   111,    17
set   ,                      ,  4087,  4085,  1634,  2040,     3,     3,  2035,     2,     9,     3
reply , 1059.153616999538    ,  4087,  4058,  1647,  1917,     5,     5,  2035,     4,   111,    17
set   ,                      ,  4087,  4085,  1634,  2040,     3,     3,  2035,     2,     9,     3
reply , 1060.5167640023865   ,  4087,  4058,  1647,  1917,     5,     5,  2035,     4,   111,    17
set   ,                      ,  4087,  4085,  1634,  2040,     3,     3,  2035,     2,     9,     3
reply , 1061.3456169994606   ,  4087,  4058,  1647,  1917,     5,     5,  2035,     4,   111,    17
set   ,                      ,  4087,  4085,  1634,  2040,     3,     3,  2035,     2,     9,     3
reply , 1062.1304600026633   ,  4087,  4058,  1647,  1917,     5,     5,  2035,     4,   111,    17
set   ,                      ,  4087,  4085,  1634,  2040,     3,     3,  2035,     2,     9,     3
reply , 1063.336857001559    ,  4087,  4058,  1647,  1917,     5,     5,  2035,     4,   111,    17
set   ,                      ,  4087,  4085,  1634,  2040,     3,     3,  2035,     2,     9,     3
reply , 1064.133177002077    ,  4087,  4058,  1647,  1917,     5,     5,  2035,     4,   111,    17
set   ,                      ,  4087,  4085,  1634,  2040,     3,     3,  2035,     2,     9,     3
reply , 1065.826719001052    ,  4087,  4058,  1647,  1917,     5,     5,  2035,     4,   111,    17
set   ,                      ,  4087,  4085,  1634,  2040,     3,     3,  2035,     2,     9,     3
reply , 1066.3768420017732   ,  4087,  4058,  1647,  1917,     5,     5,  2035,     4,   111,    17
set   ,                      ,  4087,  4085,  1634,  2040,     3,     3,  2035,     2,     9,     3
reply , 1068.938241001888    ,  4087,  4058,  1647,  1917,     5,     5,  2035,     4,   111,    17
set   ,                      ,  4087,  4085,  1634,  2040,     3,     3,  2035,     2,     9,     3
reply , 1070.0524349995248   ,  4087,  4058,  1647,  1917,     5,     5,  2035,     4,   111,    17
set   ,                      ,  4087,  4085,  1634,  2040,     3,     3,  2035,     2,     9,     3
reply , 1070.59562500217     ,  4087,  4058,  1647,  1917,     5,     5,  2035,     4,   111,    17
set   ,                      ,  4087,  4085,  1634,  2040,     3,     3,  2035,     2,     9,     3
reply , 1072.004912999546    ,  4087,  4058,  1647,  1917,     5,     5,  2035,     4,   111,    17
set   ,                      ,  4087,  4085,  1634,  2040,     3,     3,  2035,     2,     9,     3
reply , 1072.5719800029765   ,  4087,  4058,  1647,  1917,     5,     5,  2035,     4,   111,    17
set   ,                      ,  4087,  4085,  1634,  2040,     3,     3,  2035,     2,     9,     3
reply , 1073.317444002896    ,  4087,  4058,  1647,  1917,     5,     5,  2035,     4,   111,    17
set   ,                      ,  4087,  4085,  1634,  2040,     3,     3,  2035,     2,     9,     3
reply , 1074.5881330003613   ,  4087,  4058,  1647,  1917,     5,     5,  2035,     4,   111,    17
set   ,                      ,  4087,  4085,  1634,  2040,     3,     3,  2035,     2,     9,     3
reply , 1075.3064140008064   ,  4087,  4058,  1647,  1917,     5,     5,  2035,     4,   111,    17
set   ,                      ,  4087,  4085,  1634,  2040,     3,     3,  2035,     2,     9,     3
reply , 1076.1046309999074   ,  4087,  4058,  1647,  1917,     5,     5,  2035,     4,   111,    17
set   ,                      ,  4087,  4085,  1634,  2040,     3,     3,  2035,     2,     9,     3
reply , 1077.1508690013434   ,  4087,  4058,  1647,  1917,     5,     5,  2035,     4,   111,    17
set   ,                      ,  4087,  4085,  1634,  2040,     3,     3,  2035,     2,     9,     3
reply , 1079.9161819995788   ,  4087,  4058,  1647,  1917,     5,     5,  2035,     4,   111,    17
set   ,                      ,  4087,  4085,  1634,  2040,     3,     3,  2035,     2,     9,     3
reply , 1080.9354690027249   ,  4087,  4058,  1647,  1917,     5,     5,  2035,     4,   111,    17
set   ,                      ,  4087,  4085,  1634,  2040,     3,     3,  2035,     2,     9,     3
reply , 1081.4498550025746   ,  4087,  4058,  1647,  1917,     5,     5,  2035,     4,   111,    17
set   ,                      ,  4087,  4085,  1634,  2040,     3,     3,  2035,     2,     9,     3
reply , 1082.799399002397    ,  4087,  4058,  1647,  1917,     5,     5,  2035,     4,   111,    17
set   ,                      ,  4087,  4085,  1634,  2040,     3,     3,  2035,     2,     9,     3
reply , 1085.5008510006883   ,  4087,  4058,  1647,  1917,     5,     5,  2035,     4,   111,    17
set   ,                      ,  4087,  4085,  1634,  2040,     3,     3,  2035,     2,     9,     3
reply , 1086.0617960024683   ,  4087,  4058,  1647,  1917,     5,     5,  2035,     4,   111,    17
set   ,                      ,  4087,  4085,  1634,  2040,     3,     3,  2035,     2,     9,     3
reply , 1086.597518002236    ,  4087,  4058,  1647,  1917,     5,     5,  2035,     4,   111,    17
set   ,                      ,  4087,  4085,  1634,  2040,     3,     3,  2035,     2,     9,     3
reply , 1087.187504999747    ,  4087,  4058,  1647,  1917,     5,     5,  2035,     4,   111,    17
set   ,                      ,  4087,  4085,  1634,  2040,     3,     3,  2035,     2,     9,     3
reply , 1089.114063001034    ,  4087,  4058,  1647,  1917,     5,     5,  2035,     4,   111,    17
set   ,                      ,  4087,  4085,  1634,  2040,     3,     3,  2035,     2,     9,     3
reply , 1089.6641569997882   ,  4087,  4058,  1647,  1917,     5,     5,  2035,     4,   111,    17
set   ,                      ,  4087,  4085,  1634,  2040,     3,     3,  2035,     2,     9,     3
reply , 1090.3325460021733   ,  4087,  4058,  1647,  1917,     5,     5,  2035,     4,   111,    17
set   ,                      ,  4087,  4085,  1634,  2040,     3,     3,  2035,     2,     9,     3
reply , 1091.3074140007666   ,  4087,  4058,  1647,  1917,     5,     5,  2035,     4,   111,    17
set   ,                      ,  4087,  4085,  1634,  2040,     3,     3,  2035,     2,     9,     3
reply , 1092.1299540023028   ,  4087,  4058,  1647,  1917,     5,     5,  2035,     4,   111,    17
set   ,                      ,  4087,  4085,  1634,  2040,     3,     3,  2035,     2,     9,     3
reply , 1093.3417490014108   ,  4087,  4058,  1647,  1917,     5,     5,  2035,     4,   111,    17
set   ,                      ,  4087,  4085,  1634,  2040,     3,     3,  2035,     2,     9,     3
reply , 1094.139818000258    ,  4087,  4058,  1647,  1917,     5,     5,  2035,     4,   111,    17
set   ,                      ,  4087,  4085,  1634,  2040,     3,     3,  2035,     2,     9,     3
reply , 1095.3415670010145   ,  4087,  4058,  1647,  1917,     5,     5,  2035,     4,   111,    17
set   ,                      ,  4087,  4085,  1634,  2040,     3,     3,  2035,     2,     9,     3
reply , 1096.132963000855    ,  4087,  4058,  1647,  1917,     5,     5,  2035,     4,   111,    17
set   ,                      ,  4087,  4085,  1634,  2040,     3,     3,  2035,     2,     9,     3
reply , 1097.2085510002216   ,  4087,  4058,  1647,  1917,     5,     5,  2035,     4,   111,    17
set   ,                      ,  4087,  4085,  1634,  2040,     3,     3,  2035,     2,     9,     3
reply , 1098.119130001578    ,  4087,  4058,  1647,  1917,     5,     5,  2035,     4,   111,    17
set   ,                      ,  4087,  4085,  1634,  2040,     3,     3,  2035,     2,     9,     3
reply , 1100.3380390029633   ,  4087,  4058,  1647,  1917,     5,     5,  2035,     4,   111,    17
set   ,                      ,  4087,  4085,  1634,  2040,     3,     3,  2035,     2,     9,     3
reply , 1100.8571189995564   ,  4087,  4058,  1647,  1917,     5,     5,  2035,     4,   111,    17
set   ,                      ,  4087,  4085,  1634,  2040,     3,     3,  2035,     2,     9,     3
reply , 1101.6377060004743   ,  4087,  4058,  1647,  1917,     5,     5,  2035,     4,   111,    17
set   ,                      ,  4087,  4085,  1634,  2040,     3,     3,  2035,     2,     9,     3
reply , 1102.168965000601    ,  4087,  4058,  1647,  1917,     5,     5,  2035,     4,   111,    17
set   ,                      ,  4087,  4085,  1634,  2040,     3,     3,  2035,     2,     9,     3
reply , 1103.5108380019665   ,  4087,  4058,  1647,  1917,     5,     5,  2035,     4,   111,    17
set   ,                      ,  4087,  4085,  1634,  2040,     3,     3,  2035,     2,     9,     3
reply , 1104.1233830001147   ,  4087,  4058,  1647,  1917,     5,     5,  2035,     4,   111,    17
set   ,                      ,  4087,  4085,  1634,  2040,     3,     3,  2035,     2,     9,     3
reply , 1105.2822620004008   ,  4087,  4058,  1647,  1917,     5,     5,  2035,     4,   111,    17
set   ,                      ,  4087,  4085,  1634,  2040,     3,     3,  2035,     2,     9,     3
reply , 1106.1295600011363   ,  4087,  4058,  1647,  1917,     5,     5,  2035,     4,   111,    17
set   ,                      ,  4087,  4085,  1634,  2040,     3,     3,  2035,     2,     9,     3
reply , 1107.1828230014944   ,  4087,  4058,  1647,  1917,     5,     5,  2035,     4,   111,    17
set   ,                      ,  4087,  4085,  1634,  2040,     3,     3,  2035,     2,     9,     3
reply , 1108.1586090003839   ,  4087,  4058,  1647,  1917,     5,     5,  2035,     4,   111,    17
set   ,                      ,  4087,  4085,  1634,  2040,     3,     3,  2035,     2,     9,     3
reply , 1109.1026659996714   ,  4087,  4058,  1647,  1917,     5,     5,  2035,     4,   111,    17
set   ,                      ,  4087,  4085,  1634,  2040,     3,     3,  2035,     2,     9,     3
reply , 1111.2184619996697   ,  4087,  4058,  1647,  1917,     5,     5,  2035,     4,   111,    17
set   ,                      ,  4087,  4085,  1634,  2040,     3,     3,  2035,     2,     9,     3
reply , 1111.7258320009569   ,  4087,  4058,  1647,  1917,     5,     5,  2035,     4,   111,    17
set   ,                      ,  4087,  4085,  1634,  2040,     3,     3,  2035,     2,     9,     3
reply , 1112.4769910020404   ,  4087,  4058,  1647,  1917,     5,     5,  2035,     4,   111,    17
set   ,                      ,  4087,  4085,  1634,  2040,     3,     3,  2035,     2,     9,     3
reply , 1113.3386840010644   ,  4087,  4058,  1647,  1917,     5,     5,  2035,     4,   111,    17
set   ,                      ,  4087,  4085,  1634,  2040,     3,     3,  2035,     2,     9,     3
reply , 1114.555107000342    ,  4087,  4058,  1647,  1917,     5,     5,  2035,     4,   111,    17
set   ,                      ,  4087,  4085,  1634,  2040,     3,     3,  2035,     2,     9,     3
reply , 1115.8675320002658   ,  4087,  4058,  1647,  1917,     5,     5,  2035,     4,   111,    17
rest  ,                      ,      ,      ,      ,      ,      ,      ,      ,      ,      ,      
set   ,                      ,  4087,    18,  3963,  2026,  4094,  4094,  2072,  4094,    39,  4093
reply ,    0.5194600016693585,  4087,  4058,  1647,  1917,     5,     5,  2035,     4,   111,    17
set   ,                      ,  4087,    18,  3963,  2026,  4094,  4094,  2072,  4094,    39,  4093
reply ,    3.092980001383694 ,  4087,  4058,  1647,  1917,     5,     5,  2035,     4,   111,    17
set   ,                      ,  4087,    18,  3963,  2026,  4094,  4094,  2072,  4094,    39,  4093
reply ,    3.6177069996483624,  4087,  4058,  1647,  1917,     5,     5,  2035,     4,   111,    17
set   ,                      ,  4087,    18,  3963,  2026,  4094,  4094,  2072,  4094,    39,  4093
reply ,    4.975522002496291 ,  4087,  4058,  1647,  1917,     5,     5,  2035,     4,   111,    17
set   ,                      ,  4087,    18,  3963,  2026,  4094,  4094,  2072,  4094,    39,  4093
reply ,    5.524137002794305 ,  4087,  4058,  1647,  1917,     5,     5,  2035,     4,   111,    17
set   ,                      ,  4087,    18,  3963,  2026,  4094,  4094,  2072,  4094,    39,  4093
reply ,    6.393945001036627 ,  4087,  4058,  1647,  1917,     5,     5,  2035,     4,   111,    17
set   ,                      ,  4087,    18,  3963,  2026,  4094,  4094,  2072,  4094,    39,  4093
reply ,    7.752598001388833 ,  4087,  4058,  1647,  1917,     5,     5,  2035,     4,   111,    17
set   ,                      ,  4087,    18,  3963,  2026,  4094,  4094,  2072,  4094,    39,  4093
reply ,    8.421165999607183 ,  4087,  4058,  1647,  1917,     5,     5,  2035,     4,   111,    17
set   ,                      ,  4087,    18,  3963,  2026,  4094,  4094,  2072,  4094,    39,  4093
reply ,   10.898864002228947 ,  4087,  4058,  1647,  1917,     5,     5,  2035,     4,   111,    17
set   ,                      ,  4087,    18,  3963,  2026,  4094,  4094,  2072,  4094,    39,  4093
reply ,   11.424850999901537 ,  4087,  4058,  1647,  1917,     5,     5,  2035,     4,   111,    17
set   ,                      ,  4087,    18,  3963,  2026,  4094,  4094,  2072,  4094,    39,  4093
reply ,   12.663014000281692 ,  4087,  4058,  1647,  1917,     5,     5,  2035,     4,   111,    17
set   ,                      ,  4087,    18,  3963,  2026,  4094,  4094,  2072,  4094,    39,  4093
reply ,   13.23695700193639  ,  4087,  4058,  1647,  1917,     5,     5,  2035,     4,   111,    17
set   ,                      ,  4087,    18,  3963,  2026,  4094,  4094,  2072,  4094,    39,  4093
reply ,   17.1420719998423   ,  4087,  4058,  1647,  1917,     5,     5,  2035,     4,   111,    17
set   ,                      ,  4087,    18,  3963,  2026,  4094,  4094,  2072,  4094,    39,  4093
reply ,   17.68859000003431  ,  4087,  4058,  1647,  1917,     5,     5,  2035,     4,   111,    17
set   ,                      ,  4087,    18,  3963,  2026,  4094,  4094,  2072,  4094,    39,  4093
reply ,   18.661302001419244 ,  4087,  4058,  1647,  1917,     5,     5,  2035,     4,   111,    17
set   ,                      ,  4087,    18,  3963,  2026,  4094,  4094,  2072,  4094,    39,  4093
reply ,   20.434229001693893 ,  4087,  4058,  1647,  1917,     5,     5,  2035,     4,   111,    17
set   ,                      ,  4087,    18,  3963,  2026,  4094,  4094,  2072,  4094,    39,  4093
reply ,   21.09724600086338  ,  4087,  4058,  1647,  1917,     5,     5,  2035,     4,   111,    17
set   ,                      ,  4087,    18,  3963,  2026,  4094,  4094,  2072,  4094,    39,  4093
reply ,   21.61492300001555  ,  4087,  4058,  1647,  1917,     5,     5,  2035,     4,   111,    17
set   ,                      ,  4087,    18,  3963,  2026,  4094,  4094,  2072,  4094,    39,  4093
reply ,   22.31358800054295  ,  4087,  4058,  1647,  1917,     5,     5,  2035,     4,   111,    17
set   ,                      ,  4087,    18,  3963,  2026,  4094,  4094,  2072,  4094,    39,  4093
reply ,   23.427359003107995 ,  4087,  4058,  1647,  1917,     5,     5,  2035,     4,   111,    17
set   ,                      ,  4087,    18,  3963,  2026,  4094,  4094,  2072,  4094,    39,  4093
reply ,   24.95291200102656  ,  4087,  4058,  1647,  1917,     5,     5,  2035,     4,   111,    17
set   ,                      ,  4087,    18,  3963,  2026,  4094,  4094,  2072,  4094,    39,  4093
reply ,   25.732763002451975 ,  4087,  4058,  1647,  1917,     5,     5,  2035,     4,   111,    17
set   ,                      ,  4087,    18,  3963,  2026,  4094,  4094,  2072,  4094,    39,  4093
reply ,   27.947530001256382 ,  4087,  4058,  1647,  1917,     5,     5,  2035,     4,   111,    17
set   ,                      ,  4087,    18,  3963,  2026,  4094,  4094,  2072,  4094,    39,  4093
reply ,   28.491794000728987 ,  4087,  4058,  1647,  1917,     5,     5,  2035,     4,   111,    17
set   ,                      ,  4087,    18,  3963,  2026,  4094,  4094,  2072,  4094,    39,  4093
reply ,   29.7978430025978   ,  4087,  4058,  1647,  1917,     5,     5,  2035,     4,   111,    17
set   ,                      ,  4087,    18,  3963,  2026,  4094,  4094,  2072,  4094,    39,  4093
reply ,   30.43861700280104  ,  4087,  4058,  1647,  1917,     5,     5,  2035,     4,   111,    17
set   ,                      ,  4087,    18,  3963,  2026,  4094,  4094,  2072,  4094,    39,  4093
reply ,   31.68067099977634  ,  4087,  4058,  1647,  1917,     5,     5,  2035,     4,   111,    17
set   ,                      ,  4087,    18,  3963,  2026,  4094,  4094,  2072,  4094,    39,  4093
reply ,   32.31480199974612  ,  4087,  4058,  1647,  1917,     5,     5,  2035,     4,   111,    17
set   ,                      ,  4087,    18,  3963,  2026,  4094,  4094,  2072,  4094,    39,  4093
reply ,   33.24390100169694  ,  4087,  4058,  1647,  1917,     5,     5,  2035,     4,   111,    17
set   ,                      ,  4087,    18,  3963,  2026,  4094,  4094,  2072,  4094,    39,  4093
reply ,   35.19625199987786  ,  4087,  4058,  1647,  1917,     5,     5,  2035,     4,   111,    17
set   ,                      ,  4087,    18,  3963,  2026,  4094,  4094,  2072,  4094,    39,  4093
reply ,   35.74578200277756  ,  4087,  4058,  1647,  1917,     5,     5,  2035,     4,   111,    17
set   ,                      ,  4087,    18,  3963,  2026,  4094,  4094,  2072,  4094,    39,  4093
reply ,   38.29289100031019  ,  4087,  4058,  1647,  1917,     5,     5,  2035,     4,   111,    17
set   ,                      ,  4087,    18,  3963,  2026,  4094,  4094,  2072,  4094,    39,  4093
reply ,   38.83422200306086  ,  4087,  4058,  1647,  1917,     5,     5,  2035,     4,   111,    17
set   ,                      ,  4087,    18,  3963,  2026,  4094,  4094,  2072,  4094,    39,  4093
reply ,   40.067366000585025 ,  4087,  4058,  1647,  1917,     5,     5,  2035,     4,   111,    17
set   ,                      ,  4087,    18,  3963,  2026,  4094,  4094,  2072,  4094,    39,  4093
reply ,   40.64302500046324  ,  4087,  4058,  1647,  1917,     5,     5,  2035,     4,   111,    17
set   ,                      ,  4087,    18,  3963,  2026,  4094,  4094,  2072,  4094,    39,  4093
reply ,   41.56972900091205  ,  4087,  4058,  1647,  1917,     5,     5,  2035,     4,   111,    17
set   ,                      ,  4087,    18,  3963,  2026,  4094,  4094,  2072,  4094,    39,  4093
reply ,   44.54906200044206  ,  4087,  4058,  1647,  1917,     5,     8,  2035,     5,   111,    17
set   ,                      ,  4087,    18,  3963,  2026,  4094,  4094,  2072,  4094,    39,  4093
reply ,   45.095366000168724 ,  4087,  4058,  1647,  1917,     5,     8,  2035,     5,   111,    17
set   ,                      ,  4087,    18,  3963,  2026,  4094,  4094,  2072,  4094,    39,  4093
reply ,   45.684187000006204 ,  4087,  4058,  1647,  1917,     5,     8,  2035,     5,   111,    17
set   ,                      ,  4087,    18,  3963,  2026,  4094,  4094,  2072,  4094,    39,  4093
reply ,   46.399132999795256 ,  4087,  4058,  1647,  1917,     5,     8,  2035,     5,   111,    17
set   ,                      ,  4087,    18,  3963,  2026,  4094,  4094,  2072,  4094,    39,  4093
reply ,   48.38563100202009  ,  4087,  4058,  1647,  1917,     5,     8,  2035,     5,   111,    17
set   ,                      ,  4087,    18,  3963,  2026,  4094,  4094,  2072,  4094,    39,  4093
reply ,   48.980188999848906 ,  4087,  4058,  1647,  1917,     5,     8,  2035,     5,   111,    17
set   ,                      ,  4087,    18,  3963,  2026,  4094,  4094,  2072,  4094,    39,  4093
reply ,   49.497760002850555 ,  4087,  4058,  1647,  1917,     5,     8,  2035,     5,   111,    17
set   ,                      ,  4087,    18,  3963,  2026,  4094,  4094,  2072,  4094,    39,  4093
reply ,   50.449843001842964 ,  4087,  4058,  1647,  1917,     5,     8,  2035,     5,   111,    17
set   ,                      ,  4087,    18,  3963,  2026,  4094,  4094,  2072,  4094,    39,  4093
reply ,   51.239620999695035 ,  4087,  4058,  1647,  1917,     5,     8,  2035,     5,   111,    17
set   ,                      ,  4087,    18,  3963,  2026,  4094,  4094,  2072,  4094,    39,  4093
reply ,   52.31779400128289  ,  4087,  4058,  1647,  1917,    10,    11,  2035,    10,   111,    17
set   ,                      ,  4087,    18,  3963,  2026,  4094,  4094,  2072,  4094,    39,  4093
reply ,   53.21710300268023  ,  4087,  4058,  1647,  1917,    10,    11,  2035,    10,   111,    17
set   ,                      ,  4087,    18,  3963,  2026,  4094,  4094,  2072,  4094,    39,  4093
reply ,   54.94024400104536  ,  4087,  4058,  1647,  1917,    10,    11,  2035,    10,   111,    17
set   ,                      ,  4087,    18,  3963,  2026,  4094,  4094,  2072,  4094,    39,  4093
reply ,   55.52392800018424  ,  4087,  4058,  1647,  1917,    10,    11,  2035,    10,   111,    17
set   ,                      ,  4087,    18,  3963,  2026,  4094,  4094,  2072,  4094,    39,  4093
reply ,   56.40404500081786  ,  4087,  4058,  1647,  1917,    10,    11,  2035,    10,   111,    17
set   ,                      ,  4087,    18,  3963,  2026,  4094,  4094,  2072,  4094,    39,  4093
reply ,   57.577171002776595 ,  4087,  4058,  1647,  1917,    10,    11,  2035,    10,   111,    17
set   ,                      ,  4087,    18,  3963,  2026,  4094,  4094,  2072,  4094,    39,  4093
reply ,   58.43145100152469  ,  4087,  4058,  1647,  1917,    10,    11,  2035,    10,   111,    17
set   ,                      ,  4087,    18,  3963,  2026,  4094,  4094,  2072,  4094,    39,  4093
reply ,   60.88335000094958  ,  4087,  4058,  1647,  1917,    10,    11,  2035,    10,   111,    17
set   ,                      ,  4087,    18,  3963,  2026,  4094,  4094,  2072,  4094,    39,  4093
reply ,   61.450168999726884 ,  4087,  4058,  1647,  1917,    10,    11,  2035,    10,   111,    17
set   ,                      ,  4087,    18,  3963,  2026,  4094,  4094,  2072,  4094,    39,  4093
reply ,   62.68972700127051  ,  4087,  4051,  1654,  1917,    16,    17,  2035,    14,   111,    23
set   ,                      ,  4087,    18,  3963,  2026,  4094,  4094,  2072,  4094,    39,  4093
reply ,   63.27228200098034  ,  4087,  4051,  1654,  1917,    16,    17,  2035,    14,   111,    23
set   ,                      ,  4087,    18,  3963,  2026,  4094,  4094,  2072,  4094,    39,  4093
reply ,   65.07013700320385  ,  4087,  4051,  1654,  1917,    16,    17,  2035,    14,   111,    23
set   ,                      ,  4087,    18,  3963,  2026,  4094,  4094,  2072,  4094,    39,  4093
reply ,   65.63160700170556  ,  4087,  4051,  1654,  1917,    16,    17,  2035,    14,   111,    23
set   ,                      ,  4087,    18,  3963,  2026,  4094,  4094,  2072,  4094,    39,  4093
reply ,   66.43279700074345  ,  4087,  4051,  1654,  1917,    16,    17,  2035,    14,   111,    23
set   ,                      ,  4087,    18,  3963,  2026,  4094,  4094,  2072,  4094,    39,  4093
reply ,   67.2138950030785   ,  4087,  4051,  1654,  1917,    16,    17,  2035,    14,   111,    23
set   ,                      ,  4087,    18,  3963,  2026,  4094,  4094,  2072,  4094,    39,  4093
reply ,   68.42718000189052  ,  4087,  4051,  1654,  1917,    16,    17,  2035,    14,   111,    23
set   ,                      ,  4087,    18,  3963,  2026,  4094,  4094,  2072,  4094,    39,  4093
reply ,   69.37693000145373  ,  4087,  4051,  1654,  1917,    16,    17,  2035,    14,   111,    23
set   ,                      ,  4087,    18,  3963,  2026,  4094,  4094,  2072,  4094,    39,  4093
reply ,   70.40994700219017  ,  4087,  4051,  1654,  1917,    16,    17,  2035,    14,   111,    23
set   ,                      ,  4087,    18,  3963,  2026,  4094,  4094,  2072,  4094,    39,  4093
reply ,   72.44180500129005  ,  4087,  4051,  1654,  1917,    16,    17,  2035,    14,   111,    23
set   ,                      ,  4087,    18,  3963,  2026,  4094,  4094,  2072,  4094,    39,  4093
reply ,   72.97655200090958  ,  4087,  4032,  1663,  1917,    24,    26,  2035,    23,   111,    27
set   ,                      ,  4087,    18,  3963,  2026,  4094,  4094,  2072,  4094,    39,  4093
reply ,   75.63693300107843  ,  4087,  4032,  1663,  1917,    24,    26,  2035,    23,   111,    27
set   ,                      ,  4087,    18,  3963,  2026,  4094,  4094,  2072,  4094,    39,  4093
reply ,   76.21229500000481  ,  4087,  4032,  1663,  1917,    24,    26,  2035,    23,   111,    27
set   ,                      ,  4087,    18,  3963,  2026,  4094,  4094,  2072,  4094,    39,  4093
reply ,   77.31588600290706  ,  4087,  4032,  1663,  1917,    24,    26,  2035,    23,   111,    27
set   ,                      ,  4087,    18,  3963,  2026,  4094,  4094,  2072,  4094,    39,  4093
reply ,   79.41758000015398  ,  4087,  4032,  1663,  1917,    24,    26,  2035,    23,   111,    27
set   ,                      ,  4087,    18,  3963,  2026,  4094,  4094,  2072,  4094,    39,  4093
reply ,   80.03978800115874  ,  4087,  4032,  1663,  1917,    24,    26,  2035,    23,   111,    27
set   ,                      ,  4087,    18,  3963,  2026,  4094,  4094,  2072,  4094,    39,  4093
reply ,   82.0896770019317   ,  4087,  4032,  1663,  1917,    24,    26,  2035,    23,   111,    27
set   ,                      ,  4087,    18,  3963,  2026,  4094,  4094,  2072,  4094,    39,  4093
reply ,   82.65719700284535  ,  4087,  4014,  1676,  1917,    36,    36,  2035,    38,   111,    36
set   ,                      ,  4087,    18,  3963,  2026,  4094,  4094,  2072,  4094,    39,  4093
reply ,   83.5146130011708   ,  4087,  4014,  1676,  1917,    36,    36,  2035,    38,   111,    36
set   ,                      ,  4087,    18,  3963,  2026,  4094,  4094,  2072,  4094,    39,  4093
reply ,   85.63907600182574  ,  4087,  4014,  1676,  1917,    36,    36,  2035,    38,   111,    36
set   ,                      ,  4087,    18,  3963,  2026,  4094,  4094,  2072,  4094,    39,  4093
reply ,   86.89108399994439  ,  4087,  4014,  1676,  1917,    36,    36,  2035,    38,   111,    36
set   ,                      ,  4087,    18,  3963,  2026,  4094,  4094,  2072,  4094,    39,  4093
reply ,   87.44341500278097  ,  4087,  4014,  1676,  1917,    36,    36,  2035,    38,   111,    36
set   ,                      ,  4087,    18,  3963,  2026,  4094,  4094,  2072,  4094,    39,  4093
reply ,   90.07116500288248  ,  4087,  4014,  1676,  1917,    36,    36,  2035,    38,   111,    36
set   ,                      ,  4087,    18,  3963,  2026,  4094,  4094,  2072,  4094,    39,  4093
reply ,   91.24217400312773  ,  4087,  4014,  1676,  1917,    36,    36,  2035,    38,   111,    36
set   ,                      ,  4087,    18,  3963,  2026,  4094,  4094,  2072,  4094,    39,  4093
reply ,   91.78864000205067  ,  4087,  4014,  1676,  1917,    36,    36,  2035,    38,   111,    36
set   ,                      ,  4087,    18,  3963,  2026,  4094,  4094,  2072,  4094,    39,  4093
reply ,   92.3232929999358   ,  4087,  3973,  1691,  1917,    54,    54,  2035,    52,   111,    48
set   ,                      ,  4087,    18,  3963,  2026,  4094,  4094,  2072,  4094,    39,  4093
reply ,   93.29083700140473  ,  4087,  3973,  1691,  1917,    54,    54,  2035,    52,   111,    48
set   ,                      ,  4087,    18,  3963,  2026,  4094,  4094,  2072,  4094,    39,  4093
reply ,   96.07764400061569  ,  4087,  3973,  1691,  1917,    54,    54,  2035,    52,   111,    48
set   ,                      ,  4087,    18,  3963,  2026,  4094,  4094,  2072,  4094,    39,  4093
reply ,   96.6141589997278   ,  4087,  3973,  1691,  1917,    54,    54,  2035,    52,   111,    48
set   ,                      ,  4087,    18,  3963,  2026,  4094,  4094,  2072,  4094,    39,  4093
reply ,   97.24097000071197  ,  4087,  3973,  1691,  1917,    54,    54,  2035,    52,   111,    48
set   ,                      ,  4087,    18,  3963,  2026,  4094,  4094,  2072,  4094,    39,  4093
reply ,   98.43682900100248  ,  4087,  3973,  1691,  1917,    54,    54,  2035,    52,   111,    48
set   ,                      ,  4087,    18,  3963,  2026,  4094,  4094,  2072,  4094,    39,  4093
reply ,   99.24627000145847  ,  4087,  3973,  1691,  1917,    54,    54,  2035,    52,   111,    48
set   ,                      ,  4087,    18,  3963,  2026,  4094,  4094,  2072,  4094,    39,  4093
reply ,  100.79686700191814  ,  4087,  3973,  1691,  1917,    54,    54,  2035,    52,   111,    48
set   ,                      ,  4087,    18,  3963,  2026,  4094,  4094,  2072,  4094,    39,  4093
reply ,  101.3765540010354   ,  4087,  3973,  1691,  1917,    54,    54,  2035,    52,   111,    48
set   ,                      ,  4087,    18,  3963,  2026,  4094,  4094,  2072,  4094,    39,  4093
reply ,  102.32007300146506  ,  4087,  3928,  1714,  1917,    73,    77,  2035,    74,   111,    68
set   ,                      ,  4087,    18,  3963,  2026,  4094,  4094,  2072,  4094,    39,  4093
reply ,  103.22985800303286  ,  4087,  3928,  1714,  1917,    73,    77,  2035,    74,   111,    68
set   ,                      ,  4087,    18,  3963,  2026,  4094,  4094,  2072,  4094,    39,  4093
reply ,  105.12372200173559  ,  4087,  3928,  1714,  1917,    73,    77,  2035,    74,   111,    68
set   ,                      ,  4087,    18,  3963,  2026,  4094,  4094,  2072,  4094,    39,  4093
reply ,  106.07899600290693  ,  4087,  3928,  1714,  1917,    73,    77,  2035,    74,   111,    68
set   ,                      ,  4087,    18,  3963,  2026,  4094,  4094,  2072,  4094,    39,  4093
reply ,  108.33007700057351  ,  4087,  3928,  1714,  1917,    73,    77,  2035,    74,   111,    68
set   ,                      ,  4087,    18,  3963,  2026,  4094,  4094,  2072,  4094,    39,  4093
reply ,  108.84647500279243  ,  4087,  3928,  1714,  1917,    73,    77,  2035,    74,   111,    68
set   ,                      ,  4087,    18,  3963,  2026,  4094,  4094,  2072,  4094,    39,  4093
reply ,  109.98258499967051  ,  4087,  3928,  1714,  1917,    73,    77,  2035,    74,   111,    68
set   ,                      ,  4087,    18,  3963,  2026,  4094,  4094,  2072,  4094,    39,  4093
reply ,  110.52338400259032  ,  4087,  3928,  1714,  1917,    73,    77,  2035,    74,   111,    68
set   ,                      ,  4087,    18,  3963,  2026,  4094,  4094,  2072,  4094,    39,  4093
reply ,  111.46156700124266  ,  4087,  3928,  1714,  1917,    73,    77,  2035,    74,   111,    68
set   ,                      ,  4087,    18,  3963,  2026,  4094,  4094,  2072,  4094,    39,  4093
reply ,  112.31381300240173  ,  4087,  3861,  1742,  1917,    98,    98,  2035,    95,   111,    95
set   ,                      ,  4087,    18,  3963,  2026,  4094,  4094,  2072,  4094,    39,  4093
reply ,  113.20148100276128  ,  4087,  3861,  1742,  1917,    98,    98,  2035,    95,   111,    95
set   ,                      ,  4087,    18,  3963,  2026,  4094,  4094,  2072,  4094,    39,  4093
reply ,  115.15630700159818  ,  4087,  3861,  1742,  1917,    98,    98,  2035,    95,   111,    95
set   ,                      ,  4087,    18,  3963,  2026,  4094,  4094,  2072,  4094,    39,  4093
reply ,  115.69095900267712  ,  4087,  3861,  1742,  1917,    98,    98,  2035,    95,   111,    95
set   ,                      ,  4087,    18,  3963,  2026,  4094,  4094,  2072,  4094,    39,  4093
reply ,  116.41931900157942  ,  4087,  3861,  1742,  1917,    98,    98,  2035,    95,   111,    95
set   ,                      ,  4087,    18,  3963,  2026,  4094,  4094,  2072,  4094,    39,  4093
reply ,  118.31617500138236  ,  4087,  3861,  1742,  1917,    98,    98,  2035,    95,   111,    95
set   ,                      ,  4087,    18,  3963,  2026,  4094,  4094,  2072,  4094,    39,  4093
reply ,  118.84233300224878  ,  4087,  3861,  1742,  1917,    98,    98,  2035,    95,   111,    95
set   ,                      ,  4087,    18,  3963,  2026,  4094,  4094,  2072,  4094,    39,  4093
reply ,  119.54352900283993  ,  4087,  3861,  1742,  1917,    98,    98,  2035,    95,   111,    95
set   ,                      ,  4087,    18,  3963,  2026,  4094,  4094,  2072,  4094,    39,  4093
reply ,  120.42546500015305  ,  4087,  3861,  1742,  1917,    98,    98,  2035,    95,   111,    95
set   ,                      ,  4087,    18,  3963,  2026,  4094,  4094,  2072,  4094,    39,  4093
reply ,  121.64896700051031  ,  4087,  3861,  1742,  1917,    98,    98,  2035,    95,   111,    95
set   ,                      ,  4087,    18,  3963,  2026,  4094,  4094,  2072,  4094,    39,  4093
reply ,  122.93096900248202  ,  4087,  3794,  1773,  1917,   127,   124,  2035,   124,   111,   122
set   ,                      ,  4087,    18,  3963,  2026,  4094,  4094,  2072,  4094,    39,  4093
reply ,  123.47766400125693  ,  4087,  3794,  1773,  1917,   127,   124,  2035,   124,   111,   122
set   ,                      ,  4087,    18,  3963,  2026,  4094,  4094,  2072,  4094,    39,  4093
reply ,  126.14910400225199  ,  4087,  3794,  1773,  1917,   127,   124,  2035,   124,   111,   122
set   ,                      ,  4087,    18,  3963,  2026,  4094,  4094,  2072,  4094,    39,  4093
reply ,  126.70320800316404  ,  4087,  3794,  1773,  1917,   127,   124,  2035,   124,   111,   122
set   ,                      ,  4087,    18,  3963,  2026,  4094,  4094,  2072,  4094,    39,  4093
reply ,  127.38062900098157  ,  4087,  3794,  1773,  1917,   127,   124,  2035,   124,   111,   122
set   ,                      ,  4087,    18,  3963,  2026,  4094,  4094,  2072,  4094,    39,  4093
reply ,  128.4028820009553   ,  4087,  3794,  1773,  1917,   127,   124,  2035,   124,   111,   122
set   ,                      ,  4087,    18,  3963,  2026,  4094,  4094,  2072,  4094,    39,  4093
reply ,  129.3261850005365   ,  4087,  3794,  1773,  1917,   127,   124,  2035,   124,   111,   122
set   ,                      ,  4087,    18,  3963,  2026,  4094,  4094,  2072,  4094,    39,  4093
reply ,  130.5467040001531   ,  4087,  3794,  1773,  1917,   127,   124,  2035,   124,   111,   122
set   ,                      ,  4087,    18,  3963,  2026,  4094,  4094,  2072,  4094,    39,  4093
reply ,  131.21896700249636  ,  4087,  3794,  1773,  1917,   127,   124,  2035,   124,   111,   122
set   ,                      ,  4087,    18,  3963,  2026,  4094,  4094,  2072,  4094,    39,  4093
reply ,  133.7873660013429   ,  4087,  3708,  1811,  1917,   156,   156,  2035,   152,   111,   155
set   ,                      ,  4087,    18,  3963,  2026,  4094,  4094,  2072,  4094,    39,  4093
reply ,  135.0717910027015   ,  4087,  3708,  1811,  1917,   156,   156,  2035,   152,   111,   155
set   ,                      ,  4087,    18,  3963,  2026,  4094,  4094,  2072,  4094,    39,  4093
reply ,  135.61115300035453  ,  4087,  3708,  1811,  1917,   156,   156,  2035,   152,   111,   155
set   ,                      ,  4087,    18,  3963,  2026,  4094,  4094,  2072,  4094,    39,  4093
reply ,  137.10906800042721  ,  4087,  3708,  1811,  1917,   156,   156,  2035,   152,   111,   155
set   ,                      ,  4087,    18,  3963,  2026,  4094,  4094,  2072,  4094,    39,  4093
reply ,  137.66795500123408  ,  4087,  3708,  1811,  1917,   156,   156,  2035,   152,   111,   155
set   ,                      ,  4087,    18,  3963,  2026,  4094,  4094,  2072,  4094,    39,  4093
reply ,  140.1598219999869   ,  4087,  3708,  1811,  1917,   156,   156,  2035,   152,   111,   155
set   ,                      ,  4087,    18,  3963,  2026,  4094,  4094,  2072,  4094,    39,  4093
reply ,  140.68939900244004  ,  4087,  3708,  1811,  1917,   156,   156,  2035,   152,   111,   155
set   ,                      ,  4087,    18,  3963,  2026,  4094,  4094,  2072,  4094,    39,  4093
reply ,  141.2403300018923   ,  4087,  3708,  1811,  1917,   156,   156,  2035,   152,   111,   155
set   ,                      ,  4087,    18,  3963,  2026,  4094,  4094,  2072,  4094,    39,  4093
reply ,  142.32411600096384  ,  4087,  3615,  1849,  1917,   188,   190,  2035,   190,   111,   190
set   ,                      ,  4087,    18,  3963,  2026,  4094,  4094,  2072,  4094,    39,  4093
reply ,  143.87816000089515  ,  4087,  3615,  1849,  1917,   188,   190,  2035,   190,   111,   190
set   ,                      ,  4087,    18,  3963,  2026,  4094,  4094,  2072,  4094,    39,  4093
reply ,  144.9336450023111   ,  4087,  3615,  1849,  1917,   188,   190,  2035,   190,   111,   190
set   ,                      ,  4087,    18,  3963,  2026,  4094,  4094,  2072,  4094,    39,  4093
reply ,  145.50676300132181  ,  4087,  3615,  1849,  1917,   188,   190,  2035,   190,   111,   190
set   ,                      ,  4087,    18,  3963,  2026,  4094,  4094,  2072,  4094,    39,  4093
reply ,  146.45432700126548  ,  4087,  3615,  1849,  1917,   188,   190,  2035,   190,   111,   190
set   ,                      ,  4087,    18,  3963,  2026,  4094,  4094,  2072,  4094,    39,  4093
reply ,  147.26281399998697  ,  4087,  3615,  1849,  1917,   188,   190,  2035,   190,   111,   190
set   ,                      ,  4087,    18,  3963,  2026,  4094,  4094,  2072,  4094,    39,  4093
reply ,  148.42468900314998  ,  4087,  3615,  1849,  1917,   188,   190,  2035,   190,   111,   190
set   ,                      ,  4087,    18,  3963,  2026,  4094,  4094,  2072,  4094,    39,  4093
reply ,  149.2271340030129   ,  4087,  3615,  1849,  1917,   188,   190,  2035,   190,   111,   190
set   ,                      ,  4087,    18,  3963,  2026,  4094,  4094,  2072,  4094,    39,  4093
reply ,  150.4192829997919   ,  4087,  3615,  1849,  1917,   188,   190,  2035,   190,   111,   190
set   ,                      ,  4087,    18,  3963,  2026,  4094,  4094,  2072,  4094,    39,  4093
reply ,  151.24082600232214  ,  4087,  3615,  1849,  1917,   188,   190,  2035,   190,   111,   190
set   ,                      ,  4087,    18,  3963,  2026,  4094,  4094,  2072,  4094,    39,  4093
reply ,  152.5027340030647   ,  4087,  3515,  1885,  1917,   228,   231,  2035,   231,   111,   229
set   ,                      ,  4087,    18,  3963,  2026,  4094,  4094,  2072,  4094,    39,  4093
reply ,  153.33496099992772  ,  4087,  3515,  1885,  1917,   228,   231,  2035,   231,   111,   229
set   ,                      ,  4087,    18,  3963,  2026,  4094,  4094,  2072,  4094,    39,  4093
reply ,  154.98582800137228  ,  4087,  3515,  1885,  1917,   228,   231,  2035,   231,   111,   229
set   ,                      ,  4087,    18,  3963,  2026,  4094,  4094,  2072,  4094,    39,  4093
reply ,  157.24833300191676  ,  4087,  3515,  1885,  1917,   228,   231,  2035,   231,   111,   229
set   ,                      ,  4087,    18,  3963,  2026,  4094,  4094,  2072,  4094,    39,  4093
reply ,  158.32121600033133  ,  4087,  3515,  1885,  1917,   228,   231,  2035,   231,   111,   229
set   ,                      ,  4087,    18,  3963,  2026,  4094,  4094,  2072,  4094,    39,  4093
reply ,  158.90516800209298  ,  4087,  3515,  1885,  1917,   228,   231,  2035,   231,   111,   229
set   ,                      ,  4087,    18,  3963,  2026,  4094,  4094,  2072,  4094,    39,  4093
reply ,  159.4286990002729   ,  4087,  3515,  1885,  1917,   228,   231,  2035,   231,   111,   229
set   ,                      ,  4087,    18,  3963,  2026,  4094,  4094,  2072,  4094,    39,  4093
reply ,  160.409628002526    ,  4087,  3515,  1885,  1917,   228,   231,  2035,   231,   111,   229
set   ,                      ,  4087,    18,  3963,  2026,  4094,  4094,  2072,  4094,    39,  4093
reply ,  161.29040000305395  ,  4087,  3515,  1885,  1917,   228,   231,  2035,   231,   111,   229
set   ,                      ,  4087,    18,  3963,  2026,  4094,  4094,  2072,  4094,    39,  4093
reply ,  162.28810100074043  ,  4087,  3399,  1928,  1917,   272,   275,  2035,   279,   111,   270
set   ,                      ,  4087,    18,  3963,  2026,  4094,  4094,  2072,  4094,    39,  4093
reply ,  163.22228700300911  ,  4087,  3399,  1928,  1917,   272,   275,  2035,   279,   111,   270
set   ,                      ,  4087,    18,  3963,  2026,  4094,  4094,  2072,  4094,    39,  4093
reply ,  165.23827900164179  ,  4087,  3399,  1928,  1917,   272,   275,  2035,   279,   111,   270
set   ,                      ,  4087,    18,  3963,  2026,  4094,  4094,  2072,  4094,    39,  4093
reply ,  165.8142250016681   ,  4087,  3399,  1928,  1917,   272,   275,  2035,   279,   111,   270
set   ,                      ,  4087,    18,  3963,  2026,  4094,  4094,  2072,  4094,    39,  4093
reply ,  168.48424500130932  ,  4087,  3399,  1928,  1917,   272,   275,  2035,   279,   111,   270
set   ,                      ,  4087,    18,  3963,  2026,  4094,  4094,  2072,  4094,    39,  4093
reply ,  169.5036750024883   ,  4087,  3399,  1928,  1917,   272,   275,  2035,   279,   111,   270
set   ,                      ,  4087,    18,  3963,  2026,  4094,  4094,  2072,  4094,    39,  4093
reply ,  170.04978700060747  ,  4087,  3399,  1928,  1917,   272,   275,  2035,   279,   111,   270
set   ,                      ,  4087,    18,  3963,  2026,  4094,  4094,  2072,  4094,    39,  4093
reply ,  170.6493870005943   ,  4087,  3399,  1928,  1917,   272,   275,  2035,   279,   111,   270
set   ,                      ,  4087,    18,  3963,  2026,  4094,  4094,  2072,  4094,    39,  4093
reply ,  171.5043100011826   ,  4087,  3399,  1928,  1917,   272,   275,  2035,   279,   111,   270
set   ,                      ,  4087,    18,  3963,  2026,  4094,  4094,  2072,  4094,    39,  4093
reply ,  172.82941000303254  ,  4087,  3287,  1978,  1917,   318,   326,  2035,   324,   111,   315
set   ,                      ,  4087,    18,  3963,  2026,  4094,  4094,  2072,  4094,    39,  4093
reply ,  173.38675500286627  ,  4087,  3287,  1978,  1917,   318,   326,  2035,   324,   111,   315
set   ,                      ,  4087,    18,  3963,  2026,  4094,  4094,  2072,  4094,    39,  4093
reply ,  175.88060700290953  ,  4087,  3287,  1978,  1917,   318,   326,  2035,   324,   111,   315
set   ,                      ,  4087,    18,  3963,  2026,  4094,  4094,  2072,  4094,    39,  4093
reply ,  177.0513920018857   ,  4087,  3287,  1978,  1917,   318,   326,  2035,   324,   111,   315
set   ,                      ,  4087,    18,  3963,  2026,  4094,  4094,  2072,  4094,    39,  4093
reply ,  177.60579000241705  ,  4087,  3287,  1978,  1917,   318,   326,  2035,   324,   111,   315
set   ,                      ,  4087,    18,  3963,  2026,  4094,  4094,  2072,  4094,    39,  4093
reply ,  178.9893840032164   ,  4087,  3287,  1978,  1917,   318,   326,  2035,   324,   111,   315
set   ,                      ,  4087,    18,  3963,  2026,  4094,  4094,  2072,  4094,    39,  4093
reply ,  179.57991100047366  ,  4087,  3287,  1978,  1917,   318,   326,  2035,   324,   111,   315
set   ,                      ,  4087,    18,  3963,  2026,  4094,  4094,  2072,  4094,    39,  4093
reply ,  180.39117800071836  ,  4087,  3287,  1978,  1917,   318,   326,  2035,   324,   111,   315
set   ,                      ,  4087,    18,  3963,  2026,  4094,  4094,  2072,  4094,    39,  4093
reply ,  181.2285289997817   ,  4087,  3287,  1978,  1917,   318,   326,  2035,   324,   111,   315
set   ,                      ,  4087,    18,  3963,  2026,  4094,  4094,  2072,  4094,    39,  4093
reply ,  183.98600000000442  ,  4087,  3161,  2032,  1917,   368,   377,  2035,   378,   111,   371
set   ,                      ,  4087,    18,  3963,  2026,  4094,  4094,  2072,  4094,    39,  4093
reply ,  184.93871400278294  ,  4087,  3161,  2032,  1917,   368,   377,  2035,   378,   111,   371
set   ,                      ,  4087,    18,  3963,  2026,  4094,  4094,  2072,  4094,    39,  4093
reply ,  185.492755001178    ,  4087,  3161,  2032,  1917,   368,   377,  2035,   378,   111,   371
set   ,                      ,  4087,    18,  3963,  2026,  4094,  4094,  2072,  4094,    39,  4093
reply ,  186.7350520005857   ,  4087,  3161,  2032,  1917,   368,   377,  2035,   378,   111,   371
set   ,                      ,  4087,    18,  3963,  2026,  4094,  4094,  2072,  4094,    39,  4093
reply ,  187.26492900168523  ,  4087,  3161,  2032,  1917,   368,   377,  2035,   378,   111,   371
set   ,                      ,  4087,    18,  3963,  2026,  4094,  4094,  2072,  4094,    39,  4093
reply ,  189.65496300006635  ,  4087,  3161,  2032,  1917,   368,   377,  2035,   378,   111,   371
set   ,                      ,  4087,    18,  3963,  2026,  4094,  4094,  2072,  4094,    39,  4093
reply ,  190.41651000225102  ,  4087,  3161,  2032,  1917,   368,   377,  2035,   378,   111,   371
set   ,                      ,  4087,    18,  3963,  2026,  4094,  4094,  2072,  4094,    39,  4093
reply ,  191.2262850019033   ,  4087,  3161,  2032,  1917,   368,   377,  2035,   378,   111,   371
set   ,                      ,  4087,    18,  3963,  2026,  4094,  4094,  2072,  4094,    39,  4093
reply ,  193.17027800207143  ,  4087,  3023,  2092,  1917,   421,   433,  2035,   431,   111,   427
set   ,                      ,  4087,    18,  3963,  2026,  4094,  4094,  2072,  4094,    39,  4093
reply ,  193.7424870011455   ,  4087,  3023,  2092,  1917,   421,   433,  2035,   431,   111,   427
set   ,                      ,  4087,    18,  3963,  2026,  4094,  4094,  2072,  4094,    39,  4093
reply ,  194.94694000240997  ,  4087,  3023,  2092,  1917,   421,   433,  2035,   431,   111,   427
set   ,                      ,  4087,    18,  3963,  2026,  4094,  4094,  2072,  4094,    39,  4093
reply ,  195.50866700228653  ,  4087,  3023,  2092,  1917,   421,   433,  2035,   431,   111,   427
set   ,                      ,  4087,    18,  3963,  2026,  4094,  4094,  2072,  4094,    39,  4093
reply ,  196.5275920010754   ,  4087,  3023,  2092,  1917,   421,   433,  2035,   431,   111,   427
set   ,                      ,  4087,    18,  3963,  2026,  4094,  4094,  2072,  4094,    39,  4093
reply ,  197.22506000107387  ,  4087,  3023,  2092,  1917,   421,   433,  2035,   431,   111,   427
set   ,                      ,  4087,    18,  3963,  2026,  4094,  4094,  2072,  4094,    39,  4093
reply ,  198.39834200320183  ,  4087,  3023,  2092,  1917,   421,   433,  2035,   431,   111,   427
set   ,                      ,  4087,    18,  3963,  2026,  4094,  4094,  2072,  4094,    39,  4093
reply ,  199.20355300200754  ,  4087,  3023,  2092,  1917,   421,   433,  2035,   431,   111,   427
set   ,                      ,  4087,    18,  3963,  2026,  4094,  4094,  2072,  4094,    39,  4093
reply ,  200.3914970009646   ,  4087,  3023,  2092,  1917,   421,   433,  2035,   431,   111,   427
set   ,                      ,  4087,    18,  3963,  2026,  4094,  4094,  2072,  4094,    39,  4093
reply ,  201.29332200303907  ,  4087,  3023,  2092,  1917,   421,   433,  2035,   431,   111,   427
set   ,                      ,  4087,    18,  3963,  2026,  4094,  4094,  2072,  4094,    39,  4093
reply ,  202.27080000040587  ,  4087,  2882,  2151,  1917,   479,   491,  2035,   485,   111,   482
set   ,                      ,  4087,    18,  3963,  2026,  4094,  4094,  2072,  4094,    39,  4093
reply ,  204.3167430019821   ,  4087,  2882,  2151,  1917,   479,   491,  2035,   485,   111,   482
set   ,                      ,  4087,    18,  3963,  2026,  4094,  4094,  2072,  4094,    39,  4093
reply ,  205.52411500102608  ,  4087,  2882,  2151,  1917,   479,   491,  2035,   485,   111,   482
set   ,                      ,  4087,    18,  3963,  2026,  4094,  4094,  2072,  4094,    39,  4093
reply ,  206.0278040007688   ,  4087,  2882,  2151,  1917,   479,   491,  2035,   485,   111,   482
set   ,                      ,  4087,    18,  3963,  2026,  4094,  4094,  2072,  4094,    39,  4093
reply ,  206.58968000134337  ,  4087,  2882,  2151,  1917,   479,   491,  2035,   485,   111,   482
set   ,                      ,  4087,    18,  3963,  2026,  4094,  4094,  2072,  4094,    39,  4093
reply ,  207.43897400097921  ,  4087,  2882,  2151,  1917,   479,   491,  2035,   485,   111,   482
set   ,                      ,  4087,    18,  3963,  2026,  4094,  4094,  2072,  4094,    39,  4093
reply ,  208.4064650007349   ,  4087,  2882,  2151,  1917,   479,   491,  2035,   485,   111,   482
set   ,                      ,  4087,    18,  3963,  2026,  4094,  4094,  2072,  4094,    39,  4093
reply ,  209.2040090028604   ,  4087,  2882,  2151,  1917,   479,   491,  2035,   485,   111,   482
set   ,                      ,  4087,    18,  3963,  2026,  4094,  4094,  2072,  4094,    39,  4093
reply ,  210.43179800108192  ,  4087,  2882,  2151,  1917,   479,   491,  2035,   485,   111,   482
set   ,                      ,  4087,    18,  3963,  2026,  4094,  4094,  2072,  4094,    39,  4093
reply ,  211.2337260005006   ,  4087,  2882,  2151,  1917,   479,   491,  2035,   485,   111,   482
set   ,                      ,  4087,    18,  3963,  2026,  4094,  4094,  2072,  4094,    39,  4093
reply ,  212.2597850029706   ,  4087,  2729,  2222,  1917,   541,   550,  2035,   550,   111,   545
set   ,                      ,  4087,    18,  3963,  2026,  4094,  4094,  2072,  4094,    39,  4093
reply ,  213.2080320006935   ,  4087,  2729,  2222,  1917,   541,   550,  2035,   550,   111,   545
set   ,                      ,  4087,    18,  3963,  2026,  4094,  4094,  2072,  4094,    39,  4093
reply ,  215.15511500183493  ,  4087,  2729,  2222,  1917,   541,   550,  2035,   550,   111,   545
set   ,                      ,  4087,    18,  3963,  2026,  4094,  4094,  2072,  4094,    39,  4093
reply ,  216.40976700291503  ,  4087,  2729,  2222,  1917,   541,   550,  2035,   550,   111,   545
set   ,                      ,  4087,    18,  3963,  2026,  4094,  4094,  2072,  4094,    39,  4093
reply ,  217.02667499994277  ,  4087,  2729,  2222,  1917,   541,   550,  2035,   550,   111,   545
set   ,                      ,  4087,    18,  3963,  2026,  4094,  4094,  2072,  4094,    39,  4093
reply ,  217.60454600007506  ,  4087,  2729,  2222,  1917,   541,   550,  2035,   550,   111,   545
set   ,                      ,  4087,    18,  3963,  2026,  4094,  4094,  2072,  4094,    39,  4093
reply ,  218.4135960014828   ,  4087,  2729,  2222,  1917,   541,   550,  2035,   550,   111,   545
set   ,                      ,  4087,    18,  3963,  2026,  4094,  4094,  2072,  4094,    39,  4093
reply ,  221.21210300247185  ,  4087,  2729,  2222,  1917,   541,   550,  2035,   550,   111,   545
set   ,                      ,  4087,    18,  3963,  2026,  4094,  4094,  2072,  4094,    39,  4093
reply ,  221.7760690000432   ,  4087,  2729,  2222,  1917,   541,   550,  2035,   550,   111,   545
set   ,                      ,  4087,    18,  3963,  2026,  4094,  4094,  2072,  4094,    39,  4093
reply ,  222.31342200029758  ,  4087,  2569,  2292,  1917,   602,   615,  2035,   612,   111,   614
set   ,                      ,  4087,    18,  3963,  2026,  4094,  4094,  2072,  4094,    39,  4093
reply ,  223.2318860005762   ,  4087,  2569,  2292,  1917,   602,   615,  2035,   612,   111,   614
set   ,                      ,  4087,    18,  3963,  2026,  4094,  4094,  2072,  4094,    39,  4093
reply ,  224.97551800188376  ,  4087,  2569,  2292,  1917,   602,   615,  2035,   612,   111,   614
set   ,                      ,  4087,    18,  3963,  2026,  4094,  4094,  2072,  4094,    39,  4093
reply ,  225.496782000846    ,  4087,  2569,  2292,  1917,   602,   615,  2035,   612,   111,   614
set   ,                      ,  4087,    18,  3963,  2026,  4094,  4094,  2072,  4094,    39,  4093
reply ,  226.39077400162932  ,  4087,  2569,  2292,  1917,   602,   615,  2035,   612,   111,   614
set   ,                      ,  4087,    18,  3963,  2026,  4094,  4094,  2072,  4094,    39,  4093
reply ,  227.20364300039364  ,  4087,  2569,  2292,  1917,   602,   615,  2035,   612,   111,   614
set   ,                      ,  4087,    18,  3963,  2026,  4094,  4094,  2072,  4094,    39,  4093
reply ,  228.42918600144912  ,  4087,  2569,  2292,  1917,   602,   615,  2035,   612,   111,   614
set   ,                      ,  4087,    18,  3963,  2026,  4094,  4094,  2072,  4094,    39,  4093
reply ,  229.92536700257915  ,  4087,  2569,  2292,  1917,   602,   615,  2035,   612,   111,   614
set   ,                      ,  4087,    18,  3963,  2026,  4094,  4094,  2072,  4094,    39,  4093
reply ,  230.43390400198405  ,  4087,  2569,  2292,  1917,   602,   615,  2035,   612,   111,   614
set   ,                      ,  4087,    18,  3963,  2026,  4094,  4094,  2072,  4094,    39,  4093
reply ,  231.4743160022772   ,  4087,  2569,  2292,  1917,   602,   615,  2035,   612,   111,   614
set   ,                      ,  4087,    18,  3963,  2026,  4094,  4094,  2072,  4094,    39,  4093
reply ,  232.6899060026335   ,  4087,  2398,  2367,  1917,   672,   686,  2035,   684,   111,   683
set   ,                      ,  4087,    18,  3963,  2026,  4094,  4094,  2072,  4094,    39,  4093
reply ,  233.20842000248376  ,  4087,  2398,  2367,  1917,   672,   686,  2035,   684,   111,   683
set   ,                      ,  4087,    18,  3963,  2026,  4094,  4094,  2072,  4094,    39,  4093
reply ,  235.7463270018343   ,  4087,  2398,  2367,  1917,   672,   686,  2035,   684,   111,   683
set   ,                      ,  4087,    18,  3963,  2026,  4094,  4094,  2072,  4094,    39,  4093
reply ,  237.26888800229062  ,  4087,  2398,  2367,  1917,   672,   686,  2035,   684,   111,   683
set   ,                      ,  4087,    18,  3963,  2026,  4094,  4094,  2072,  4094,    39,  4093
reply ,  237.86256899984437  ,  4087,  2398,  2367,  1917,   672,   686,  2035,   684,   111,   683
set   ,                      ,  4087,    18,  3963,  2026,  4094,  4094,  2072,  4094,    39,  4093
reply ,  239.19157100317534  ,  4087,  2398,  2367,  1917,   672,   686,  2035,   684,   111,   683
set   ,                      ,  4087,    18,  3963,  2026,  4094,  4094,  2072,  4094,    39,  4093
reply ,  239.7446780014434   ,  4087,  2398,  2367,  1917,   672,   686,  2035,   684,   111,   683
set   ,                      ,  4087,    18,  3963,  2026,  4094,  4094,  2072,  4094,    39,  4093
reply ,  240.55792100261897  ,  4087,  2398,  2367,  1917,   672,   686,  2035,   684,   111,   683
set   ,                      ,  4087,    18,  3963,  2026,  4094,  4094,  2072,  4094,    39,  4093
reply ,  241.28499800281134  ,  4087,  2398,  2367,  1917,   672,   686,  2035,   684,   111,   683
set   ,                      ,  4087,    18,  3963,  2026,  4094,  4094,  2072,  4094,    39,  4093
reply ,  242.99369300206308  ,  4087,  2200,  2446,  1917,   754,   756,  2035,   757,   111,   757
set   ,                      ,  4087,    18,  3963,  2026,  4094,  4094,  2072,  4094,    39,  4093
reply ,  243.51966600079322  ,  4087,  2200,  2446,  1917,   754,   756,  2035,   757,   111,   757
set   ,                      ,  4087,    18,  3963,  2026,  4094,  4094,  2072,  4094,    39,  4093
reply ,  246.07120899963775  ,  4087,  2200,  2446,  1917,   754,   756,  2035,   757,   111,   757
set   ,                      ,  4087,    18,  3963,  2026,  4094,  4094,  2072,  4094,    39,  4093
reply ,  247.03874500119127  ,  4087,  2200,  2446,  1917,   754,   756,  2035,   757,   111,   757
set   ,                      ,  4087,    18,  3963,  2026,  4094,  4094,  2072,  4094,    39,  4093
reply ,  247.5845860026311   ,  4087,  2200,  2446,  1917,   754,   756,  2035,   757,   111,   757
set   ,                      ,  4087,    18,  3963,  2026,  4094,  4094,  2072,  4094,    39,  4093
reply ,  248.92648500099313  ,  4087,  2200,  2446,  1917,   754,   756,  2035,   757,   111,   757
set   ,                      ,  4087,    18,  3963,  2026,  4094,  4094,  2072,  4094,    39,  4093
reply ,  250.07332899986068  ,  4087,  2200,  2446,  1917,   754,   756,  2035,   757,   111,   757
set   ,                      ,  4087,    18,  3963,  2026,  4094,  4094,  2072,  4094,    39,  4093
reply ,  250.60483800189104  ,  4087,  2200,  2446,  1917,   754,   756,  2035,   757,   111,   757
set   ,                      ,  4087,    18,  3963,  2026,  4094,  4094,  2072,  4094,    39,  4093
reply ,  251.29561600260786  ,  4087,  2200,  2446,  1917,   754,   756,  2035,   757,   111,   757
set   ,                      ,  4087,    18,  3963,  2026,  4094,  4094,  2072,  4094,    39,  4093
reply ,  253.65948500257218  ,  4087,  2018,  2528,  1917,   827,   836,  2035,   835,   111,   836
set   ,                      ,  4087,    18,  3963,  2026,  4094,  4094,  2072,  4094,    39,  4093
reply ,  254.98649800283602  ,  4087,  2018,  2528,  1917,   827,   836,  2035,   835,   111,   836
set   ,                      ,  4087,    18,  3963,  2026,  4094,  4094,  2072,  4094,    39,  4093
reply ,  255.58279899996705  ,  4087,  2018,  2528,  1917,   827,   836,  2035,   835,   111,   836
set   ,                      ,  4087,    18,  3963,  2026,  4094,  4094,  2072,  4094,    39,  4093
reply ,  256.4208710027742   ,  4087,  2018,  2528,  1917,   827,   836,  2035,   835,   111,   836
set   ,                      ,  4087,    18,  3963,  2026,  4094,  4094,  2072,  4094,    39,  4093
reply ,  257.5065970013384   ,  4087,  2018,  2528,  1917,   827,   836,  2035,   835,   111,   836
set   ,                      ,  4087,    18,  3963,  2026,  4094,  4094,  2072,  4094,    39,  4093
reply ,  258.42940300208284  ,  4087,  2018,  2528,  1917,   827,   836,  2035,   835,   111,   836
set   ,                      ,  4087,    18,  3963,  2026,  4094,  4094,  2072,  4094,    39,  4093
reply ,  260.4943980004464   ,  4087,  2018,  2528,  1917,   827,   836,  2035,   835,   111,   836
set   ,                      ,  4087,    18,  3963,  2026,  4094,  4094,  2072,  4094,    39,  4093
reply ,  261.59515300241765  ,  4087,  2018,  2528,  1917,   827,   836,  2035,   835,   111,   836
set   ,                      ,  4087,    18,  3963,  2026,  4094,  4094,  2072,  4094,    39,  4093
reply ,  262.13937400098075  ,  4087,  2018,  2528,  1917,   827,   836,  2035,   835,   111,   836
set   ,                      ,  4087,    18,  3963,  2026,  4094,  4094,  2072,  4094,    39,  4093
reply ,  262.71409400214907  ,  4087,  1839,  2615,  1917,   912,   917,  2035,   917,   111,   917
set   ,                      ,  4087,    18,  3963,  2026,  4094,  4094,  2072,  4094,    39,  4093
reply ,  264.52922300086357  ,  4087,  1839,  2615,  1917,   912,   917,  2035,   917,   111,   917
set   ,                      ,  4087,    18,  3963,  2026,  4094,  4094,  2072,  4094,    39,  4093
reply ,  265.05506000103196  ,  4087,  1839,  2615,  1917,   912,   917,  2035,   917,   111,   917
set   ,                      ,  4087,    18,  3963,  2026,  4094,  4094,  2072,  4094,    39,  4093
reply ,  267.41398600279354  ,  4087,  1839,  2615,  1917,   912,   917,  2035,   917,   111,   917
set   ,                      ,  4087,    18,  3963,  2026,  4094,  4094,  2072,  4094,    39,  4093
reply ,  268.4335270023439   ,  4087,  1839,  2615,  1917,   912,   917,  2035,   917,   111,   917
set   ,                      ,  4087,    18,  3963,  2026,  4094,  4094,  2072,  4094,    39,  4093
reply ,  269.03240800311323  ,  4087,  1839,  2615,  1917,   912,   917,  2035,   917,   111,   917
set   ,                      ,  4087,    18,  3963,  2026,  4094,  4094,  2072,  4094,    39,  4093
reply ,  270.2020380020258   ,  4087,  1839,  2615,  1917,   912,   917,  2035,   917,   111,   917
set   ,                      ,  4087,    18,  3963,  2026,  4094,  4094,  2072,  4094,    39,  4093
reply ,  271.22969700212707  ,  4087,  1839,  2615,  1917,   912,   917,  2035,   917,   111,   917
set   ,                      ,  4087,    18,  3963,  2026,  4094,  4094,  2072,  4094,    39,  4093
reply ,  271.78758200170705  ,  4087,  1839,  2615,  1917,   912,   917,  2035,   917,   111,   917
set   ,                      ,  4087,    18,  3963,  2026,  4094,  4094,  2072,  4094,    39,  4093
reply ,  274.1977389996464   ,  4087,  1660,  2704,  1917,   997,  1002,  2035,  1003,   111,  1002
set   ,                      ,  4087,    18,  3963,  2026,  4094,  4094,  2072,  4094,    39,  4093
reply ,  275.2033210017544   ,  4087,  1660,  2704,  1917,   997,  1002,  2035,  1003,   111,  1002
set   ,                      ,  4087,    18,  3963,  2026,  4094,  4094,  2072,  4094,    39,  4093
reply ,  275.75837100084755  ,  4087,  1660,  2704,  1917,   997,  1002,  2035,  1003,   111,  1002
set   ,                      ,  4087,    18,  3963,  2026,  4094,  4094,  2072,  4094,    39,  4093
reply ,  276.9862870009092   ,  4087,  1660,  2704,  1917,   997,  1002,  2035,  1003,   111,  1002
set   ,                      ,  4087,    18,  3963,  2026,  4094,  4094,  2072,  4094,    39,  4093
reply ,  279.72345600210247  ,  4087,  1660,  2704,  1917,   997,  1002,  2035,  1003,   111,  1002
set   ,                      ,  4087,    18,  3963,  2026,  4094,  4094,  2072,  4094,    39,  4093
reply ,  280.431117000262    ,  4087,  1660,  2704,  1917,   997,  1002,  2035,  1003,   111,  1002
set   ,                      ,  4087,    18,  3963,  2026,  4094,  4094,  2072,  4094,    39,  4093
reply ,  281.21068400287186  ,  4087,  1660,  2704,  1917,   997,  1002,  2035,  1003,   111,  1002
set   ,                      ,  4087,    18,  3963,  2026,  4094,  4094,  2072,  4094,    39,  4093
reply ,  282.74441600296996  ,  4087,  1485,  2802,  1917,  1086,  1092,  2035,  1091,   111,  1092
set   ,                      ,  4087,    18,  3963,  2026,  4094,  4094,  2072,  4094,    39,  4093
reply ,  283.26307099996484  ,  4087,  1485,  2802,  1917,  1086,  1092,  2035,  1091,   111,  1092
set   ,                      ,  4087,    18,  3963,  2026,  4094,  4094,  2072,  4094,    39,  4093
reply ,  284.9251620027644   ,  4087,  1485,  2802,  1917,  1086,  1092,  2035,  1091,   111,  1092
set   ,                      ,  4087,    18,  3963,  2026,  4094,  4094,  2072,  4094,    39,  4093
reply ,  285.4638960016018   ,  4087,  1485,  2802,  1917,  1086,  1092,  2035,  1091,   111,  1092
set   ,                      ,  4087,    18,  3963,  2026,  4094,  4094,  2072,  4094,    39,  4093
reply ,  286.39754300093045  ,  4087,  1485,  2802,  1917,  1086,  1092,  2035,  1091,   111,  1092
set   ,                      ,  4087,    18,  3963,  2026,  4094,  4094,  2072,  4094,    39,  4093
reply ,  287.2117340011755   ,  4087,  1485,  2802,  1917,  1086,  1092,  2035,  1091,   111,  1092
set   ,                      ,  4087,    18,  3963,  2026,  4094,  4094,  2072,  4094,    39,  4093
reply ,  288.4111590028624   ,  4087,  1485,  2802,  1917,  1086,  1092,  2035,  1091,   111,  1092
set   ,                      ,  4087,    18,  3963,  2026,  4094,  4094,  2072,  4094,    39,  4093
reply ,  289.2124660029367   ,  4087,  1485,  2802,  1917,  1086,  1092,  2035,  1091,   111,  1092
set   ,                      ,  4087,    18,  3963,  2026,  4094,  4094,  2072,  4094,    39,  4093
reply ,  290.4173670031014   ,  4087,  1485,  2802,  1917,  1086,  1092,  2035,  1091,   111,  1092
set   ,                      ,  4087,    18,  3963,  2026,  4094,  4094,  2072,  4094,    39,  4093
reply ,  292.93070700077806  ,  4087,  1485,  2802,  1917,  1086,  1092,  2035,  1091,   111,  1092
set   ,                      ,  4087,    18,  3963,  2026,  4094,  4094,  2072,  4094,    39,  4093
reply ,  293.8800049996644   ,  4087,  1325,  2892,  1917,  1180,  1177,  2035,  1181,   111,  1196
set   ,                      ,  4087,    18,  3963,  2026,  4094,  4094,  2072,  4094,    39,  4093
reply ,  295.57736000060686  ,  4087,  1325,  2892,  1917,  1180,  1177,  2035,  1181,   111,  1196
set   ,                      ,  4087,    18,  3963,  2026,  4094,  4094,  2072,  4094,    39,  4093
reply ,  296.18212900095386  ,  4087,  1325,  2892,  1917,  1180,  1177,  2035,  1181,   111,  1196
set   ,                      ,  4087,    18,  3963,  2026,  4094,  4094,  2072,  4094,    39,  4093
reply ,  296.7451719996461   ,  4087,  1325,  2892,  1917,  1180,  1177,  2035,  1181,   111,  1196
set   ,                      ,  4087,    18,  3963,  2026,  4094,  4094,  2072,  4094,    39,  4093
reply ,  297.28445900036604  ,  4087,  1325,  2892,  1917,  1180,  1177,  2035,  1181,   111,  1196
set   ,                      ,  4087,    18,  3963,  2026,  4094,  4094,  2072,  4094,    39,  4093
reply ,  298.9086720008345   ,  4087,  1325,  2892,  1917,  1180,  1177,  2035,  1181,   111,  1196
set   ,                      ,  4087,    18,  3963,  2026,  4094,  4094,  2072,  4094,    39,  4093
reply ,  299.4332030029909   ,  4087,  1325,  2892,  1917,  1180,  1177,  2035,  1181,   111,  1196
set   ,                      ,  4087,    18,  3963,  2026,  4094,  4094,  2072,  4094,    39,  4093
reply ,  301.75639200024307  ,  4087,  1325,  2892,  1917,  1180,  1177,  2035,  1181,   111,  1196
set   ,                      ,  4087,    18,  3963,  2026,  4094,  4094,  2072,  4094,    39,  4093
reply ,  302.8352649998851   ,  4087,  1169,  2982,  1917,  1275,  1281,  2035,  1277,   111,  1293
set   ,                      ,  4087,    18,  3963,  2026,  4094,  4094,  2072,  4094,    39,  4093
reply ,  303.3832680011983   ,  4087,  1169,  2982,  1917,  1275,  1281,  2035,  1277,   111,  1293
set   ,                      ,  4087,    18,  3963,  2026,  4094,  4094,  2072,  4094,    39,  4093
reply ,  304.9268430004304   ,  4087,  1169,  2982,  1917,  1275,  1281,  2035,  1277,   111,  1293
set   ,                      ,  4087,    18,  3963,  2026,  4094,  4094,  2072,  4094,    39,  4093
reply ,  307.5572600027954   ,  4087,  1169,  2982,  1917,  1275,  1281,  2035,  1277,   111,  1293
set   ,                      ,  4087,    18,  3963,  2026,  4094,  4094,  2072,  4094,    39,  4093
reply ,  308.1135850006831   ,  4087,  1169,  2982,  1917,  1275,  1281,  2035,  1277,   111,  1293
set   ,                      ,  4087,    18,  3963,  2026,  4094,  4094,  2072,  4094,    39,  4093
reply ,  308.94679500124766  ,  4087,  1169,  2982,  1917,  1275,  1281,  2035,  1277,   111,  1293
set   ,                      ,  4087,    18,  3963,  2026,  4094,  4094,  2072,  4094,    39,  4093
reply ,  310.74961200283724  ,  4087,  1169,  2982,  1917,  1275,  1281,  2035,  1277,   111,  1293
set   ,                      ,  4087,    18,  3963,  2026,  4094,  4094,  2072,  4094,    39,  4093
reply ,  311.28694000290125  ,  4087,  1169,  2982,  1917,  1275,  1281,  2035,  1277,   111,  1293
set   ,                      ,  4087,    18,  3963,  2026,  4094,  4094,  2072,  4094,    39,  4093
reply ,  312.3144970013527   ,  4087,  1020,  3068,  1917,  1378,  1380,  2035,  1378,   111,  1392
set   ,                      ,  4087,    18,  3963,  2026,  4094,  4094,  2072,  4094,    39,  4093
reply ,  313.2181870023487   ,  4087,  1020,  3068,  1917,  1378,  1380,  2035,  1378,   111,  1392
set   ,                      ,  4087,    18,  3963,  2026,  4094,  4094,  2072,  4094,    39,  4093
reply ,  314.9190220028686   ,  4087,  1020,  3068,  1917,  1378,  1380,  2035,  1378,   111,  1392
set   ,                      ,  4087,    18,  3963,  2026,  4094,  4094,  2072,  4094,    39,  4093
reply ,  315.4656900005648   ,  4087,  1020,  3068,  1917,  1378,  1380,  2035,  1378,   111,  1392
set   ,                      ,  4087,    18,  3963,  2026,  4094,  4094,  2072,  4094,    39,  4093
reply ,  316.39509500018903  ,  4087,  1020,  3068,  1917,  1378,  1380,  2035,  1378,   111,  1392
set   ,                      ,  4087,    18,  3963,  2026,  4094,  4094,  2072,  4094,    39,  4093
reply ,  317.209366003226    ,  4087,  1020,  3068,  1917,  1378,  1380,  2035,  1378,   111,  1392
set   ,                      ,  4087,    18,  3963,  2026,  4094,  4094,  2072,  4094,    39,  4093
reply ,  319.0732190014387   ,  4087,  1020,  3068,  1917,  1378,  1380,  2035,  1378,   111,  1392
set   ,                      ,  4087,    18,  3963,  2026,  4094,  4094,  2072,  4094,    39,  4093
reply ,  319.61755600059405  ,  4087,  1020,  3068,  1917,  1378,  1380,  2035,  1378,   111,  1392
set   ,                      ,  4087,    18,  3963,  2026,  4094,  4094,  2072,  4094,    39,  4093
reply ,  322.3353780012985   ,  4087,  1020,  3068,  1917,  1378,  1380,  2035,  1378,   111,  1392
set   ,                      ,  4087,    18,  3963,  2026,  4094,  4094,  2072,  4094,    39,  4093
reply ,  323.33249500152306  ,  4087,   875,  3152,  1917,  1477,  1483,  2035,  1490,   111,  1495
set   ,                      ,  4087,    18,  3963,  2026,  4094,  4094,  2072,  4094,    39,  4093
reply ,  323.8580950019241   ,  4087,   875,  3152,  1917,  1477,  1483,  2035,  1490,   111,  1495
set   ,                      ,  4087,    18,  3963,  2026,  4094,  4094,  2072,  4094,    39,  4093
reply ,  325.30673700239277  ,  4087,   875,  3152,  1917,  1477,  1483,  2035,  1490,   111,  1495
set   ,                      ,  4087,    18,  3963,  2026,  4094,  4094,  2072,  4094,    39,  4093
reply ,  325.8981800026959   ,  4087,   875,  3152,  1917,  1477,  1483,  2035,  1490,   111,  1495
set   ,                      ,  4087,    18,  3963,  2026,  4094,  4094,  2072,  4094,    39,  4093
reply ,  326.5033720017527   ,  4087,   875,  3152,  1917,  1477,  1483,  2035,  1490,   111,  1495
set   ,                      ,  4087,    18,  3963,  2026,  4094,  4094,  2072,  4094,    39,  4093
reply ,  327.2199320017535   ,  4087,   875,  3152,  1917,  1477,  1483,  2035,  1490,   111,  1495
set   ,                      ,  4087,    18,  3963,  2026,  4094,  4094,  2072,  4094,    39,  4093
reply ,  329.07365600112826  ,  4087,   875,  3152,  1917,  1477,  1483,  2035,  1490,   111,  1495
set   ,                      ,  4087,    18,  3963,  2026,  4094,  4094,  2072,  4094,    39,  4093
reply ,  329.5868460008933   ,  4087,   875,  3152,  1917,  1477,  1483,  2035,  1490,   111,  1495
set   ,                      ,  4087,    18,  3963,  2026,  4094,  4094,  2072,  4094,    39,  4093
reply ,  331.9927500015183   ,  4087,   875,  3152,  1917,  1477,  1483,  2035,  1490,   111,  1495
set   ,                      ,  4087,    18,  3963,  2026,  4094,  4094,  2072,  4094,    39,  4093
reply ,  333.0524580014753   ,  4087,   744,  3231,  1917,  1588,  1594,  2035,  1597,   111,  1598
set   ,                      ,  4087,    18,  3963,  2026,  4094,  4094,  2072,  4094,    39,  4093
reply ,  333.5870020018774   ,  4087,   744,  3231,  1917,  1588,  1594,  2035,  1597,   111,  1598
set   ,                      ,  4087,    18,  3963,  2026,  4094,  4094,  2072,  4094,    39,  4093
reply ,  334.93411900053616  ,  4087,   744,  3231,  1917,  1588,  1594,  2035,  1597,   111,  1598
set   ,                      ,  4087,    18,  3963,  2026,  4094,  4094,  2072,  4094,    39,  4093
reply ,  335.94069100217894  ,  4087,   744,  3231,  1917,  1588,  1594,  2035,  1597,   111,  1598
set   ,                      ,  4087,    18,  3963,  2026,  4094,  4094,  2072,  4094,    39,  4093
reply ,  336.4899959997274   ,  4087,   744,  3231,  1917,  1588,  1594,  2035,  1597,   111,  1598
set   ,                      ,  4087,    18,  3963,  2026,  4094,  4094,  2072,  4094,    39,  4093
reply ,  337.74979500230984  ,  4087,   744,  3231,  1917,  1588,  1594,  2035,  1597,   111,  1598
set   ,                      ,  4087,    18,  3963,  2026,  4094,  4094,  2072,  4094,    39,  4093
reply ,  338.41111800211365  ,  4087,   744,  3231,  1917,  1588,  1594,  2035,  1597,   111,  1598
set   ,                      ,  4087,    18,  3963,  2026,  4094,  4094,  2072,  4094,    39,  4093
reply ,  340.81921800316195  ,  4087,   744,  3231,  1917,  1588,  1594,  2035,  1597,   111,  1598
set   ,                      ,  4087,    18,  3963,  2026,  4094,  4094,  2072,  4094,    39,  4093
reply ,  341.61949299959815  ,  4087,   744,  3231,  1917,  1588,  1594,  2035,  1597,   111,  1598
set   ,                      ,  4087,    18,  3963,  2026,  4094,  4094,  2072,  4094,    39,  4093
reply ,  342.27732100043795  ,  4087,   633,  3305,  1917,  1695,  1701,  2035,  1705,   111,  1708
set   ,                      ,  4087,    18,  3963,  2026,  4094,  4094,  2072,  4094,    39,  4093
reply ,  343.4245410026051   ,  4087,   633,  3305,  1917,  1695,  1701,  2035,  1705,   111,  1708
set   ,                      ,  4087,    18,  3963,  2026,  4094,  4094,  2072,  4094,    39,  4093
reply ,  344.93426700282726  ,  4087,   633,  3305,  1917,  1695,  1701,  2035,  1705,   111,  1708
set   ,                      ,  4087,    18,  3963,  2026,  4094,  4094,  2072,  4094,    39,  4093
reply ,  345.4832650022581   ,  4087,   633,  3305,  1917,  1695,  1701,  2035,  1705,   111,  1708
set   ,                      ,  4087,    18,  3963,  2026,  4094,  4094,  2072,  4094,    39,  4093
reply ,  347.5612180009193   ,  4087,   633,  3305,  1917,  1695,  1701,  2035,  1705,   111,  1708
set   ,                      ,  4087,    18,  3963,  2026,  4094,  4094,  2072,  4094,    39,  4093
reply ,  348.5962160011695   ,  4087,   633,  3305,  1917,  1695,  1701,  2035,  1705,   111,  1708
set   ,                      ,  4087,    18,  3963,  2026,  4094,  4094,  2072,  4094,    39,  4093
reply ,  349.1273510007886   ,  4087,   633,  3305,  1917,  1695,  1701,  2035,  1705,   111,  1708
set   ,                      ,  4087,    18,  3963,  2026,  4094,  4094,  2072,  4094,    39,  4093
reply ,  350.3990259996499   ,  4087,   633,  3305,  1917,  1695,  1701,  2035,  1705,   111,  1708
set   ,                      ,  4087,    18,  3963,  2026,  4094,  4094,  2072,  4094,    39,  4093
reply ,  353.1969110008504   ,  4087,   633,  3305,  1917,  1695,  1701,  2035,  1705,   111,  1708
set   ,                      ,  4087,    18,  3963,  2026,  4094,  4094,  2072,  4094,    39,  4093
reply ,  353.9303100005782   ,  4087,   525,  3380,  1917,  1811,  1812,  2035,  1816,   111,  1819
set   ,                      ,  4087,    18,  3963,  2026,  4094,  4094,  2072,  4094,    39,  4093
reply ,  356.55424000287894  ,  4087,   525,  3380,  1917,  1811,  1812,  2035,  1816,   111,  1819
set   ,                      ,  4087,    18,  3963,  2026,  4094,  4094,  2072,  4094,    39,  4093
reply ,  357.11023600015324  ,  4087,   525,  3380,  1917,  1811,  1812,  2035,  1816,   111,  1819
set   ,                      ,  4087,    18,  3963,  2026,  4094,  4094,  2072,  4094,    39,  4093
reply ,  357.6972350019787   ,  4087,   525,  3380,  1917,  1811,  1812,  2035,  1816,   111,  1819
set   ,                      ,  4087,    18,  3963,  2026,  4094,  4094,  2072,  4094,    39,  4093
reply ,  358.42966900236206  ,  4087,   525,  3380,  1917,  1811,  1812,  2035,  1816,   111,  1819
set   ,                      ,  4087,    18,  3963,  2026,  4094,  4094,  2072,  4094,    39,  4093
reply ,  359.2474140023114   ,  4087,   525,  3380,  1917,  1811,  1812,  2035,  1816,   111,  1819
set   ,                      ,  4087,    18,  3963,  2026,  4094,  4094,  2072,  4094,    39,  4093
reply ,  360.45178700078395  ,  4087,   525,  3380,  1917,  1811,  1812,  2035,  1816,   111,  1819
set   ,                      ,  4087,    18,  3963,  2026,  4094,  4094,  2072,  4094,    39,  4093
reply ,  361.23073600174394  ,  4087,   525,  3380,  1917,  1811,  1812,  2035,  1816,   111,  1819
set   ,                      ,  4087,    18,  3963,  2026,  4094,  4094,  2072,  4094,    39,  4093
reply ,  362.30229400098324  ,  4087,   435,  3446,  1917,  1920,  1923,  2035,  1932,   111,  1933
set   ,                      ,  4087,    18,  3963,  2026,  4094,  4094,  2072,  4094,    39,  4093
reply ,  363.2082710028044   ,  4087,   435,  3446,  1917,  1920,  1923,  2035,  1932,   111,  1933
set   ,                      ,  4087,    18,  3963,  2026,  4094,  4094,  2072,  4094,    39,  4093
reply ,  364.93831100233365  ,  4087,   435,  3446,  1917,  1920,  1923,  2035,  1932,   111,  1933
set   ,                      ,  4087,    18,  3963,  2026,  4094,  4094,  2072,  4094,    39,  4093
reply ,  365.5193600025086   ,  4087,   435,  3446,  1917,  1920,  1923,  2035,  1932,   111,  1933
set   ,                      ,  4087,    18,  3963,  2026,  4094,  4094,  2072,  4094,    39,  4093
reply ,  367.85632200189866  ,  4087,   435,  3446,  1917,  1920,  1923,  2035,  1932,   111,  1933
set   ,                      ,  4087,    18,  3963,  2026,  4094,  4094,  2072,  4094,    39,  4093
reply ,  368.85095199977513  ,  4087,   435,  3446,  1917,  1920,  1923,  2035,  1932,   111,  1933
set   ,                      ,  4087,    18,  3963,  2026,  4094,  4094,  2072,  4094,    39,  4093
reply ,  369.3777210028202   ,  4087,   435,  3446,  1917,  1920,  1923,  2035,  1932,   111,  1933
set   ,                      ,  4087,    18,  3963,  2026,  4094,  4094,  2072,  4094,    39,  4093
reply ,  370.6862489998457   ,  4087,   435,  3446,  1917,  1920,  1923,  2035,  1932,   111,  1933
set   ,                      ,  4087,    18,  3963,  2026,  4094,  4094,  2072,  4094,    39,  4093
reply ,  371.23523199988995  ,  4087,   435,  3446,  1917,  1920,  1923,  2035,  1932,   111,  1933
set   ,                      ,  4087,    18,  3963,  2026,  4094,  4094,  2072,  4094,    39,  4093
reply ,  372.28962300287094  ,  4087,   357,  3509,  1917,  2040,  2037,  2035,  2048,   111,  2048
set   ,                      ,  4087,    18,  3963,  2026,  4094,  4094,  2072,  4094,    39,  4093
reply ,  373.220803001459    ,  4087,   357,  3509,  1917,  2040,  2037,  2035,  2048,   111,  2048
set   ,                      ,  4087,    18,  3963,  2026,  4094,  4094,  2072,  4094,    39,  4093
reply ,  374.97993200304336  ,  4087,   357,  3509,  1917,  2040,  2037,  2035,  2048,   111,  2048
set   ,                      ,  4087,    18,  3963,  2026,  4094,  4094,  2072,  4094,    39,  4093
reply ,  375.53008800023235  ,  4087,   357,  3509,  1917,  2040,  2037,  2035,  2048,   111,  2048
set   ,                      ,  4087,    18,  3963,  2026,  4094,  4094,  2072,  4094,    39,  4093
reply ,  377.8874430026917   ,  4087,   357,  3509,  1917,  2040,  2037,  2035,  2048,   111,  2048
set   ,                      ,  4087,    18,  3963,  2026,  4094,  4094,  2072,  4094,    39,  4093
reply ,  378.92968300002394  ,  4087,   357,  3509,  1917,  2040,  2037,  2035,  2048,   111,  2048
set   ,                      ,  4087,    18,  3963,  2026,  4094,  4094,  2072,  4094,    39,  4093
reply ,  379.5021309997537   ,  4087,   357,  3509,  1917,  2040,  2037,  2035,  2048,   111,  2048
set   ,                      ,  4087,    18,  3963,  2026,  4094,  4094,  2072,  4094,    39,  4093
reply ,  380.783191001683    ,  4087,   357,  3509,  1917,  2040,  2037,  2022,  2048,   111,  2048
set   ,                      ,  4087,    18,  3963,  2026,  4094,  4094,  2072,  4094,    39,  4093
reply ,  383.37220500034164  ,  4087,   357,  3509,  1917,  2040,  2037,  2022,  2048,   111,  2048
set   ,                      ,  4087,    18,  3963,  2026,  4094,  4094,  2072,  4094,    39,  4093
reply ,  383.8826630017138   ,  4087,   286,  3568,  1917,  2165,  2151,  2022,  2165,   111,  2160
set   ,                      ,  4087,    18,  3963,  2026,  4094,  4094,  2072,  4094,    39,  4093
reply ,  384.9092970012862   ,  4087,   286,  3568,  1917,  2165,  2151,  2022,  2165,   111,  2160
set   ,                      ,  4087,    18,  3963,  2026,  4094,  4094,  2072,  4094,    39,  4093
reply ,  386.5851250011474   ,  4087,   286,  3568,  1917,  2165,  2151,  2022,  2165,   111,  2160
set   ,                      ,  4087,    18,  3963,  2026,  4094,  4094,  2072,  4094,    39,  4093
reply ,  387.1279470004083   ,  4087,   286,  3568,  1917,  2165,  2151,  2022,  2165,   111,  2160
set   ,                      ,  4087,    18,  3963,  2026,  4094,  4094,  2072,  4094,    39,  4093
reply ,  387.72481300111394  ,  4087,   286,  3568,  1917,  2165,  2151,  2022,  2165,   111,  2160
set   ,                      ,  4087,    18,  3963,  2026,  4094,  4094,  2072,  4094,    39,  4093
reply ,  388.4888749998936   ,  4087,   286,  3568,  1917,  2165,  2151,  2022,  2165,   111,  2160
set   ,                      ,  4087,    18,  3963,  2026,  4094,  4094,  2072,  4094,    39,  4093
reply ,  389.2146940015664   ,  4087,   286,  3568,  1917,  2165,  2151,  2022,  2165,   111,  2160
set   ,                      ,  4087,    18,  3963,  2026,  4094,  4094,  2072,  4094,    39,  4093
reply ,  390.4346110030019   ,  4087,   286,  3568,  1917,  2165,  2151,  2035,  2165,   111,  2160
set   ,                      ,  4087,    18,  3963,  2026,  4094,  4094,  2072,  4094,    39,  4093
reply ,  391.25535000130185  ,  4087,   286,  3568,  1917,  2165,  2151,  2035,  2165,   111,  2160
set   ,                      ,  4087,    18,  3963,  2026,  4094,  4094,  2072,  4094,    39,  4093
reply ,  392.2780370012333   ,  4083,   245,  3623,  1917,  2280,  2264,  2035,  2279,   111,  2270
set   ,                      ,  4087,    18,  3963,  2026,  4094,  4094,  2072,  4094,    39,  4093
reply ,  393.22262600035174  ,  4083,   245,  3623,  1917,  2280,  2264,  2035,  2279,   111,  2270
set   ,                      ,  4087,    18,  3963,  2026,  4094,  4094,  2072,  4094,    39,  4093
reply ,  394.9213170017174   ,  4083,   245,  3623,  1917,  2280,  2264,  2035,  2279,   111,  2270
set   ,                      ,  4087,    18,  3963,  2026,  4094,  4094,  2072,  4094,    39,  4093
reply ,  395.5204750018311   ,  4083,   245,  3623,  1917,  2280,  2264,  2035,  2279,   111,  2270
set   ,                      ,  4087,    18,  3963,  2026,  4094,  4094,  2072,  4094,    39,  4093
reply ,  396.4245019997179   ,  4083,   245,  3623,  1917,  2280,  2264,  2035,  2279,   111,  2270
set   ,                      ,  4087,    18,  3963,  2026,  4094,  4094,  2072,  4094,    39,  4093
reply ,  397.23314400180243  ,  4083,   245,  3623,  1917,  2280,  2264,  2035,  2279,   111,  2270
set   ,                      ,  4087,    18,  3963,  2026,  4094,  4094,  2072,  4094,    39,  4093
reply ,  398.38465100183384  ,  4083,   245,  3623,  1917,  2280,  2264,  2035,  2279,   111,  2270
set   ,                      ,  4087,    18,  3963,  2026,  4094,  4094,  2072,  4094,    39,  4093
reply ,  399.2343090030772   ,  4083,   245,  3623,  1917,  2280,  2264,  2035,  2279,   111,  2270
set   ,                      ,  4087,    18,  3963,  2026,  4094,  4094,  2072,  4094,    39,  4093
reply ,  400.40824500101735  ,  4083,   245,  3623,  1917,  2280,  2264,  2022,  2279,   111,  2270
set   ,                      ,  4087,    18,  3963,  2026,  4094,  4094,  2072,  4094,    39,  4093
reply ,  401.41925500211073  ,  4083,   245,  3623,  1917,  2280,  2264,  2022,  2279,   111,  2270
set   ,                      ,  4087,    18,  3963,  2026,  4094,  4094,  2072,  4094,    39,  4093
reply ,  402.27188500284683  ,  4087,   245,  3673,  1917,  2387,  2375,  2022,  2390,   111,  2394
set   ,                      ,  4087,    18,  3963,  2026,  4094,  4094,  2072,  4094,    39,  4093
reply ,  403.2202890011831   ,  4087,   245,  3673,  1917,  2387,  2375,  2022,  2390,   111,  2394
set   ,                      ,  4087,    18,  3963,  2026,  4094,  4094,  2072,  4094,    39,  4093
reply ,  404.98156100147753  ,  4087,   245,  3673,  1917,  2387,  2375,  2022,  2390,   111,  2394
set   ,                      ,  4087,    18,  3963,  2026,  4094,  4094,  2072,  4094,    39,  4093
reply ,  405.5249180019018   ,  4087,   245,  3673,  1917,  2387,  2375,  2022,  2390,   111,  2394
set   ,                      ,  4087,    18,  3963,  2026,  4094,  4094,  2072,  4094,    39,  4093
reply ,  406.4423000017996   ,  4087,   245,  3673,  1917,  2387,  2375,  2022,  2390,   111,  2394
set   ,                      ,  4087,    18,  3963,  2026,  4094,  4094,  2072,  4094,    39,  4093
reply ,  407.22689800168155  ,  4087,   245,  3673,  1917,  2387,  2375,  2022,  2390,   111,  2394
set   ,                      ,  4087,    18,  3963,  2026,  4094,  4094,  2072,  4094,    39,  4093
reply ,  409.7387420006271   ,  4087,   245,  3673,  1917,  2387,  2375,  2022,  2390,   111,  2394
set   ,                      ,  4087,    18,  3963,  2026,  4094,  4094,  2072,  4094,    39,  4093
reply ,  410.79425800126046  ,  4087,   245,  3673,  1917,  2387,  2375,  2035,  2390,   111,  2394
set   ,                      ,  4087,    18,  3963,  2026,  4094,  4094,  2072,  4094,    39,  4093
reply ,  411.3044460027595   ,  4087,   245,  3673,  1917,  2387,  2375,  2035,  2390,   111,  2394
set   ,                      ,  4087,    18,  3963,  2026,  4094,  4094,  2072,  4094,    39,  4093
reply ,  412.8823220016784   ,  4087,   245,  3721,  1917,  2494,  2485,  2035,  2508,   111,  2500
set   ,                      ,  4087,    18,  3963,  2026,  4094,  4094,  2072,  4094,    39,  4093
reply ,  413.4035000024596   ,  4087,   245,  3721,  1917,  2494,  2485,  2035,  2508,   111,  2500
set   ,                      ,  4087,    18,  3963,  2026,  4094,  4094,  2072,  4094,    39,  4093
reply ,  414.9142490023223   ,  4087,   245,  3721,  1917,  2494,  2485,  2035,  2508,   111,  2500
set   ,                      ,  4087,    18,  3963,  2026,  4094,  4094,  2072,  4094,    39,  4093
reply ,  416.00720200221986  ,  4087,   245,  3721,  1917,  2494,  2485,  2035,  2508,   111,  2500
set   ,                      ,  4087,    18,  3963,  2026,  4094,  4094,  2072,  4094,    39,  4093
reply ,  416.57050700086984  ,  4087,   245,  3721,  1917,  2494,  2485,  2035,  2508,   111,  2500
set   ,                      ,  4087,    18,  3963,  2026,  4094,  4094,  2072,  4094,    39,  4093
reply ,  419.1223320012796   ,  4087,   245,  3721,  1917,  2494,  2485,  2035,  2508,   111,  2500
set   ,                      ,  4087,    18,  3963,  2026,  4094,  4094,  2072,  4094,    39,  4093
reply ,  420.2255520031031   ,  4087,   245,  3721,  1936,  2494,  2485,  2035,  2508,   111,  2500
set   ,                      ,  4087,    18,  3963,  2026,  4094,  4094,  2072,  4094,    39,  4093
reply ,  420.7701770028507   ,  4087,   245,  3721,  1936,  2494,  2485,  2022,  2508,   111,  2500
set   ,                      ,  4087,    18,  3963,  2026,  4094,  4094,  2072,  4094,    39,  4093
reply ,  422.03942100240965  ,  4087,   245,  3721,  1936,  2494,  2485,  2022,  2508,   111,  2500
set   ,                      ,  4087,    18,  3963,  2026,  4094,  4094,  2072,  4094,    39,  4093
reply ,  423.1619340025645   ,  4087,   245,  3763,  1936,  2596,  2600,  2022,  2615,   111,  2606
set   ,                      ,  4087,    18,  3963,  2026,  4094,  4094,  2072,  4094,    39,  4093
reply ,  423.7178950024827   ,  4087,   245,  3763,  1936,  2596,  2600,  2022,  2615,   111,  2606
set   ,                      ,  4087,    18,  3963,  2026,  4094,  4094,  2072,  4094,    39,  4093
reply ,  426.1345830018399   ,  4087,   245,  3763,  1936,  2596,  2600,  2022,  2615,   111,  2606
set   ,                      ,  4087,    18,  3963,  2026,  4094,  4094,  2072,  4094,    39,  4093
reply ,  427.18233200139366  ,  4087,   245,  3763,  1936,  2596,  2600,  2022,  2615,   111,  2606
set   ,                      ,  4087,    18,  3963,  2026,  4094,  4094,  2072,  4094,    39,  4093
reply ,  427.7328589996614   ,  4087,   245,  3763,  1936,  2596,  2600,  2022,  2615,   111,  2606
set   ,                      ,  4087,    18,  3963,  2026,  4094,  4094,  2072,  4094,    39,  4093
reply ,  428.97776600148063  ,  4087,   245,  3763,  1936,  2596,  2600,  2022,  2615,   111,  2606
set   ,                      ,  4087,    18,  3963,  2026,  4094,  4094,  2072,  4094,    39,  4093
reply ,  429.96111000320525  ,  4087,   245,  3763,  1936,  2596,  2600,  2022,  2615,   111,  2606
set   ,                      ,  4087,    18,  3963,  2026,  4094,  4094,  2072,  4094,    39,  4093
reply ,  430.4917600020417   ,  4087,   245,  3763,  1936,  2596,  2600,  2022,  2615,   111,  2606
set   ,                      ,  4087,    18,  3963,  2026,  4094,  4094,  2072,  4094,    39,  4093
reply ,  432.8344540008402   ,  4087,   245,  3763,  1936,  2596,  2600,  2022,  2615,   111,  2606
set   ,                      ,  4087,    18,  3963,  2026,  4094,  4094,  2072,  4094,    39,  4093
reply ,  433.82040000142297  ,  4087,   245,  3806,  1936,  2697,  2709,  2022,  2726,   111,  2706
set   ,                      ,  4087,    18,  3963,  2026,  4094,  4094,  2072,  4094,    39,  4093
reply ,  435.61770700034685  ,  4087,   245,  3806,  1936,  2697,  2709,  2022,  2726,   111,  2706
set   ,                      ,  4087,    18,  3963,  2026,  4094,  4094,  2072,  4094,    39,  4093
reply ,  438.2176720027928   ,  4087,   245,  3806,  1936,  2697,  2709,  2022,  2726,   111,  2706
set   ,                      ,  4087,    18,  3963,  2026,  4094,  4094,  2072,  4094,    39,  4093
reply ,  438.7482029997045   ,  4087,   245,  3806,  1936,  2697,  2709,  2022,  2726,   111,  2706
set   ,                      ,  4087,    18,  3963,  2026,  4094,  4094,  2072,  4094,    39,  4093
reply ,  439.6635820012307   ,  4087,   245,  3806,  1936,  2697,  2709,  2022,  2726,   111,  2706
set   ,                      ,  4087,    18,  3963,  2026,  4094,  4094,  2072,  4094,    39,  4093
reply ,  441.43827200241503  ,  4087,   245,  3806,  1936,  2697,  2709,  2035,  2726,   111,  2706
set   ,                      ,  4087,    18,  3963,  2026,  4094,  4094,  2072,  4094,    39,  4093
reply ,  442.0746590003546   ,  4087,   245,  3806,  1936,  2697,  2709,  2035,  2726,   111,  2706
set   ,                      ,  4087,    18,  3963,  2026,  4094,  4094,  2072,  4094,    39,  4093
reply ,  442.6637610013131   ,  4087,   245,  3840,  1936,  2791,  2802,  2035,  2816,   111,  2805
set   ,                      ,  4087,    18,  3963,  2026,  4094,  4094,  2072,  4094,    39,  4093
reply ,  443.2115090021398   ,  4087,   245,  3840,  1936,  2791,  2802,  2035,  2816,   111,  2805
set   ,                      ,  4087,    18,  3963,  2026,  4094,  4094,  2072,  4094,    39,  4093
reply ,  444.94416400266346  ,  4087,   245,  3840,  1936,  2791,  2802,  2035,  2816,   111,  2805
set   ,                      ,  4087,    18,  3963,  2026,  4094,  4094,  2072,  4094,    39,  4093
reply ,  445.5073680001078   ,  4087,   245,  3840,  1936,  2791,  2802,  2035,  2816,   111,  2805
set   ,                      ,  4087,    18,  3963,  2026,  4094,  4094,  2072,  4094,    39,  4093
reply ,  446.4447910031595   ,  4087,   245,  3840,  1936,  2791,  2802,  2035,  2816,   111,  2805
set   ,                      ,  4087,    18,  3963,  2026,  4094,  4094,  2072,  4094,    39,  4093
reply ,  447.2311820027244   ,  4087,   245,  3840,  1936,  2791,  2802,  2035,  2816,   111,  2805
set   ,                      ,  4087,    18,  3963,  2026,  4094,  4094,  2072,  4094,    39,  4093
reply ,  448.91970200114883  ,  4087,   245,  3840,  1936,  2791,  2802,  2035,  2816,   111,  2805
set   ,                      ,  4087,    18,  3963,  2026,  4094,  4094,  2072,  4094,    39,  4093
reply ,  449.44833900080994  ,  4087,   245,  3840,  1936,  2791,  2802,  2035,  2816,   111,  2805
set   ,                      ,  4087,    18,  3963,  2026,  4094,  4094,  2072,  4094,    39,  4093
reply ,  451.8510990019422   ,  4087,   245,  3840,  1936,  2791,  2802,  2022,  2816,   111,  2805
set   ,                      ,  4087,    18,  3963,  2026,  4094,  4094,  2072,  4094,    39,  4093
reply ,  452.9260710005474   ,  4087,   245,  3870,  1936,  2887,  2899,  2022,  2906,   111,  2896
set   ,                      ,  4087,    18,  3963,  2026,  4094,  4094,  2072,  4094,    39,  4093
reply ,  453.48253400152316  ,  4087,   245,  3870,  1936,  2887,  2899,  2022,  2906,   111,  2896
set   ,                      ,  4087,    18,  3963,  2026,  4094,  4094,  2072,  4094,    39,  4093
reply ,  454.9321170015901   ,  4087,   245,  3870,  1936,  2887,  2899,  2022,  2906,   111,  2896
set   ,                      ,  4087,    18,  3963,  2026,  4094,  4094,  2072,  4094,    39,  4093
reply ,  455.5180269999255   ,  4087,   245,  3870,  1936,  2887,  2899,  2022,  2906,   111,  2896
set   ,                      ,  4087,    18,  3963,  2026,  4094,  4094,  2072,  4094,    39,  4093
reply ,  456.39827299964963  ,  4087,   245,  3870,  1936,  2887,  2899,  2022,  2906,   111,  2896
set   ,                      ,  4087,    18,  3963,  2026,  4094,  4094,  2072,  4094,    39,  4093
reply ,  457.20070600145846  ,  4087,   245,  3870,  1936,  2887,  2899,  2022,  2906,   111,  2896
set   ,                      ,  4087,    18,  3963,  2026,  4094,  4094,  2072,  4094,    39,  4093
reply ,  458.425172000716    ,  4087,   245,  3870,  1936,  2887,  2899,  2022,  2906,   111,  2896
set   ,                      ,  4087,    18,  3963,  2026,  4094,  4094,  2072,  4094,    39,  4093
reply ,  461.1093029998301   ,  4087,   245,  3870,  1936,  2887,  2899,  2022,  2906,   111,  2896
set   ,                      ,  4087,    18,  3963,  2026,  4094,  4094,  2072,  4094,    39,  4093
reply ,  462.1464600022591   ,  4087,   245,  3870,  1936,  2887,  2899,  2022,  2906,   111,  2896
set   ,                      ,  4087,    18,  3963,  2026,  4094,  4094,  2072,  4094,    39,  4093
reply ,  462.6817349999328   ,  4087,   245,  3894,  1936,  2973,  2990,  2022,  2998,   111,  2987
set   ,                      ,  4087,    18,  3963,  2026,  4094,  4094,  2072,  4094,    39,  4093
reply ,  463.2572970003821   ,  4087,   245,  3894,  1936,  2973,  2990,  2022,  2998,   111,  2987
set   ,                      ,  4087,    18,  3963,  2026,  4094,  4094,  2072,  4094,    39,  4093
reply ,  466.9518150003569   ,  4087,   245,  3894,  1936,  2973,  2990,  2022,  2998,   111,  2987
set   ,                      ,  4087,    18,  3963,  2026,  4094,  4094,  2072,  4094,    39,  4093
reply ,  467.57238000282086  ,  4087,   245,  3894,  1936,  2973,  2990,  2022,  2998,   111,  2987
set   ,                      ,  4087,    18,  3963,  2026,  4094,  4094,  2072,  4094,    39,  4093
reply ,  468.8992680021329   ,  4087,   245,  3894,  1917,  2973,  2990,  2022,  2998,   111,  2987
set   ,                      ,  4087,    18,  3963,  2026,  4094,  4094,  2072,  4094,    39,  4093
reply ,  470.8604510014993   ,  4087,   245,  3894,  1917,  2973,  2990,  2022,  2998,   111,  2987
set   ,                      ,  4087,    18,  3963,  2026,  4094,  4094,  2072,  4094,    39,  4093
reply ,  471.4054540017969   ,  4087,   245,  3894,  1917,  2973,  2990,  2022,  2998,   111,  2987
set   ,                      ,  4087,    18,  3963,  2026,  4094,  4094,  2072,  4094,    39,  4093
reply ,  472.28988900315017  ,  4087,   245,  3916,  1917,  3063,  3079,  2022,  3089,   111,  3076
set   ,                      ,  4087,    18,  3963,  2026,  4094,  4094,  2072,  4094,    39,  4093
reply ,  473.23308100021677  ,  4087,   245,  3916,  1917,  3063,  3079,  2022,  3089,   111,  3076
set   ,                      ,  4087,    18,  3963,  2026,  4094,  4094,  2072,  4094,    39,  4093
reply ,  474.92432900253334  ,  4087,   245,  3916,  1917,  3063,  3079,  2022,  3089,   111,  3076
set   ,                      ,  4087,    18,  3963,  2026,  4094,  4094,  2072,  4094,    39,  4093
reply ,  475.5312990018865   ,  4087,   245,  3916,  1917,  3063,  3079,  2022,  3089,   111,  3076
set   ,                      ,  4087,    18,  3963,  2026,  4094,  4094,  2072,  4094,    39,  4093
reply ,  476.439518002735    ,  4087,   245,  3916,  1917,  3063,  3079,  2022,  3089,   111,  3076
set   ,                      ,  4087,    18,  3963,  2026,  4094,  4094,  2072,  4094,    39,  4093
reply ,  477.23517600024934  ,  4087,   245,  3916,  1917,  3063,  3079,  2022,  3089,   111,  3076
set   ,                      ,  4087,    18,  3963,  2026,  4094,  4094,  2072,  4094,    39,  4093
reply ,  478.3834870031569   ,  4087,   245,  3916,  1917,  3063,  3079,  2022,  3089,   111,  3076
set   ,                      ,  4087,    18,  3963,  2026,  4094,  4094,  2072,  4094,    39,  4093
reply ,  479.23825200268766  ,  4087,   245,  3916,  1917,  3063,  3079,  2022,  3089,   111,  3076
set   ,                      ,  4087,    18,  3963,  2026,  4094,  4094,  2072,  4094,    39,  4093
reply ,  480.404002002615    ,  4087,   245,  3916,  1917,  3063,  3079,  2022,  3089,   111,  3076
set   ,                      ,  4087,    18,  3963,  2026,  4094,  4094,  2072,  4094,    39,  4093
reply ,  483.03921400292893  ,  4087,   245,  3916,  1917,  3063,  3079,  2022,  3089,   111,  3076
set   ,                      ,  4087,    18,  3963,  2026,  4094,  4094,  2072,  4094,    39,  4093
reply ,  484.0559790027328   ,  4087,   245,  3935,  1917,  3143,  3164,  2022,  3174,   121,  3161
set   ,                      ,  4087,    18,  3963,  2026,  4094,  4094,  2072,  4094,    39,  4093
reply ,  484.96019200320006  ,  4087,   245,  3935,  1917,  3143,  3164,  2022,  3174,   121,  3161
set   ,                      ,  4087,    18,  3963,  2026,  4094,  4094,  2072,  4094,    39,  4093
reply ,  485.82897600135766  ,  4087,   245,  3935,  1917,  3143,  3164,  2022,  3174,   121,  3161
set   ,                      ,  4087,    18,  3963,  2026,  4094,  4094,  2072,  4094,    39,  4093
reply ,  486.3772990029247   ,  4087,   245,  3935,  1917,  3143,  3164,  2022,  3174,   121,  3161
set   ,                      ,  4087,    18,  3963,  2026,  4094,  4094,  2072,  4094,    39,  4093
reply ,  487.23211600008653  ,  4087,   245,  3935,  1917,  3143,  3164,  2022,  3174,   121,  3161
set   ,                      ,  4087,    18,  3963,  2026,  4094,  4094,  2072,  4094,    39,  4093
reply ,  488.50658500305144  ,  4087,   245,  3935,  1917,  3143,  3164,  2022,  3174,   121,  3161
set   ,                      ,  4087,    18,  3963,  2026,  4094,  4094,  2072,  4094,    39,  4093
reply ,  489.3256730028952   ,  4087,   245,  3935,  1917,  3143,  3164,  2022,  3174,   121,  3161
set   ,                      ,  4087,    18,  3963,  2026,  4094,  4094,  2072,  4094,    39,  4093
reply ,  490.84674200275913  ,  4087,   245,  3935,  1917,  3143,  3164,  2022,  3174,   121,  3161
set   ,                      ,  4087,    18,  3963,  2026,  4094,  4094,  2072,  4094,    39,  4093
reply ,  491.57584400018095  ,  4087,   245,  3935,  1917,  3143,  3164,  2022,  3174,   121,  3161
set   ,                      ,  4087,    18,  3963,  2026,  4094,  4094,  2072,  4094,    39,  4093
reply ,  494.12184600078035  ,  4087,   245,  3944,  1917,  3228,  3247,  2022,  3254,   121,  3240
set   ,                      ,  4087,    18,  3963,  2026,  4094,  4094,  2072,  4094,    39,  4093
reply ,  495.14418699982343  ,  4087,   245,  3944,  1917,  3228,  3247,  2022,  3254,   121,  3240
set   ,                      ,  4087,    18,  3963,  2026,  4094,  4094,  2072,  4094,    39,  4093
reply ,  495.6760970017058   ,  4087,   245,  3944,  1917,  3228,  3247,  2022,  3254,   121,  3240
set   ,                      ,  4087,    18,  3963,  2026,  4094,  4094,  2072,  4094,    39,  4093
reply ,  496.93939900316764  ,  4087,   245,  3944,  1917,  3228,  3247,  2022,  3254,   121,  3240
set   ,                      ,  4087,    18,  3963,  2026,  4094,  4094,  2072,  4094,    39,  4093
reply ,  498.128352999629    ,  4087,   245,  3944,  1917,  3228,  3247,  2022,  3254,   121,  3240
set   ,                      ,  4087,    18,  3963,  2026,  4094,  4094,  2072,  4094,    39,  4093
reply ,  498.65518099977635  ,  4087,   245,  3944,  1917,  3228,  3247,  2022,  3254,   121,  3240
set   ,                      ,  4087,    18,  3963,  2026,  4094,  4094,  2072,  4094,    39,  4093
reply ,  499.22980700284825  ,  4087,   245,  3944,  1917,  3228,  3247,  2022,  3254,   121,  3240
set   ,                      ,  4087,    18,  3963,  2026,  4094,  4094,  2072,  4094,    39,  4093
reply ,  501.195431999804    ,  4087,   245,  3944,  1917,  3228,  3247,  2022,  3254,   121,  3240
set   ,                      ,  4087,    18,  3963,  2026,  4094,  4094,  2072,  4094,    39,  4093
reply ,  501.7316049998044   ,  4087,   245,  3944,  1917,  3228,  3247,  2022,  3254,   121,  3240
set   ,                      ,  4087,    18,  3963,  2026,  4094,  4094,  2072,  4094,    39,  4093
reply ,  502.5078470025619   ,  4087,   245,  3954,  1917,  3313,  3322,  2022,  3339,   121,  3316
set   ,                      ,  4087,    18,  3963,  2026,  4094,  4094,  2072,  4094,    39,  4093
reply ,  503.2067400024971   ,  4087,   245,  3954,  1917,  3313,  3322,  2022,  3339,   121,  3316
set   ,                      ,  4087,    18,  3963,  2026,  4094,  4094,  2072,  4094,    39,  4093
reply ,  504.9208410018764   ,  4087,   245,  3954,  1917,  3313,  3322,  2022,  3339,   121,  3316
set   ,                      ,  4087,    18,  3963,  2026,  4094,  4094,  2072,  4094,    39,  4093
reply ,  505.7816059998004   ,  4087,   245,  3954,  1917,  3313,  3322,  2022,  3339,   121,  3316
set   ,                      ,  4087,    18,  3963,  2026,  4094,  4094,  2072,  4094,    39,  4093
reply ,  506.4106530007848   ,  4087,   245,  3954,  1917,  3313,  3322,  2022,  3339,   121,  3316
set   ,                      ,  4087,    18,  3963,  2026,  4094,  4094,  2072,  4094,    39,  4093
reply ,  508.97528600035     ,  4087,   245,  3954,  1917,  3313,  3322,  2022,  3339,   121,  3316
set   ,                      ,  4087,    18,  3963,  2026,  4094,  4094,  2072,  4094,    39,  4093
reply ,  509.5191770014935   ,  4087,   245,  3954,  1917,  3313,  3322,  2022,  3339,   121,  3316
set   ,                      ,  4087,    18,  3963,  2026,  4094,  4094,  2072,  4094,    39,  4093
reply ,  510.8235670013528   ,  4087,   245,  3954,  1917,  3313,  3322,  2022,  3339,   121,  3316
set   ,                      ,  4087,    18,  3963,  2026,  4094,  4094,  2072,  4094,    39,  4093
reply ,  511.3960680027958   ,  4087,   245,  3954,  1917,  3313,  3322,  2022,  3339,   121,  3316
set   ,                      ,  4087,    18,  3963,  2026,  4094,  4094,  2072,  4094,    39,  4093
reply ,  512.341607001872    ,  4087,   245,  3957,  1917,  3386,  3398,  2022,  3412,   121,  3389
set   ,                      ,  4087,    18,  3963,  2026,  4094,  4094,  2072,  4094,    39,  4093
reply ,  515.4529520004871   ,  4087,   245,  3957,  1917,  3386,  3398,  2022,  3412,   121,  3389
set   ,                      ,  4087,    18,  3963,  2026,  4094,  4094,  2072,  4094,    39,  4093
reply ,  516.0117490013363   ,  4087,   245,  3957,  1917,  3386,  3398,  2022,  3412,   121,  3389
set   ,                      ,  4087,    18,  3963,  2026,  4094,  4094,  2072,  4094,    39,  4093
reply ,  516.5362020015891   ,  4087,   245,  3957,  1917,  3386,  3398,  2022,  3412,   121,  3389
set   ,                      ,  4087,    18,  3963,  2026,  4094,  4094,  2072,  4094,    39,  4093
reply ,  517.2020850004628   ,  4087,   245,  3957,  1917,  3386,  3398,  2022,  3412,   121,  3389
set   ,                      ,  4087,    18,  3963,  2026,  4094,  4094,  2072,  4094,    39,  4093
reply ,  519.1187240016006   ,  4087,   245,  3957,  1917,  3386,  3398,  2022,  3412,   121,  3389
set   ,                      ,  4087,    18,  3963,  2026,  4094,  4094,  2072,  4094,    39,  4093
reply ,  519.6707169998263   ,  4087,   245,  3957,  1917,  3386,  3398,  2022,  3412,   121,  3389
set   ,                      ,  4087,    18,  3963,  2026,  4094,  4094,  2072,  4094,    39,  4093
reply ,  520.4279820027296   ,  4087,   245,  3957,  1917,  3386,  3398,  2022,  3412,   121,  3389
set   ,                      ,  4087,    18,  3963,  2026,  4094,  4094,  2072,  4094,    39,  4093
reply ,  521.2050070003897   ,  4087,   245,  3957,  1917,  3386,  3398,  2022,  3412,   121,  3389
set   ,                      ,  4087,    18,  3963,  2026,  4094,  4094,  2072,  4094,    39,  4093
reply ,  522.2862789996725   ,  4087,   245,  3960,  1917,  3462,  3468,  2022,  3481,   121,  3472
set   ,                      ,  4087,    18,  3963,  2026,  4094,  4094,  2072,  4094,    39,  4093
reply ,  523.2337520028523   ,  4087,   245,  3960,  1917,  3462,  3468,  2022,  3481,   121,  3472
set   ,                      ,  4087,    18,  3963,  2026,  4094,  4094,  2072,  4094,    39,  4093
reply ,  524.9381989997346   ,  4087,   245,  3960,  1917,  3462,  3468,  2022,  3481,   121,  3472
set   ,                      ,  4087,    18,  3963,  2026,  4094,  4094,  2072,  4094,    39,  4093
reply ,  525.4870040007518   ,  4087,   245,  3960,  1917,  3462,  3468,  2022,  3481,   121,  3472
set   ,                      ,  4087,    18,  3963,  2026,  4094,  4094,  2072,  4094,    39,  4093
reply ,  527.0856690003711   ,  4087,   245,  3960,  1917,  3462,  3468,  2022,  3481,   121,  3472
set   ,                      ,  4087,    18,  3963,  2026,  4094,  4094,  2072,  4094,    39,  4093
reply ,  527.6324120022764   ,  4087,   245,  3960,  1917,  3462,  3468,  2022,  3481,   121,  3472
set   ,                      ,  4087,    18,  3963,  2026,  4094,  4094,  2072,  4094,    39,  4093
reply ,  530.0715860030323   ,  4087,   245,  3960,  1917,  3462,  3468,  2022,  3481,   121,  3472
set   ,                      ,  4087,    18,  3963,  2026,  4094,  4094,  2072,  4094,    39,  4093
reply ,  531.0787810012698   ,  4087,   245,  3960,  1917,  3462,  3468,  2022,  3481,   121,  3472
set   ,                      ,  4087,    18,  3963,  2026,  4094,  4094,  2072,  4094,    39,  4093
reply ,  531.5961590022198   ,  4087,   245,  3960,  1917,  3462,  3468,  2022,  3481,   121,  3472
set   ,                      ,  4087,    18,  3963,  2026,  4094,  4094,  2072,  4094,    39,  4093
reply ,  532.9142730006424   ,  4087,   245,  3960,  1917,  3525,  3532,  2022,  3548,   121,  3535
set   ,                      ,  4087,    18,  3963,  2026,  4094,  4094,  2072,  4094,    39,  4093
reply ,  533.4347380012332   ,  4087,   245,  3960,  1917,  3525,  3532,  2022,  3548,   121,  3535
set   ,                      ,  4087,    18,  3963,  2026,  4094,  4094,  2072,  4094,    39,  4093
reply ,  534.9477790005039   ,  4087,   245,  3960,  1917,  3525,  3532,  2022,  3548,   121,  3535
set   ,                      ,  4087,    18,  3963,  2026,  4094,  4094,  2072,  4094,    39,  4093
reply ,  535.4903139996168   ,  4087,   245,  3960,  1917,  3525,  3532,  2022,  3548,   121,  3535
set   ,                      ,  4087,    18,  3963,  2026,  4094,  4094,  2072,  4094,    39,  4093
reply ,  537.119619002624    ,  4087,   245,  3960,  1917,  3525,  3532,  2022,  3548,   121,  3535
set   ,                      ,  4087,    18,  3963,  2026,  4094,  4094,  2072,  4094,    39,  4093
reply ,  537.6494320007623   ,  4087,   245,  3960,  1917,  3525,  3532,  2022,  3548,   121,  3535
set   ,                      ,  4087,    18,  3963,  2026,  4094,  4094,  2072,  4094,    39,  4093
reply ,  540.0862740025332   ,  4087,   245,  3960,  1917,  3525,  3532,  2022,  3548,   121,  3535
set   ,                      ,  4087,    18,  3963,  2026,  4094,  4094,  2072,  4094,    39,  4093
reply ,  541.1103220030782   ,  4087,   245,  3960,  1917,  3525,  3532,  2035,  3548,   121,  3535
set   ,                      ,  4087,    18,  3963,  2026,  4094,  4094,  2072,  4094,    39,  4093
reply ,  541.6432190031628   ,  4087,   245,  3960,  1917,  3525,  3532,  2035,  3548,   121,  3535
set   ,                      ,  4087,    18,  3963,  2026,  4094,  4094,  2072,  4094,    39,  4093
reply ,  542.9250410015811   ,  4087,   245,  3963,  1917,  3591,  3594,  2035,  3610,   111,  3600
set   ,                      ,  4087,    18,  3963,  2026,  4094,  4094,  2072,  4094,    39,  4093
reply ,  545.7439530000556   ,  4087,   245,  3963,  1917,  3591,  3594,  2035,  3610,   111,  3600
set   ,                      ,  4087,    18,  3963,  2026,  4094,  4094,  2072,  4094,    39,  4093
reply ,  546.4164240001992   ,  4087,   245,  3963,  1917,  3591,  3594,  2035,  3610,   111,  3600
set   ,                      ,  4087,    18,  3963,  2026,  4094,  4094,  2072,  4094,    39,  4093
reply ,  547.3319680022541   ,  4087,   245,  3963,  1917,  3591,  3594,  2035,  3610,   111,  3600
set   ,                      ,  4087,    18,  3963,  2026,  4094,  4094,  2072,  4094,    39,  4093
reply ,  549.1362520006078   ,  4087,   245,  3963,  1917,  3591,  3594,  2035,  3610,   111,  3600
set   ,                      ,  4087,    18,  3963,  2026,  4094,  4094,  2072,  4094,    39,  4093
reply ,  549.6602100029122   ,  4087,   245,  3963,  1917,  3591,  3594,  2035,  3610,   111,  3600
set   ,                      ,  4087,    18,  3963,  2026,  4094,  4094,  2072,  4094,    39,  4093
reply ,  550.5953980027698   ,  4087,   245,  3963,  1917,  3591,  3594,  2022,  3610,   111,  3600
set   ,                      ,  4087,    18,  3963,  2026,  4094,  4094,  2072,  4094,    39,  4093
reply ,  551.22300000221     ,  4087,   245,  3963,  1917,  3591,  3594,  2022,  3610,   111,  3600
set   ,                      ,  4087,    18,  3963,  2026,  4094,  4094,  2072,  4094,    39,  4093
reply ,  552.270023003075    ,  4087,   245,  3963,  1917,  3654,  3660,  2022,  3668,   111,  3658
set   ,                      ,  4087,    18,  3963,  2026,  4094,  4094,  2072,  4094,    39,  4093
reply ,  553.2063980026578   ,  4087,   245,  3963,  1917,  3654,  3660,  2022,  3668,   111,  3658
set   ,                      ,  4087,    18,  3963,  2026,  4094,  4094,  2072,  4094,    39,  4093
reply ,  554.9344770006428   ,  4087,   245,  3963,  1917,  3654,  3660,  2022,  3668,   111,  3658
set   ,                      ,  4087,    18,  3963,  2026,  4094,  4094,  2072,  4094,    39,  4093
reply ,  555.488592999609    ,  4087,   245,  3963,  1917,  3654,  3660,  2022,  3668,   111,  3658
set   ,                      ,  4087,    18,  3963,  2026,  4094,  4094,  2072,  4094,    39,  4093
reply ,  557.1038670022972   ,  4087,   245,  3963,  1917,  3654,  3660,  2022,  3668,   111,  3658
set   ,                      ,  4087,    18,  3963,  2026,  4094,  4094,  2072,  4094,    39,  4093
reply ,  557.6167860017449   ,  4087,   245,  3963,  1917,  3654,  3660,  2022,  3668,   111,  3658
set   ,                      ,  4087,    18,  3963,  2026,  4094,  4094,  2072,  4094,    39,  4093
reply ,  560.0585749998572   ,  4087,   245,  3963,  1917,  3654,  3660,  2022,  3668,   111,  3658
set   ,                      ,  4087,    18,  3963,  2026,  4094,  4094,  2072,  4094,    39,  4093
reply ,  561.1376320011914   ,  4087,   245,  3963,  1917,  3654,  3660,  2022,  3668,   111,  3658
set   ,                      ,  4087,    18,  3963,  2026,  4094,  4094,  2072,  4094,    39,  4093
reply ,  561.7511830023432   ,  4087,   245,  3963,  1917,  3654,  3660,  2022,  3668,   111,  3658
set   ,                      ,  4087,    18,  3963,  2026,  4094,  4094,  2072,  4094,    39,  4093
reply ,  562.9246730022714   ,  4087,   245,  3963,  1917,  3708,  3715,  2022,  3722,   111,  3712
set   ,                      ,  4087,    18,  3963,  2026,  4094,  4094,  2072,  4094,    39,  4093
reply ,  563.4599889999663   ,  4087,   245,  3963,  1917,  3708,  3715,  2022,  3722,   111,  3712
set   ,                      ,  4087,    18,  3963,  2026,  4094,  4094,  2072,  4094,    39,  4093
reply ,  564.9389490026806   ,  4087,   245,  3963,  1917,  3708,  3715,  2022,  3722,   111,  3712
set   ,                      ,  4087,    18,  3963,  2026,  4094,  4094,  2072,  4094,    39,  4093
reply ,  565.5491320030706   ,  4087,   245,  3963,  1917,  3708,  3715,  2022,  3722,   111,  3712
set   ,                      ,  4087,    18,  3963,  2026,  4094,  4094,  2072,  4094,    39,  4093
reply ,  566.9896640029037   ,  4087,   245,  3963,  1917,  3708,  3715,  2022,  3722,   111,  3712
set   ,                      ,  4087,    18,  3963,  2026,  4094,  4094,  2072,  4094,    39,  4093
reply ,  567.5125710004068   ,  4087,   245,  3963,  1917,  3708,  3715,  2022,  3722,   111,  3712
set   ,                      ,  4087,    18,  3963,  2026,  4094,  4094,  2072,  4094,    39,  4093
reply ,  570.0665700023819   ,  4087,   245,  3963,  1917,  3708,  3715,  2022,  3722,   111,  3712
set   ,                      ,  4087,    18,  3963,  2026,  4094,  4094,  2072,  4094,    39,  4093
reply ,  571.1339139998017   ,  4087,   245,  3963,  1917,  3708,  3715,  2022,  3722,   111,  3712
set   ,                      ,  4087,    18,  3963,  2026,  4094,  4094,  2072,  4094,    39,  4093
reply ,  571.6936950011586   ,  4087,   245,  3963,  1917,  3708,  3715,  2022,  3722,   111,  3712
set   ,                      ,  4087,    18,  3963,  2026,  4094,  4094,  2072,  4094,    39,  4093
reply ,  572.2856880020117   ,  4087,   245,  3963,  1917,  3759,  3766,  2022,  3777,   121,  3762
set   ,                      ,  4087,    18,  3963,  2026,  4094,  4094,  2072,  4094,    39,  4093
reply ,  573.8011600005848   ,  4087,   245,  3963,  1917,  3759,  3766,  2022,  3777,   121,  3762
set   ,                      ,  4087,    18,  3963,  2026,  4094,  4094,  2072,  4094,    39,  4093
reply ,  575.0142620017868   ,  4087,   245,  3963,  1917,  3759,  3766,  2022,  3777,   121,  3762
set   ,                      ,  4087,    18,  3963,  2026,  4094,  4094,  2072,  4094,    39,  4093
reply ,  575.554983002803    ,  4087,   245,  3963,  1917,  3759,  3766,  2022,  3777,   121,  3762
set   ,                      ,  4087,    18,  3963,  2026,  4094,  4094,  2072,  4094,    39,  4093
reply ,  577.9772599998978   ,  4087,   245,  3963,  1917,  3759,  3766,  2022,  3777,   121,  3762
set   ,                      ,  4087,    18,  3963,  2026,  4094,  4094,  2072,  4094,    39,  4093
reply ,  578.951565999887    ,  4087,   245,  3963,  1917,  3759,  3766,  2022,  3777,   121,  3762
set   ,                      ,  4087,    18,  3963,  2026,  4094,  4094,  2072,  4094,    39,  4093
reply ,  579.480764001346    ,  4087,   245,  3963,  1917,  3759,  3766,  2022,  3777,   121,  3762
set   ,                      ,  4087,    18,  3963,  2026,  4094,  4094,  2072,  4094,    39,  4093
reply ,  580.7784710013948   ,  4087,   245,  3963,  1917,  3759,  3766,  2022,  3777,   121,  3762
set   ,                      ,  4087,    18,  3963,  2026,  4094,  4094,  2072,  4094,    39,  4093
reply ,  581.7749470006675   ,  4087,   245,  3963,  1917,  3759,  3766,  2022,  3777,   121,  3762
set   ,                      ,  4087,    18,  3963,  2026,  4094,  4094,  2072,  4094,    39,  4093
reply ,  582.2996290007723   ,  4087,   245,  3963,  1917,  3810,  3816,  2022,  3823,   111,  3810
set   ,                      ,  4087,    18,  3963,  2026,  4094,  4094,  2072,  4094,    39,  4093
reply ,  584.6658410009695   ,  4087,   245,  3963,  1917,  3810,  3816,  2022,  3823,   111,  3810
set   ,                      ,  4087,    18,  3963,  2026,  4094,  4094,  2072,  4094,    39,  4093
reply ,  585.7031960003951   ,  4087,   245,  3963,  1917,  3810,  3816,  2022,  3823,   111,  3810
set   ,                      ,  4087,    18,  3963,  2026,  4094,  4094,  2072,  4094,    39,  4093
reply ,  586.4473130022816   ,  4087,   245,  3963,  1917,  3810,  3816,  2022,  3823,   111,  3810
set   ,                      ,  4087,    18,  3963,  2026,  4094,  4094,  2072,  4094,    39,  4093
reply ,  587.5171570005477   ,  4087,   245,  3963,  1917,  3810,  3816,  2022,  3823,   111,  3810
set   ,                      ,  4087,    18,  3963,  2026,  4094,  4094,  2072,  4094,    39,  4093
reply ,  588.5660250023648   ,  4087,   245,  3963,  1917,  3810,  3816,  2022,  3823,   111,  3810
set   ,                      ,  4087,    18,  3963,  2026,  4094,  4094,  2072,  4094,    39,  4093
reply ,  589.2347620028886   ,  4087,   245,  3963,  1917,  3810,  3816,  2022,  3823,   111,  3810
set   ,                      ,  4087,    18,  3963,  2026,  4094,  4094,  2072,  4094,    39,  4093
reply ,  591.5767900005449   ,  4087,   245,  3963,  1917,  3810,  3816,  2022,  3823,   111,  3810
set   ,                      ,  4087,    18,  3963,  2026,  4094,  4094,  2072,  4094,    39,  4093
reply ,  592.6602630024718   ,  4087,   245,  3963,  1917,  3810,  3816,  2022,  3823,   111,  3810
set   ,                      ,  4087,    18,  3963,  2026,  4094,  4094,  2072,  4094,    39,  4093
reply ,  593.1758190017717   ,  4087,   245,  3963,  1917,  3857,  3860,  2022,  3863,   111,  3853
set   ,                      ,  4087,    18,  3963,  2026,  4094,  4094,  2072,  4094,    39,  4093
reply ,  595.7400290026271   ,  4087,   245,  3963,  1917,  3857,  3860,  2022,  3863,   111,  3853
set   ,                      ,  4087,    18,  3963,  2026,  4094,  4094,  2072,  4094,    39,  4093
reply ,  596.6205580007227   ,  4087,   245,  3963,  1917,  3857,  3860,  2022,  3863,   111,  3853
set   ,                      ,  4087,    18,  3963,  2026,  4094,  4094,  2072,  4094,    39,  4093
reply ,  598.6332630018296   ,  4087,   245,  3963,  1917,  3857,  3860,  2022,  3863,   111,  3853
set   ,                      ,  4087,    18,  3963,  2026,  4094,  4094,  2072,  4094,    39,  4093
reply ,  599.7976020007627   ,  4087,   245,  3963,  1917,  3857,  3860,  2022,  3863,   111,  3853
set   ,                      ,  4087,    18,  3963,  2026,  4094,  4094,  2072,  4094,    39,  4093
reply ,  600.4082810031832   ,  4087,   245,  3963,  1917,  3857,  3860,  2022,  3863,   111,  3853
set   ,                      ,  4087,    18,  3963,  2026,  4094,  4094,  2072,  4094,    39,  4093
reply ,  601.6885410026589   ,  4087,   245,  3963,  1917,  3857,  3860,  2022,  3863,   111,  3853
set   ,                      ,  4087,    18,  3963,  2026,  4094,  4094,  2072,  4094,    39,  4093
reply ,  604.3568480017711   ,  4087,   245,  3963,  1917,  3898,  3898,  2022,  3908,   111,  3894
set   ,                      ,  4087,    18,  3963,  2026,  4094,  4094,  2072,  4094,    39,  4093
reply ,  604.9521920031111   ,  4087,   245,  3963,  1917,  3898,  3898,  2022,  3908,   111,  3894
set   ,                      ,  4087,    18,  3963,  2026,  4094,  4094,  2072,  4094,    39,  4093
reply ,  605.4857000017364   ,  4087,   245,  3963,  1917,  3898,  3898,  2022,  3908,   111,  3894
set   ,                      ,  4087,    18,  3963,  2026,  4094,  4094,  2072,  4094,    39,  4093
reply ,  607.8254510030092   ,  4087,   245,  3963,  1917,  3898,  3898,  2022,  3908,   111,  3894
set   ,                      ,  4087,    18,  3963,  2026,  4094,  4094,  2072,  4094,    39,  4093
reply ,  608.3924020022096   ,  4087,   245,  3963,  1917,  3898,  3898,  2022,  3908,   111,  3894
set   ,                      ,  4087,    18,  3963,  2026,  4094,  4094,  2072,  4094,    39,  4093
reply ,  609.237179000047    ,  4087,   245,  3963,  1917,  3898,  3898,  2022,  3908,   111,  3894
set   ,                      ,  4087,    18,  3963,  2026,  4094,  4094,  2072,  4094,    39,  4093
reply ,  610.3908030017919   ,  4087,   245,  3963,  1917,  3898,  3898,  2022,  3908,   111,  3894
set   ,                      ,  4087,    18,  3963,  2026,  4094,  4094,  2072,  4094,    39,  4093
reply ,  611.2011950026499   ,  4087,   245,  3963,  1917,  3898,  3898,  2022,  3908,   111,  3894
set   ,                      ,  4087,    18,  3963,  2026,  4094,  4094,  2072,  4094,    39,  4093
reply ,  612.280395002017    ,  4087,   245,  3963,  1917,  3933,  3936,  2022,  3943,   111,  3932
set   ,                      ,  4087,    18,  3963,  2026,  4094,  4094,  2072,  4094,    39,  4093
reply ,  613.2102100018528   ,  4087,   245,  3963,  1917,  3933,  3936,  2022,  3943,   111,  3932
set   ,                      ,  4087,    18,  3963,  2026,  4094,  4094,  2072,  4094,    39,  4093
reply ,  615.0258880006731   ,  4087,   245,  3963,  1917,  3933,  3936,  2022,  3943,   111,  3932
set   ,                      ,  4087,    18,  3963,  2026,  4094,  4094,  2072,  4094,    39,  4093
reply ,  615.5611200010753   ,  4087,   245,  3963,  1917,  3933,  3936,  2022,  3943,   111,  3932
set   ,                      ,  4087,    18,  3963,  2026,  4094,  4094,  2072,  4094,    39,  4093
reply ,  616.3812720005808   ,  4087,   245,  3963,  1917,  3933,  3936,  2022,  3943,   111,  3932
set   ,                      ,  4087,    18,  3963,  2026,  4094,  4094,  2072,  4094,    39,  4093
reply ,  617.84418300158     ,  4087,   245,  3963,  1917,  3933,  3936,  2022,  3943,   111,  3932
set   ,                      ,  4087,    18,  3963,  2026,  4094,  4094,  2072,  4094,    39,  4093
reply ,  618.3983430018998   ,  4087,   245,  3963,  1917,  3933,  3936,  2022,  3943,   111,  3932
set   ,                      ,  4087,    18,  3963,  2026,  4094,  4094,  2072,  4094,    39,  4093
reply ,  620.7919270018465   ,  4087,   245,  3963,  1917,  3933,  3936,  2022,  3943,   111,  3932
set   ,                      ,  4087,    18,  3963,  2026,  4094,  4094,  2072,  4094,    39,  4093
reply ,  621.8057620026229   ,  4087,   245,  3963,  1917,  3933,  3936,  2022,  3943,   111,  3932
set   ,                      ,  4087,    18,  3963,  2026,  4094,  4094,  2072,  4094,    39,  4093
reply ,  622.3273989999143   ,  4087,   245,  3963,  1917,  3967,  3968,  2022,  3977,   111,  3964
set   ,                      ,  4087,    18,  3963,  2026,  4094,  4094,  2072,  4094,    39,  4093
reply ,  623.6009830026887   ,  4087,   245,  3963,  1917,  3967,  3968,  2022,  3977,   111,  3964
set   ,                      ,  4087,    18,  3963,  2026,  4094,  4094,  2072,  4094,    39,  4093
reply ,  625.0265760027105   ,  4087,   245,  3963,  1917,  3967,  3968,  2022,  3977,   111,  3964
set   ,                      ,  4087,    18,  3963,  2026,  4094,  4094,  2072,  4094,    39,  4093
reply ,  625.5898800009163   ,  4087,   245,  3963,  1917,  3967,  3968,  2022,  3977,   111,  3964
set   ,                      ,  4087,    18,  3963,  2026,  4094,  4094,  2072,  4094,    39,  4093
reply ,  627.2111870021035   ,  4087,   245,  3963,  1917,  3967,  3968,  2022,  3977,   111,  3964
set   ,                      ,  4087,    18,  3963,  2026,  4094,  4094,  2072,  4094,    39,  4093
reply ,  627.6983640018443   ,  4087,   245,  3963,  1917,  3967,  3968,  2022,  3977,   111,  3964
set   ,                      ,  4087,    18,  3963,  2026,  4094,  4094,  2072,  4094,    39,  4093
reply ,  630.2630330028478   ,  4087,   245,  3963,  1917,  3967,  3968,  2022,  3977,   111,  3964
set   ,                      ,  4087,    18,  3963,  2026,  4094,  4094,  2072,  4094,    39,  4093
reply ,  631.2910209999245   ,  4087,   245,  3963,  1917,  3967,  3968,  2035,  3977,   111,  3964
set   ,                      ,  4087,    18,  3963,  2026,  4094,  4094,  2072,  4094,    39,  4093
reply ,  631.8213940030546   ,  4087,   245,  3963,  1917,  3967,  3968,  2035,  3977,   111,  3964
set   ,                      ,  4087,    18,  3963,  2026,  4094,  4094,  2072,  4094,    39,  4093
reply ,  632.368900001893    ,  4087,   245,  3963,  1917,  3999,  3997,  2035,  4003,   111,  3996
set   ,                      ,  4087,    18,  3963,  2026,  4094,  4094,  2072,  4094,    39,  4093
reply ,  635.7214550007484   ,  4087,   245,  3963,  1917,  3999,  3997,  2035,  4003,   111,  3996
set   ,                      ,  4087,    18,  3963,  2026,  4094,  4094,  2072,  4094,    39,  4093
reply ,  636.4696630007529   ,  4087,   245,  3963,  1917,  3999,  3997,  2035,  4003,   111,  3996
set   ,                      ,  4087,    18,  3963,  2026,  4094,  4094,  2072,  4094,    39,  4093
reply ,  637.2487309999997   ,  4087,   245,  3963,  1917,  3999,  3997,  2035,  4003,   111,  3996
set   ,                      ,  4087,    18,  3963,  2026,  4094,  4094,  2072,  4094,    39,  4093
reply ,  639.015726002981    ,  4087,   245,  3963,  1917,  3999,  3997,  2035,  4003,   111,  3996
set   ,                      ,  4087,    18,  3963,  2026,  4094,  4094,  2072,  4094,    39,  4093
reply ,  639.5470930001466   ,  4087,   245,  3963,  1917,  3999,  3997,  2035,  4003,   111,  3996
set   ,                      ,  4087,    18,  3963,  2026,  4094,  4094,  2072,  4094,    39,  4093
reply ,  640.5305350017443   ,  4087,   245,  3963,  1917,  3999,  3997,  2035,  4003,   111,  3996
set   ,                      ,  4087,    18,  3963,  2026,  4094,  4094,  2072,  4094,    39,  4093
reply ,  641.2277600029483   ,  4087,   245,  3963,  1917,  3999,  3997,  2035,  4003,   111,  3996
set   ,                      ,  4087,    18,  3963,  2026,  4094,  4094,  2072,  4094,    39,  4093
reply ,  642.2853340009169   ,  4087,   245,  3963,  1917,  4025,  4024,  2035,  4028,   111,  4021
set   ,                      ,  4087,    18,  3963,  2026,  4094,  4094,  2072,  4094,    39,  4093
reply ,  643.2471870029985   ,  4087,   245,  3963,  1917,  4025,  4024,  2035,  4028,   111,  4021
set   ,                      ,  4087,    18,  3963,  2026,  4094,  4094,  2072,  4094,    39,  4093
reply ,  644.9511050013825   ,  4087,   245,  3963,  1917,  4025,  4024,  2035,  4028,   111,  4021
set   ,                      ,  4087,    18,  3963,  2026,  4094,  4094,  2072,  4094,    39,  4093
reply ,  646.0489020028035   ,  4087,   245,  3963,  1917,  4025,  4024,  2035,  4028,   111,  4021
set   ,                      ,  4087,    18,  3963,  2026,  4094,  4094,  2072,  4094,    39,  4093
reply ,  646.546740001213    ,  4087,   245,  3963,  1917,  4025,  4024,  2035,  4028,   111,  4021
set   ,                      ,  4087,    18,  3963,  2026,  4094,  4094,  2072,  4094,    39,  4093
reply ,  648.9727030020731   ,  4087,   245,  3963,  1917,  4025,  4024,  2035,  4028,   111,  4021
set   ,                      ,  4087,    18,  3963,  2026,  4094,  4094,  2072,  4094,    39,  4093
reply ,  650.0177289999556   ,  4087,   245,  3963,  1917,  4025,  4024,  2035,  4028,   111,  4021
set   ,                      ,  4087,    18,  3963,  2026,  4094,  4094,  2072,  4094,    39,  4093
reply ,  650.5459239997435   ,  4087,   245,  3963,  1917,  4025,  4024,  2035,  4028,   111,  4021
set   ,                      ,  4087,    18,  3963,  2026,  4094,  4094,  2072,  4094,    39,  4093
reply ,  651.8042650022835   ,  4087,   245,  3963,  1917,  4025,  4024,  2035,  4028,   111,  4021
set   ,                      ,  4087,    18,  3963,  2026,  4094,  4094,  2072,  4094,    39,  4093
reply ,  652.320093002345    ,  4087,   245,  3963,  1917,  4047,  4046,  2035,  4049,   111,  4044
set   ,                      ,  4087,    18,  3963,  2026,  4094,  4094,  2072,  4094,    39,  4093
reply ,  653.2180430003791   ,  4087,   245,  3963,  1917,  4047,  4046,  2035,  4049,   111,  4044
set   ,                      ,  4087,    18,  3963,  2026,  4094,  4094,  2072,  4094,    39,  4093
reply ,  654.9287560010271   ,  4087,   245,  3963,  1917,  4047,  4046,  2035,  4049,   111,  4044
set   ,                      ,  4087,    18,  3963,  2026,  4094,  4094,  2072,  4094,    39,  4093
reply ,  655.9455170026922   ,  4087,   245,  3963,  1917,  4047,  4046,  2035,  4049,   111,  4044
set   ,                      ,  4087,    18,  3963,  2026,  4094,  4094,  2072,  4094,    39,  4093
reply ,  656.5150770002219   ,  4087,   245,  3963,  1917,  4047,  4046,  2035,  4049,   111,  4044
set   ,                      ,  4087,    18,  3963,  2026,  4094,  4094,  2072,  4094,    39,  4093
reply ,  658.9298120015883   ,  4087,   245,  3963,  1917,  4047,  4046,  2035,  4049,   111,  4044
set   ,                      ,  4087,    18,  3963,  2026,  4094,  4094,  2072,  4094,    39,  4093
reply ,  659.9813210013963   ,  4087,   245,  3963,  1917,  4047,  4046,  2035,  4049,   111,  4044
set   ,                      ,  4087,    18,  3963,  2026,  4094,  4094,  2072,  4094,    39,  4093
reply ,  660.5057470005704   ,  4087,   245,  3963,  1917,  4047,  4046,  2035,  4049,   111,  4044
set   ,                      ,  4087,    18,  3963,  2026,  4094,  4094,  2072,  4094,    39,  4093
reply ,  661.8237950024195   ,  4087,   245,  3963,  1917,  4047,  4046,  2035,  4049,   111,  4044
set   ,                      ,  4087,    18,  3963,  2026,  4094,  4094,  2072,  4094,    39,  4093
reply ,  662.9351660012617   ,  4087,   245,  3963,  1917,  4065,  4062,  2035,  4065,   111,  4059
set   ,                      ,  4087,    18,  3963,  2026,  4094,  4094,  2072,  4094,    39,  4093
reply ,  663.5176230010984   ,  4087,   245,  3963,  1917,  4065,  4062,  2035,  4065,   111,  4059
set   ,                      ,  4087,    18,  3963,  2026,  4094,  4094,  2072,  4094,    39,  4093
reply ,  666.0005920020922   ,  4087,   245,  3963,  1917,  4065,  4062,  2035,  4065,   111,  4059
set   ,                      ,  4087,    18,  3963,  2026,  4094,  4094,  2072,  4094,    39,  4093
reply ,  667.0796110010997   ,  4087,   245,  3963,  1917,  4065,  4062,  2035,  4065,   111,  4059
set   ,                      ,  4087,    18,  3963,  2026,  4094,  4094,  2072,  4094,    39,  4093
reply ,  667.6083340025798   ,  4087,   245,  3963,  1917,  4065,  4062,  2035,  4065,   111,  4059
set   ,                      ,  4087,    18,  3963,  2026,  4094,  4094,  2072,  4094,    39,  4093
reply ,  669.0484360005939   ,  4087,   245,  3963,  1917,  4065,  4062,  2035,  4065,   111,  4059
set   ,                      ,  4087,    18,  3963,  2026,  4094,  4094,  2072,  4094,    39,  4093
reply ,  670.1014070022211   ,  4087,   245,  3963,  1917,  4065,  4062,  2035,  4065,   111,  4059
set   ,                      ,  4087,    18,  3963,  2026,  4094,  4094,  2072,  4094,    39,  4093
reply ,  670.6245500026853   ,  4087,   245,  3963,  1917,  4065,  4062,  2035,  4065,   111,  4059
set   ,                      ,  4087,    18,  3963,  2026,  4094,  4094,  2072,  4094,    39,  4093
reply ,  673.0621690003318   ,  4087,   245,  3963,  1917,  4065,  4062,  2035,  4065,   111,  4059
set   ,                      ,  4087,    18,  3963,  2026,  4094,  4094,  2072,  4094,    39,  4093
reply ,  674.0372800013574   ,  4087,   245,  3963,  1917,  4078,  4075,  2035,  4076,   111,  4072
set   ,                      ,  4087,    18,  3963,  2026,  4094,  4094,  2072,  4094,    39,  4093
reply ,  674.9238590018649   ,  4087,   245,  3963,  1917,  4078,  4075,  2035,  4076,   111,  4072
set   ,                      ,  4087,    18,  3963,  2026,  4094,  4094,  2072,  4094,    39,  4093
reply ,  675.7593930014991   ,  4087,   245,  3963,  1917,  4078,  4075,  2035,  4076,   111,  4072
set   ,                      ,  4087,    18,  3963,  2026,  4094,  4094,  2072,  4094,    39,  4093
reply ,  678.2739379996201   ,  4087,   245,  3963,  1917,  4078,  4075,  2035,  4076,   111,  4072
set   ,                      ,  4087,    18,  3963,  2026,  4094,  4094,  2072,  4094,    39,  4093
reply ,  678.8047590016504   ,  4087,   245,  3963,  1917,  4078,  4075,  2035,  4076,   111,  4072
set   ,                      ,  4087,    18,  3963,  2026,  4094,  4094,  2072,  4094,    39,  4093
reply ,  679.5840990016586   ,  4087,   245,  3963,  1917,  4078,  4075,  2035,  4076,   111,  4072
set   ,                      ,  4087,    18,  3963,  2026,  4094,  4094,  2072,  4094,    39,  4093
reply ,  681.2724270021135   ,  4087,   245,  3963,  1917,  4078,  4075,  2035,  4076,   111,  4072
set   ,                      ,  4087,    18,  3963,  2026,  4094,  4094,  2072,  4094,    39,  4093
reply ,  681.8065229999775   ,  4087,   245,  3963,  1917,  4078,  4075,  2035,  4076,   111,  4072
set   ,                      ,  4087,    18,  3963,  2026,  4094,  4094,  2072,  4094,    39,  4093
reply ,  682.3778880025202   ,  4087,   245,  3963,  1917,  4085,  4082,  2035,  4084,   111,  4078
set   ,                      ,  4087,    18,  3963,  2026,  4094,  4094,  2072,  4094,    39,  4093
reply ,  683.2237060007174   ,  4087,   245,  3963,  1917,  4085,  4082,  2035,  4084,   111,  4078
set   ,                      ,  4087,    18,  3963,  2026,  4094,  4094,  2072,  4094,    39,  4093
reply ,  684.9468090003938   ,  4087,   245,  3963,  1917,  4085,  4082,  2035,  4084,   111,  4078
set   ,                      ,  4087,    18,  3963,  2026,  4094,  4094,  2072,  4094,    39,  4093
reply ,  685.5886830016971   ,  4087,   245,  3963,  1917,  4085,  4082,  2035,  4084,   111,  4078
set   ,                      ,  4087,    18,  3963,  2026,  4094,  4094,  2072,  4094,    39,  4093
reply ,  686.4077170030214   ,  4087,   245,  3963,  1917,  4085,  4082,  2035,  4084,   111,  4078
set   ,                      ,  4087,    18,  3963,  2026,  4094,  4094,  2072,  4094,    39,  4093
reply ,  687.2177940022084   ,  4087,   245,  3963,  1917,  4085,  4082,  2035,  4084,   111,  4078
set   ,                      ,  4087,    18,  3963,  2026,  4094,  4094,  2072,  4094,    39,  4093
reply ,  688.415096999961    ,  4087,   245,  3963,  1917,  4085,  4082,  2035,  4084,   111,  4078
set   ,                      ,  4087,    18,  3963,  2026,  4094,  4094,  2072,  4094,    39,  4093
reply ,  689.2308000024059   ,  4087,   245,  3963,  1917,  4085,  4082,  2035,  4084,   111,  4078
set   ,                      ,  4087,    18,  3963,  2026,  4094,  4094,  2072,  4094,    39,  4093
reply ,  690.7295359997079   ,  4087,   245,  3963,  1917,  4085,  4082,  2035,  4084,   111,  4078
set   ,                      ,  4087,    18,  3963,  2026,  4094,  4094,  2072,  4094,    39,  4093
reply ,  691.2399370012281   ,  4087,   245,  3963,  1917,  4085,  4082,  2035,  4084,   111,  4078
set   ,                      ,  4087,    18,  3963,  2026,  4094,  4094,  2072,  4094,    39,  4093
reply ,  693.6013940030534   ,  4087,   245,  3963,  1917,  4088,  4085,  2035,  4087,   111,  4082
set   ,                      ,  4087,    18,  3963,  2026,  4094,  4094,  2072,  4094,    39,  4093
reply ,  694.553610002913    ,  4087,   245,  3963,  1917,  4088,  4085,  2035,  4087,   111,  4082
set   ,                      ,  4087,    18,  3963,  2026,  4094,  4094,  2072,  4094,    39,  4093
reply ,  695.063167000626    ,  4087,   245,  3963,  1917,  4088,  4085,  2035,  4087,   111,  4082
set   ,                      ,  4087,    18,  3963,  2026,  4094,  4094,  2072,  4094,    39,  4093
reply ,  695.6161920024897   ,  4087,   245,  3963,  1917,  4088,  4085,  2035,  4087,   111,  4082
set   ,                      ,  4087,    18,  3963,  2026,  4094,  4094,  2072,  4094,    39,  4093
reply ,  696.7473980002978   ,  4087,   245,  3963,  1917,  4088,  4085,  2035,  4087,   111,  4082
set   ,                      ,  4087,    18,  3963,  2026,  4094,  4094,  2072,  4094,    39,  4093
reply ,  697.3153360013384   ,  4087,   245,  3963,  1917,  4088,  4085,  2035,  4087,   111,  4082
set   ,                      ,  4087,    18,  3963,  2026,  4094,  4094,  2072,  4094,    39,  4093
reply ,  698.4155110003485   ,  4087,   245,  3963,  1917,  4088,  4085,  2035,  4087,   111,  4082
set   ,                      ,  4087,    18,  3963,  2026,  4094,  4094,  2072,  4094,    39,  4093
reply ,  699.2184650007403   ,  4087,   245,  3963,  1917,  4088,  4085,  2035,  4087,   111,  4082
set   ,                      ,  4087,    18,  3963,  2026,  4094,  4094,  2072,  4094,    39,  4093
reply ,  700.8472190027533   ,  4087,   245,  3963,  1917,  4088,  4085,  2035,  4087,   111,  4082
set   ,                      ,  4087,    18,  3963,  2026,  4094,  4094,  2072,  4094,    39,  4093
reply ,  701.3687150029      ,  4087,   245,  3963,  1917,  4088,  4085,  2035,  4087,   111,  4082
set   ,                      ,  4087,    18,  3963,  2026,  4094,  4094,  2072,  4094,    39,  4093
reply ,  703.7011600004917   ,  4091,   245,  3963,  1917,  4091,  4088,  2035,  4090,   111,  4085
set   ,                      ,  4087,    18,  3963,  2026,  4094,  4094,  2072,  4094,    39,  4093
reply ,  704.9161020004249   ,  4091,   245,  3963,  1917,  4091,  4088,  2035,  4090,   111,  4085
set   ,                      ,  4087,    18,  3963,  2026,  4094,  4094,  2072,  4094,    39,  4093
reply ,  705.4741320025641   ,  4091,   245,  3963,  1917,  4091,  4088,  2035,  4090,   111,  4085
set   ,                      ,  4087,    18,  3963,  2026,  4094,  4094,  2072,  4094,    39,  4093
reply ,  706.3888690026943   ,  4091,   245,  3963,  1917,  4091,  4088,  2035,  4090,   111,  4085
set   ,                      ,  4087,    18,  3963,  2026,  4094,  4094,  2072,  4094,    39,  4093
reply ,  708.96214500317     ,  4091,   245,  3963,  1917,  4091,  4088,  2035,  4090,   111,  4085
set   ,                      ,  4087,    18,  3963,  2026,  4094,  4094,  2072,  4094,    39,  4093
reply ,  709.4896290000179   ,  4091,   245,  3963,  1917,  4091,  4088,  2035,  4090,   111,  4085
set   ,                      ,  4087,    18,  3963,  2026,  4094,  4094,  2072,  4094,    39,  4093
reply ,  710.4158630027086   ,  4091,   245,  3963,  1917,  4091,  4088,  2035,  4090,   111,  4085
set   ,                      ,  4087,    18,  3963,  2026,  4094,  4094,  2072,  4094,    39,  4093
reply ,  712.0910970006662   ,  4091,   245,  3963,  1917,  4091,  4088,  2035,  4090,   111,  4085
set   ,                      ,  4087,    18,  3963,  2026,  4094,  4094,  2072,  4094,    39,  4093
reply ,  712.6482800013036   ,  4083,   245,  3963,  1917,  4094,  4091,  2035,  4090,   111,  4088
set   ,                      ,  4087,    18,  3963,  2026,  4094,  4094,  2072,  4094,    39,  4093
reply ,  713.287416001549    ,  4083,   245,  3963,  1917,  4094,  4091,  2035,  4090,   111,  4088
set   ,                      ,  4087,    18,  3963,  2026,  4094,  4094,  2072,  4094,    39,  4093
reply ,  714.950953002699    ,  4083,   245,  3963,  1917,  4094,  4091,  2035,  4090,   111,  4088
set   ,                      ,  4087,    18,  3963,  2026,  4094,  4094,  2072,  4094,    39,  4093
reply ,  715.4820240029949   ,  4083,   245,  3963,  1917,  4094,  4091,  2035,  4090,   111,  4088
set   ,                      ,  4087,    18,  3963,  2026,  4094,  4094,  2072,  4094,    39,  4093
reply ,  716.4315000009083   ,  4083,   245,  3963,  1917,  4094,  4091,  2035,  4090,   111,  4088
set   ,                      ,  4087,    18,  3963,  2026,  4094,  4094,  2072,  4094,    39,  4093
reply ,  717.2284820007917   ,  4083,   245,  3963,  1917,  4094,  4091,  2035,  4090,   111,  4088
set   ,                      ,  4087,    18,  3963,  2026,  4094,  4094,  2072,  4094,    39,  4093
reply ,  718.4248390003631   ,  4083,   245,  3963,  1917,  4094,  4091,  2035,  4090,   111,  4088
set   ,                      ,  4087,    18,  3963,  2026,  4094,  4094,  2072,  4094,    39,  4093
reply ,  719.2216790026578   ,  4083,   245,  3963,  1917,  4094,  4091,  2035,  4090,   111,  4088
set   ,                      ,  4087,    18,  3963,  2026,  4094,  4094,  2072,  4094,    39,  4093
reply ,  720.7659670020803   ,  4083,   245,  3963,  1917,  4094,  4091,  2035,  4090,   111,  4088
set   ,                      ,  4087,    18,  3963,  2026,  4094,  4094,  2072,  4094,    39,  4093
reply ,  721.2911590031581   ,  4083,   245,  3963,  1917,  4094,  4091,  2035,  4090,   111,  4088
set   ,                      ,  4087,    18,  3963,  2026,  4094,  4094,  2072,  4094,    39,  4093
reply ,  723.6829080029565   ,  4087,   245,  3963,  1917,  4094,  4091,  2035,  4091,   111,  4088
set   ,                      ,  4087,    18,  3963,  2026,  4094,  4094,  2072,  4094,    39,  4093
reply ,  724.8950320026779   ,  4087,   245,  3963,  1917,  4094,  4091,  2035,  4091,   111,  4088
set   ,                      ,  4087,    18,  3963,  2026,  4094,  4094,  2072,  4094,    39,  4093
reply ,  725.4604110021319   ,  4087,   245,  3963,  1917,  4094,  4091,  2035,  4091,   111,  4088
set   ,                      ,  4087,    18,  3963,  2026,  4094,  4094,  2072,  4094,    39,  4093
reply ,  726.4061860005313   ,  4087,   245,  3963,  1917,  4094,  4091,  2035,  4091,   111,  4088
set   ,                      ,  4087,    18,  3963,  2026,  4094,  4094,  2072,  4094,    39,  4093
reply ,  727.2689520032145   ,  4087,   245,  3963,  1917,  4094,  4091,  2035,  4091,   111,  4088
set   ,                      ,  4087,    18,  3963,  2026,  4094,  4094,  2072,  4094,    39,  4093
reply ,  728.4349190013018   ,  4087,   245,  3963,  1917,  4094,  4091,  2035,  4091,   111,  4088
set   ,                      ,  4087,    18,  3963,  2026,  4094,  4094,  2072,  4094,    39,  4093
reply ,  729.9197140018805   ,  4087,   245,  3963,  1917,  4094,  4091,  2035,  4091,   111,  4088
set   ,                      ,  4087,    18,  3963,  2026,  4094,  4094,  2072,  4094,    39,  4093
reply ,  730.4526570005692   ,  4087,   245,  3963,  1917,  4094,  4091,  2035,  4091,   111,  4088
set   ,                      ,  4087,    18,  3963,  2026,  4094,  4094,  2072,  4094,    39,  4093
reply ,  732.9031860026589   ,  4087,   245,  3963,  1917,  4094,  4091,  2035,  4091,   111,  4088
set   ,                      ,  4087,    18,  3963,  2026,  4094,  4094,  2072,  4094,    39,  4093
reply ,  733.9202809998824   ,  4087,   245,  3963,  1917,  4094,  4091,  2035,  4091,   111,  4088
set   ,                      ,  4087,    18,  3963,  2026,  4094,  4094,  2072,  4094,    39,  4093
reply ,  734.9812660031603   ,  4087,   245,  3963,  1917,  4094,  4091,  2035,  4091,   111,  4088
set   ,                      ,  4087,    18,  3963,  2026,  4094,  4094,  2072,  4094,    39,  4093
reply ,  735.7463570006075   ,  4087,   245,  3963,  1917,  4094,  4091,  2035,  4091,   111,  4088
set   ,                      ,  4087,    18,  3963,  2026,  4094,  4094,  2072,  4094,    39,  4093
reply ,  736.7521760024829   ,  4087,   245,  3963,  1917,  4094,  4091,  2035,  4091,   111,  4088
set   ,                      ,  4087,    18,  3963,  2026,  4094,  4094,  2072,  4094,    39,  4093
reply ,  737.2820550008328   ,  4087,   245,  3963,  1917,  4094,  4091,  2035,  4091,   111,  4088
set   ,                      ,  4087,    18,  3963,  2026,  4094,  4094,  2072,  4094,    39,  4093
reply ,  739.7602529999858   ,  4087,   245,  3963,  1917,  4094,  4091,  2035,  4091,   111,  4088
set   ,                      ,  4087,    18,  3963,  2026,  4094,  4094,  2072,  4094,    39,  4093
reply ,  740.7548789997236   ,  4087,   245,  3963,  1917,  4094,  4091,  2035,  4091,   111,  4088
set   ,                      ,  4087,    18,  3963,  2026,  4094,  4094,  2072,  4094,    39,  4093
reply ,  741.2883540018811   ,  4087,   245,  3963,  1917,  4094,  4091,  2035,  4091,   111,  4088
set   ,                      ,  4087,    18,  3963,  2026,  4094,  4094,  2072,  4094,    39,  4093
reply ,  742.5960790023964   ,  4087,   245,  3963,  1917,  4094,  4091,  2035,  4091,   111,  4088
set   ,                      ,  4087,    18,  3963,  2026,  4094,  4094,  2072,  4094,    39,  4093
reply ,  743.575452001096    ,  4087,   245,  3963,  1917,  4094,  4091,  2035,  4091,   111,  4088
set   ,                      ,  4087,    18,  3963,  2026,  4094,  4094,  2072,  4094,    39,  4093
reply ,  746.5890880012012   ,  4087,   245,  3963,  1917,  4094,  4091,  2035,  4091,   111,  4088
set   ,                      ,  4087,    18,  3963,  2026,  4094,  4094,  2072,  4094,    39,  4093
reply ,  747.6566880031896   ,  4087,   245,  3963,  1917,  4094,  4091,  2035,  4091,   111,  4088
set   ,                      ,  4087,    18,  3963,  2026,  4094,  4094,  2072,  4094,    39,  4093
reply ,  748.4100040019257   ,  4087,   245,  3963,  1917,  4094,  4091,  2035,  4091,   111,  4088
set   ,                      ,  4087,    18,  3963,  2026,  4094,  4094,  2072,  4094,    39,  4093
reply ,  749.5134150012746   ,  4087,   245,  3963,  1917,  4094,  4091,  2035,  4091,   111,  4088
set   ,                      ,  4087,    18,  3963,  2026,  4094,  4094,  2072,  4094,    39,  4093
reply ,  752.1211650018813   ,  4087,   245,  3963,  1917,  4094,  4091,  2035,  4091,   111,  4088
set   ,                      ,  4087,    18,  3963,  2026,  4094,  4094,  2072,  4094,    39,  4093
reply ,  752.6632460030669   ,  4087,   245,  3963,  1917,  4094,  4091,  2035,  4091,   111,  4088
set   ,                      ,  4087,    18,  3963,  2026,  4094,  4094,  2072,  4094,    39,  4093
reply ,  753.2439800015709   ,  4087,   245,  3963,  1917,  4094,  4091,  2035,  4091,   111,  4088
set   ,                      ,  4087,    18,  3963,  2026,  4094,  4094,  2072,  4094,    39,  4093
reply ,  755.4006740028854   ,  4087,   245,  3963,  1917,  4094,  4091,  2035,  4091,   111,  4088
set   ,                      ,  4087,    18,  3963,  2026,  4094,  4094,  2072,  4094,    39,  4093
reply ,  755.9182060031162   ,  4087,   245,  3963,  1917,  4094,  4091,  2035,  4091,   111,  4088
set   ,                      ,  4087,    18,  3963,  2026,  4094,  4094,  2072,  4094,    39,  4093
reply ,  756.4730350022728   ,  4087,   245,  3963,  1917,  4094,  4091,  2035,  4091,   111,  4088
set   ,                      ,  4087,    18,  3963,  2026,  4094,  4094,  2072,  4094,    39,  4093
reply ,  757.2085370011337   ,  4087,   245,  3963,  1917,  4094,  4091,  2035,  4091,   111,  4088
set   ,                      ,  4087,    18,  3963,  2026,  4094,  4094,  2072,  4094,    39,  4093
reply ,  758.3872670002165   ,  4087,   245,  3963,  1917,  4094,  4091,  2035,  4091,   111,  4088
set   ,                      ,  4087,    18,  3963,  2026,  4094,  4094,  2072,  4094,    39,  4093
reply ,  759.1927620014758   ,  4087,   245,  3963,  1917,  4094,  4091,  2035,  4091,   111,  4088
set   ,                      ,  4087,    18,  3963,  2026,  4094,  4094,  2072,  4094,    39,  4093
reply ,  760.4071590030799   ,  4087,   245,  3963,  1917,  4094,  4091,  2035,  4091,   111,  4088
set   ,                      ,  4087,    18,  3963,  2026,  4094,  4094,  2072,  4094,    39,  4093
reply ,  761.1971940023068   ,  4087,   245,  3963,  1917,  4094,  4091,  2035,  4091,   111,  4088
set   ,                      ,  4087,    18,  3963,  2026,  4094,  4094,  2072,  4094,    39,  4093
reply ,  762.2663150032167   ,  4087,   245,  3963,  1917,  4094,  4091,  2035,  4091,   111,  4088
set   ,                      ,  4087,    18,  3963,  2026,  4094,  4094,  2072,  4094,    39,  4093
reply ,  764.0237740015436   ,  4087,   245,  3963,  1917,  4094,  4091,  2035,  4091,   111,  4088
set   ,                      ,  4087,    18,  3963,  2026,  4094,  4094,  2072,  4094,    39,  4093
reply ,  764.9430359997496   ,  4087,   245,  3963,  1917,  4094,  4091,  2035,  4091,   111,  4088
set   ,                      ,  4087,    18,  3963,  2026,  4094,  4094,  2072,  4094,    39,  4093
reply ,  767.1075380021648   ,  4087,   245,  3963,  1917,  4094,  4091,  2035,  4091,   111,  4088
set   ,                      ,  4087,    18,  3963,  2026,  4094,  4094,  2072,  4094,    39,  4093
reply ,  768.1868050021876   ,  4087,   245,  3963,  1917,  4094,  4091,  2035,  4091,   111,  4088
set   ,                      ,  4087,    18,  3963,  2026,  4094,  4094,  2072,  4094,    39,  4093
reply ,  768.7452620011754   ,  4087,   245,  3963,  1917,  4094,  4091,  2035,  4091,   111,  4088
set   ,                      ,  4087,    18,  3963,  2026,  4094,  4094,  2072,  4094,    39,  4093
reply ,  769.3368540021766   ,  4087,   245,  3963,  1917,  4094,  4091,  2035,  4091,   111,  4088
set   ,                      ,  4087,    18,  3963,  2026,  4094,  4094,  2072,  4094,    39,  4093
reply ,  770.6160119996639   ,  4087,   245,  3963,  1917,  4094,  4091,  2035,  4091,   111,  4088
set   ,                      ,  4087,    18,  3963,  2026,  4094,  4094,  2072,  4094,    39,  4093
reply ,  771.2122510019981   ,  4087,   245,  3963,  1917,  4094,  4091,  2035,  4091,   111,  4088
set   ,                      ,  4087,    18,  3963,  2026,  4094,  4094,  2072,  4094,    39,  4093
reply ,  772.2868760029087   ,  4087,   245,  3963,  1917,  4094,  4091,  2035,  4091,   111,  4088
set   ,                      ,  4087,    18,  3963,  2026,  4094,  4094,  2072,  4094,    39,  4093
reply ,  773.2023270000354   ,  4087,   245,  3963,  1917,  4094,  4091,  2035,  4091,   111,  4088
set   ,                      ,  4087,    18,  3963,  2026,  4094,  4094,  2072,  4094,    39,  4093
reply ,  776.7367530032061   ,  4087,   245,  3963,  1917,  4094,  4091,  2035,  4091,   111,  4088
set   ,                      ,  4087,    18,  3963,  2026,  4094,  4094,  2072,  4094,    39,  4093
reply ,  777.7095490018837   ,  4087,   245,  3963,  1917,  4094,  4091,  2035,  4091,   111,  4088
set   ,                      ,  4087,    18,  3963,  2026,  4094,  4094,  2072,  4094,    39,  4093
reply ,  778.440401001717    ,  4087,   245,  3963,  1917,  4094,  4091,  2035,  4091,   111,  4088
set   ,                      ,  4087,    18,  3963,  2026,  4094,  4094,  2072,  4094,    39,  4093
reply ,  779.4223790006072   ,  4087,   245,  3963,  1917,  4094,  4091,  2035,  4091,   111,  4088
set   ,                      ,  4087,    18,  3963,  2026,  4094,  4094,  2072,  4094,    39,  4093
reply ,  782.0358240023779   ,  4087,   245,  3963,  1917,  4094,  4091,  2035,  4091,   111,  4088
set   ,                      ,  4087,    18,  3963,  2026,  4094,  4094,  2072,  4094,    39,  4093
reply ,  782.5748739996925   ,  4087,   245,  3963,  1917,  4094,  4091,  2035,  4091,   111,  4088
set   ,                      ,  4087,    18,  3963,  2026,  4094,  4094,  2072,  4094,    39,  4093
reply ,  783.3085620004567   ,  4087,   245,  3963,  1917,  4094,  4091,  2035,  4091,   111,  4088
set   ,                      ,  4087,    18,  3963,  2026,  4094,  4094,  2072,  4094,    39,  4093
reply ,  784.9897440028144   ,  4087,   245,  3963,  1917,  4094,  4091,  2035,  4091,   111,  4088
set   ,                      ,  4087,    18,  3963,  2026,  4094,  4094,  2072,  4094,    39,  4093
reply ,  785.5898859997978   ,  4087,   245,  3963,  1917,  4094,  4091,  2035,  4091,   111,  4088
set   ,                      ,  4087,    18,  3963,  2026,  4094,  4094,  2072,  4094,    39,  4093
reply ,  786.4127470020321   ,  4087,   245,  3963,  1917,  4094,  4091,  2035,  4091,   111,  4088
set   ,                      ,  4087,    18,  3963,  2026,  4094,  4094,  2072,  4094,    39,  4093
reply ,  787.198542002443    ,  4087,   245,  3963,  1917,  4094,  4091,  2035,  4091,   111,  4088
set   ,                      ,  4087,    18,  3963,  2026,  4094,  4094,  2072,  4094,    39,  4093
reply ,  788.4196310005791   ,  4087,   245,  3963,  1917,  4094,  4091,  2035,  4091,   111,  4088
set   ,                      ,  4087,    18,  3963,  2026,  4094,  4094,  2072,  4094,    39,  4093
reply ,  789.244833002158    ,  4087,   245,  3963,  1917,  4094,  4091,  2035,  4091,   111,  4088
set   ,                      ,  4087,    18,  3963,  2026,  4094,  4094,  2072,  4094,    39,  4093
reply ,  790.3932600020198   ,  4087,   245,  3963,  1917,  4094,  4091,  2035,  4091,   111,  4088
set   ,                      ,  4087,    18,  3963,  2026,  4094,  4094,  2072,  4094,    39,  4093
reply ,  791.192480999598    ,  4087,   245,  3963,  1917,  4094,  4091,  2035,  4091,   111,  4088
set   ,                      ,  4087,    18,  3963,  2026,  4094,  4094,  2072,  4094,    39,  4093
reply ,  792.734788999951    ,  4087,   245,  3963,  1917,  4094,  4091,  2035,  4091,   111,  4088
set   ,                      ,  4087,    18,  3963,  2026,  4094,  4094,  2072,  4094,    39,  4093
reply ,  793.2782750031038   ,  4087,   245,  3963,  1917,  4094,  4091,  2035,  4091,   111,  4088
set   ,                      ,  4087,    18,  3963,  2026,  4094,  4094,  2072,  4094,    39,  4093
reply ,  795.6366910002544   ,  4087,   245,  3963,  1917,  4094,  4091,  2035,  4091,   111,  4088
set   ,                      ,  4087,    18,  3963,  2026,  4094,  4094,  2072,  4094,    39,  4093
reply ,  796.5526600019075   ,  4087,   245,  3963,  1917,  4094,  4091,  2035,  4091,   111,  4088
set   ,                      ,  4087,    18,  3963,  2026,  4094,  4094,  2072,  4094,    39,  4093
reply ,  797.0623150031315   ,  4087,   245,  3963,  1917,  4094,  4091,  2035,  4091,   111,  4088
set   ,                      ,  4087,    18,  3963,  2026,  4094,  4094,  2072,  4094,    39,  4093
reply ,  798.2483970008616   ,  4087,   245,  3963,  1917,  4094,  4091,  2035,  4091,   111,  4088
set   ,                      ,  4087,    18,  3963,  2026,  4094,  4094,  2072,  4094,    39,  4093
reply ,  798.8276320029399   ,  4087,   245,  3963,  1917,  4094,  4091,  2035,  4091,   111,  4088
set   ,                      ,  4087,    18,  3963,  2026,  4094,  4094,  2072,  4094,    39,  4093
reply ,  799.394036999729    ,  4087,   245,  3963,  1917,  4094,  4091,  2035,  4091,   111,  4088
set   ,                      ,  4087,    18,  3963,  2026,  4094,  4094,  2072,  4094,    39,  4093
reply ,  800.3991400000814   ,  4087,   245,  3963,  1917,  4094,  4091,  2035,  4091,   111,  4088
set   ,                      ,  4087,    18,  3963,  2026,  4094,  4094,  2072,  4094,    39,  4093
reply ,  801.221997000539    ,  4087,   245,  3963,  1917,  4094,  4091,  2035,  4091,   111,  4088
set   ,                      ,  4087,    18,  3963,  2026,  4094,  4094,  2072,  4094,    39,  4093
reply ,  802.3567970012664   ,  4087,   245,  3963,  1917,  4094,  4091,  2035,  4091,   111,  4088
set   ,                      ,  4087,    18,  3963,  2026,  4094,  4094,  2072,  4094,    39,  4093
reply ,  804.7139789996436   ,  4087,   245,  3963,  1917,  4094,  4091,  2035,  4091,   111,  4088
set   ,                      ,  4087,    18,  3963,  2026,  4094,  4094,  2072,  4094,    39,  4093
reply ,  805.674788000033    ,  4087,   245,  3963,  1917,  4094,  4091,  2035,  4091,   111,  4088
set   ,                      ,  4087,    18,  3963,  2026,  4094,  4094,  2072,  4094,    39,  4093
reply ,  806.4071000007971   ,  4087,   245,  3963,  1917,  4094,  4091,  2035,  4091,   111,  4088
set   ,                      ,  4087,    18,  3963,  2026,  4094,  4094,  2072,  4094,    39,  4093
reply ,  807.3813310002151   ,  4087,   245,  3963,  1917,  4094,  4091,  2035,  4091,   111,  4088
set   ,                      ,  4087,    18,  3963,  2026,  4094,  4094,  2072,  4094,    39,  4093
reply ,  808.3950809996168   ,  4087,   245,  3963,  1917,  4094,  4091,  2035,  4091,   111,  4088
set   ,                      ,  4087,    18,  3963,  2026,  4094,  4094,  2072,  4094,    39,  4093
reply ,  809.1995800023142   ,  4087,   245,  3963,  1917,  4094,  4091,  2035,  4091,   111,  4088
set   ,                      ,  4087,    18,  3963,  2026,  4094,  4094,  2072,  4094,    39,  4093
reply ,  811.1448340023344   ,  4087,   245,  3963,  1917,  4094,  4091,  2035,  4091,   111,  4088
set   ,                      ,  4087,    18,  3963,  2026,  4094,  4094,  2072,  4094,    39,  4093
reply ,  812.1163570031058   ,  4087,   245,  3963,  1917,  4094,  4091,  2035,  4091,   111,  4088
set   ,                      ,  4087,    18,  3963,  2026,  4094,  4094,  2072,  4094,    39,  4093
reply ,  812.6486680012022   ,  4087,   245,  3963,  1917,  4094,  4091,  2035,  4091,   111,  4088
set   ,                      ,  4087,    18,  3963,  2026,  4094,  4094,  2072,  4094,    39,  4093
reply ,  813.7777770025423   ,  4087,   245,  3963,  1917,  4094,  4091,  2035,  4091,   111,  4088
set   ,                      ,  4087,    18,  3963,  2026,  4094,  4094,  2072,  4094,    39,  4093
reply ,  814.9246900029539   ,  4087,   245,  3963,  1917,  4094,  4091,  2035,  4091,   111,  4088
set   ,                      ,  4087,    18,  3963,  2026,  4094,  4094,  2072,  4094,    39,  4093
reply ,  815.526515001693    ,  4087,   245,  3963,  1917,  4094,  4091,  2035,  4091,   111,  4088
set   ,                      ,  4087,    18,  3963,  2026,  4094,  4094,  2072,  4094,    39,  4093
reply ,  817.5272130029043   ,  4087,   245,  3963,  1917,  4094,  4091,  2035,  4091,   111,  4088
set   ,                      ,  4087,    18,  3963,  2026,  4094,  4094,  2072,  4094,    39,  4093
reply ,  818.5044130004826   ,  4087,   245,  3963,  1917,  4094,  4091,  2035,  4091,   111,  4088
set   ,                      ,  4087,    18,  3963,  2026,  4094,  4094,  2072,  4094,    39,  4093
reply ,  819.0199090022361   ,  4087,   245,  3963,  1917,  4094,  4091,  2035,  4091,   111,  4088
set   ,                      ,  4087,    18,  3963,  2026,  4094,  4094,  2072,  4094,    39,  4093
reply ,  820.2402660026564   ,  4087,   245,  3963,  1917,  4094,  4091,  2035,  4091,   111,  4088
set   ,                      ,  4087,    18,  3963,  2026,  4094,  4094,  2072,  4094,    39,  4093
reply ,  822.8002940013539   ,  4087,   245,  3963,  1917,  4094,  4091,  2035,  4091,   111,  4088
set   ,                      ,  4087,    18,  3963,  2026,  4094,  4094,  2072,  4094,    39,  4093
reply ,  823.3232100028545   ,  4087,   245,  3963,  1917,  4094,  4091,  2035,  4091,   111,  4088
set   ,                      ,  4087,    18,  3963,  2026,  4094,  4094,  2072,  4094,    39,  4093
reply ,  825.938115001918    ,  4087,   245,  3963,  1917,  4094,  4091,  2035,  4091,   111,  4088
set   ,                      ,  4087,    18,  3963,  2026,  4094,  4094,  2072,  4094,    39,  4093
reply ,  826.4835850022791   ,  4087,   245,  3963,  1917,  4094,  4091,  2035,  4091,   111,  4088
set   ,                      ,  4087,    18,  3963,  2026,  4094,  4094,  2072,  4094,    39,  4093
reply ,  827.2207560003153   ,  4087,   245,  3963,  1917,  4094,  4091,  2035,  4091,   111,  4088
set   ,                      ,  4087,    18,  3963,  2026,  4094,  4094,  2072,  4094,    39,  4093
reply ,  828.4455230023013   ,  4087,   245,  3963,  1917,  4094,  4091,  2035,  4091,   111,  4088
set   ,                      ,  4087,    18,  3963,  2026,  4094,  4094,  2072,  4094,    39,  4093
reply ,  829.222906002542    ,  4087,   245,  3963,  1917,  4094,  4091,  2035,  4091,   111,  4088
set   ,                      ,  4087,    18,  3963,  2026,  4094,  4094,  2072,  4094,    39,  4093
reply ,  830.4222320002737   ,  4087,   245,  3963,  1917,  4094,  4091,  2035,  4091,   111,  4088
set   ,                      ,  4087,    18,  3963,  2026,  4094,  4094,  2072,  4094,    39,  4093
reply ,  831.1978090023331   ,  4087,   245,  3963,  1917,  4094,  4091,  2035,  4091,   111,  4088
set   ,                      ,  4087,    18,  3963,  2026,  4094,  4094,  2072,  4094,    39,  4093
reply ,  832.2721650001768   ,  4087,   245,  3963,  1917,  4094,  4091,  2035,  4091,   111,  4088
set   ,                      ,  4087,    18,  3963,  2026,  4094,  4094,  2072,  4094,    39,  4093
reply ,  833.2202270030393   ,  4087,   245,  3963,  1917,  4094,  4091,  2035,  4091,   111,  4088
set   ,                      ,  4087,    18,  3963,  2026,  4094,  4094,  2072,  4094,    39,  4093
reply ,  834.9386450026941   ,  4087,   245,  3963,  1917,  4094,  4091,  2035,  4091,   111,  4088
set   ,                      ,  4087,    18,  3963,  2026,  4094,  4094,  2072,  4094,    39,  4093
reply ,  835.4966250008147   ,  4087,   245,  3963,  1917,  4094,  4091,  2035,  4091,   111,  4088
set   ,                      ,  4087,    18,  3963,  2026,  4094,  4094,  2072,  4094,    39,  4093
reply ,  836.4301010005875   ,  4087,   245,  3963,  1917,  4094,  4091,  2035,  4091,   111,  4088
set   ,                      ,  4087,    18,  3963,  2026,  4094,  4094,  2072,  4094,    39,  4093
reply ,  837.1919950004667   ,  4087,   245,  3963,  1917,  4094,  4091,  2035,  4091,   111,  4088
set   ,                      ,  4087,    18,  3963,  2026,  4094,  4094,  2072,  4094,    39,  4093
reply ,  839.066342003207    ,  4087,   245,  3963,  1917,  4094,  4091,  2035,  4091,   111,  4088
set   ,                      ,  4087,    18,  3963,  2026,  4094,  4094,  2072,  4094,    39,  4093
reply ,  839.5883720004349   ,  4087,   245,  3963,  1917,  4094,  4091,  2035,  4091,   111,  4088
set   ,                      ,  4087,    18,  3963,  2026,  4094,  4094,  2072,  4094,    39,  4093
reply ,  842.0049770029436   ,  4087,   245,  3963,  1917,  4094,  4091,  2035,  4091,   111,  4088
set   ,                      ,  4087,    18,  3963,  2026,  4094,  4094,  2072,  4094,    39,  4093
reply ,  843.0128790023446   ,  4087,   245,  3963,  1917,  4094,  4091,  2035,  4091,   111,  4088
set   ,                      ,  4087,    18,  3963,  2026,  4094,  4094,  2072,  4094,    39,  4093
reply ,  843.5897039998963   ,  4087,   245,  3963,  1917,  4094,  4091,  2035,  4091,   111,  4088
set   ,                      ,  4087,    18,  3963,  2026,  4094,  4094,  2072,  4094,    39,  4093
reply ,  844.9198220005201   ,  4087,   245,  3963,  1917,  4094,  4091,  2035,  4091,   111,  4088
set   ,                      ,  4087,    18,  3963,  2026,  4094,  4094,  2072,  4094,    39,  4093
reply ,  845.5104750028113   ,  4087,   245,  3963,  1917,  4094,  4091,  2035,  4091,   111,  4088
set   ,                      ,  4087,    18,  3963,  2026,  4094,  4094,  2072,  4094,    39,  4093
reply ,  846.4255030012282   ,  4087,   245,  3963,  1917,  4094,  4091,  2035,  4091,   111,  4088
set   ,                      ,  4087,    18,  3963,  2026,  4094,  4094,  2072,  4094,    39,  4093
reply ,  847.1908570027153   ,  4087,   245,  3963,  1917,  4094,  4091,  2035,  4091,   111,  4088
set   ,                      ,  4087,    18,  3963,  2026,  4094,  4094,  2072,  4094,    39,  4093
reply ,  848.3797549997689   ,  4087,   245,  3963,  1917,  4094,  4091,  2035,  4091,   111,  4088
set   ,                      ,  4087,    18,  3963,  2026,  4094,  4094,  2072,  4094,    39,  4093
reply ,  850.8748230015044   ,  4087,   245,  3963,  1917,  4094,  4091,  2035,  4091,   111,  4088
set   ,                      ,  4087,    18,  3963,  2026,  4094,  4094,  2072,  4094,    39,  4093
reply ,  851.9124379999994   ,  4087,   245,  3963,  1917,  4094,  4091,  2035,  4091,   111,  4088
set   ,                      ,  4087,    18,  3963,  2026,  4094,  4094,  2072,  4094,    39,  4093
reply ,  852.4182170003769   ,  4087,   245,  3963,  1917,  4094,  4091,  2035,  4091,   111,  4088
set   ,                      ,  4087,    18,  3963,  2026,  4094,  4094,  2072,  4094,    39,  4093
reply ,  853.8077720004367   ,  4087,   245,  3963,  1917,  4094,  4091,  2035,  4091,   111,  4088
set   ,                      ,  4087,    18,  3963,  2026,  4094,  4094,  2072,  4094,    39,  4093
reply ,  856.4338230025896   ,  4087,   245,  3963,  1917,  4094,  4091,  2035,  4091,   111,  4088
set   ,                      ,  4087,    18,  3963,  2026,  4094,  4094,  2072,  4094,    39,  4093
reply ,  856.9883820018731   ,  4087,   245,  3963,  1917,  4094,  4091,  2035,  4091,   111,  4088
set   ,                      ,  4087,    18,  3963,  2026,  4094,  4094,  2072,  4094,    39,  4093
reply ,  857.5000350028859   ,  4087,   245,  3963,  1917,  4094,  4091,  2035,  4091,   111,  4088
set   ,                      ,  4087,    18,  3963,  2026,  4094,  4094,  2072,  4094,    39,  4093
reply ,  859.7259910020512   ,  4087,   245,  3963,  1917,  4094,  4091,  2035,  4091,   111,  4088
set   ,                      ,  4087,    18,  3963,  2026,  4094,  4094,  2072,  4094,    39,  4093
reply ,  860.4432499996619   ,  4087,   245,  3963,  1917,  4094,  4091,  2035,  4091,   111,  4088
set   ,                      ,  4087,    18,  3963,  2026,  4094,  4094,  2072,  4094,    39,  4093
reply ,  861.2959700003557   ,  4087,   245,  3963,  1917,  4094,  4091,  2035,  4091,   111,  4088
set   ,                      ,  4087,    18,  3963,  2026,  4094,  4094,  2072,  4094,    39,  4093
reply ,  862.2889130019757   ,  4087,   245,  3963,  1917,  4094,  4091,  2035,  4091,   111,  4088
set   ,                      ,  4087,    18,  3963,  2026,  4094,  4094,  2072,  4094,    39,  4093
reply ,  863.2060910022119   ,  4087,   245,  3963,  1917,  4094,  4091,  2035,  4091,   111,  4088
set   ,                      ,  4087,    18,  3963,  2026,  4094,  4094,  2072,  4094,    39,  4093
reply ,  864.9255760028609   ,  4087,   245,  3963,  1917,  4094,  4091,  2035,  4091,   111,  4088
set   ,                      ,  4087,    18,  3963,  2026,  4094,  4094,  2072,  4094,    39,  4093
reply ,  865.504844001407    ,  4087,   245,  3963,  1917,  4094,  4091,  2035,  4091,   111,  4088
set   ,                      ,  4087,    18,  3963,  2026,  4094,  4094,  2072,  4094,    39,  4093
reply ,  866.3991670000541   ,  4087,   245,  3963,  1917,  4094,  4091,  2035,  4091,   111,  4088
set   ,                      ,  4087,    18,  3963,  2026,  4094,  4094,  2072,  4094,    39,  4093
reply ,  867.2461330024817   ,  4087,   245,  3963,  1917,  4094,  4091,  2035,  4091,   111,  4088
set   ,                      ,  4087,    18,  3963,  2026,  4094,  4094,  2072,  4094,    39,  4093
reply ,  868.4181690005062   ,  4087,   245,  3963,  1917,  4094,  4091,  2035,  4091,   111,  4088
set   ,                      ,  4087,    18,  3963,  2026,  4094,  4094,  2072,  4094,    39,  4093
reply ,  869.221128999925    ,  4087,   245,  3963,  1917,  4094,  4091,  2035,  4091,   111,  4088
set   ,                      ,  4087,    18,  3963,  2026,  4094,  4094,  2072,  4094,    39,  4093
reply ,  870.4203119996237   ,  4087,   245,  3963,  1917,  4094,  4091,  2035,  4091,   111,  4088
set   ,                      ,  4087,    18,  3963,  2026,  4094,  4094,  2072,  4094,    39,  4093
reply ,  871.2207120006497   ,  4087,   245,  3963,  1917,  4094,  4091,  2035,  4091,   111,  4088
set   ,                      ,  4087,    18,  3963,  2026,  4094,  4094,  2072,  4094,    39,  4093
reply ,  872.2711430018535   ,  4087,   245,  3963,  1917,  4094,  4091,  2035,  4091,   111,  4088
set   ,                      ,  4087,    18,  3963,  2026,  4094,  4094,  2072,  4094,    39,  4093
reply ,  873.1946469997638   ,  4087,   245,  3963,  1917,  4094,  4091,  2035,  4091,   111,  4088
set   ,                      ,  4087,    18,  3963,  2026,  4094,  4094,  2072,  4094,    39,  4093
reply ,  875.0023740030883   ,  4087,   245,  3963,  1917,  4094,  4091,  2035,  4091,   111,  4088
set   ,                      ,  4087,    18,  3963,  2026,  4094,  4094,  2072,  4094,    39,  4093
reply ,  877.1313030010788   ,  4087,   245,  3963,  1917,  4094,  4091,  2035,  4091,   111,  4088
set   ,                      ,  4087,    18,  3963,  2026,  4094,  4094,  2072,  4094,    39,  4093
reply ,  878.1170540023595   ,  4087,   245,  3963,  1917,  4094,  4091,  2035,  4091,   111,  4088
set   ,                      ,  4087,    18,  3963,  2026,  4094,  4094,  2072,  4094,    39,  4093
reply ,  878.6413800007722   ,  4087,   245,  3963,  1917,  4094,  4091,  2035,  4091,   111,  4088
set   ,                      ,  4087,    18,  3963,  2026,  4094,  4094,  2072,  4094,    39,  4093
reply ,  879.2192340006295   ,  4087,   245,  3963,  1917,  4094,  4091,  2035,  4091,   111,  4088
set   ,                      ,  4087,    18,  3963,  2026,  4094,  4094,  2072,  4094,    39,  4093
reply ,  880.4020460011088   ,  4087,   245,  3963,  1917,  4094,  4091,  2035,  4091,   111,  4088
set   ,                      ,  4087,    18,  3963,  2026,  4094,  4094,  2072,  4094,    39,  4093
reply ,  881.2124840005708   ,  4087,   245,  3963,  1917,  4094,  4091,  2035,  4091,   111,  4088
set   ,                      ,  4087,    18,  3963,  2026,  4094,  4094,  2072,  4094,    39,  4093
reply ,  882.2644460014999   ,  4087,   245,  3963,  1917,  4094,  4091,  2035,  4091,   111,  4088
set   ,                      ,  4087,    18,  3963,  2026,  4094,  4094,  2072,  4094,    39,  4093
reply ,  883.1872430018848   ,  4087,   245,  3963,  1917,  4094,  4091,  2035,  4091,   111,  4088
set   ,                      ,  4087,    18,  3963,  2026,  4094,  4094,  2072,  4094,    39,  4093
reply ,  884.9473549998947   ,  4087,   245,  3963,  1917,  4094,  4091,  2035,  4091,   111,  4088
set   ,                      ,  4087,    18,  3963,  2026,  4094,  4094,  2072,  4094,    39,  4093
reply ,  887.8576120005164   ,  4087,   245,  3963,  1917,  4094,  4091,  2035,  4091,   111,  4088
set   ,                      ,  4087,    18,  3963,  2026,  4094,  4094,  2072,  4094,    39,  4093
reply ,  888.4001490005176   ,  4087,   245,  3963,  1917,  4094,  4091,  2035,  4091,   111,  4088
set   ,                      ,  4087,    18,  3963,  2026,  4094,  4094,  2072,  4094,    39,  4093
reply ,  889.5995910024794   ,  4087,   245,  3963,  1917,  4094,  4091,  2035,  4091,   111,  4088
set   ,                      ,  4087,    18,  3963,  2026,  4094,  4094,  2072,  4094,    39,  4093
reply ,  890.6582660019922   ,  4087,   245,  3963,  1917,  4094,  4091,  2035,  4091,   111,  4088
set   ,                      ,  4087,    18,  3963,  2026,  4094,  4094,  2072,  4094,    39,  4093
reply ,  891.248579002422    ,  4087,   245,  3963,  1917,  4094,  4091,  2035,  4091,   111,  4088
set   ,                      ,  4087,    18,  3963,  2026,  4094,  4094,  2072,  4094,    39,  4093
reply ,  893.5890520006069   ,  4087,   245,  3963,  1917,  4094,  4091,  2035,  4091,   111,  4088
set   ,                      ,  4087,    18,  3963,  2026,  4094,  4094,  2072,  4094,    39,  4093
reply ,  894.6493060029752   ,  4087,   245,  3963,  1917,  4094,  4091,  2035,  4091,   111,  4088
set   ,                      ,  4087,    18,  3963,  2026,  4094,  4094,  2072,  4094,    39,  4093
reply ,  895.4191110024112   ,  4087,   245,  3963,  1917,  4094,  4091,  2035,  4091,   111,  4088
set   ,                      ,  4087,    18,  3963,  2026,  4094,  4094,  2072,  4094,    39,  4093
reply ,  896.5070550002565   ,  4087,   245,  3963,  1917,  4094,  4091,  2035,  4091,   111,  4088
set   ,                      ,  4087,    18,  3963,  2026,  4094,  4094,  2072,  4094,    39,  4093
reply ,  897.5572520030255   ,  4087,   245,  3963,  1917,  4094,  4091,  2035,  4091,   111,  4088
set   ,                      ,  4087,    18,  3963,  2026,  4094,  4094,  2072,  4094,    39,  4093
reply ,  898.3781330025522   ,  4087,   245,  3963,  1917,  4094,  4091,  2035,  4091,   111,  4088
set   ,                      ,  4087,    18,  3963,  2026,  4094,  4094,  2072,  4094,    39,  4093
reply ,  900.5684639996616   ,  4087,   245,  3963,  1917,  4094,  4091,  2035,  4091,   111,  4088
set   ,                      ,  4087,    18,  3963,  2026,  4094,  4094,  2072,  4094,    39,  4093
reply ,  901.6432280004665   ,  4087,   245,  3963,  1917,  4094,  4091,  2035,  4091,   111,  4088
set   ,                      ,  4087,    18,  3963,  2026,  4094,  4094,  2072,  4094,    39,  4093
reply ,  902.1396890020696   ,  4087,   245,  3963,  1917,  4094,  4091,  2035,  4091,   111,  4088
set   ,                      ,  4087,    18,  3963,  2026,  4094,  4094,  2072,  4094,    39,  4093
reply ,  902.7238560011028   ,  4087,   245,  3963,  1917,  4094,  4091,  2035,  4091,   111,  4088
set   ,                      ,  4087,    18,  3963,  2026,  4094,  4094,  2072,  4094,    39,  4093
reply ,  903.4944420018292   ,  4087,   245,  3963,  1917,  4094,  4091,  2035,  4091,   111,  4088
set   ,                      ,  4087,    18,  3963,  2026,  4094,  4094,  2072,  4094,    39,  4093
reply ,  906.1028409996652   ,  4087,   245,  3963,  1917,  4094,  4091,  2035,  4091,   111,  4088
set   ,                      ,  4087,    18,  3963,  2026,  4094,  4094,  2072,  4094,    39,  4093
reply ,  906.6292919997068   ,  4087,   245,  3963,  1917,  4094,  4091,  2035,  4091,   111,  4088
set   ,                      ,  4087,    18,  3963,  2026,  4094,  4094,  2072,  4094,    39,  4093
reply ,  907.2141370015743   ,  4087,   245,  3963,  1917,  4094,  4091,  2035,  4091,   111,  4088
set   ,                      ,  4087,    18,  3963,  2026,  4094,  4094,  2072,  4094,    39,  4093
reply ,  909.3896160011354   ,  4087,   245,  3963,  1917,  4094,  4091,  2035,  4091,   111,  4088
set   ,                      ,  4087,    18,  3963,  2026,  4094,  4094,  2072,  4094,    39,  4093
reply ,  909.9776390030456   ,  4087,   245,  3963,  1917,  4094,  4091,  2035,  4091,   111,  4088
set   ,                      ,  4087,    18,  3963,  2026,  4094,  4094,  2072,  4094,    39,  4093
reply ,  910.5482410013792   ,  4087,   245,  3963,  1917,  4094,  4091,  2035,  4091,   111,  4088
set   ,                      ,  4087,    18,  3963,  2026,  4094,  4094,  2072,  4094,    39,  4093
reply ,  911.2239170026442   ,  4087,   245,  3963,  1917,  4094,  4091,  2035,  4091,   111,  4088
set   ,                      ,  4087,    18,  3963,  2026,  4094,  4094,  2072,  4094,    39,  4093
reply ,  912.3250860029657   ,  4087,   245,  3963,  1917,  4094,  4091,  2035,  4091,   111,  4088
set   ,                      ,  4087,    18,  3963,  2026,  4094,  4094,  2072,  4094,    39,  4093
reply ,  913.2885050021287   ,  4087,   245,  3963,  1917,  4094,  4091,  2035,  4091,   111,  4088
set   ,                      ,  4087,    18,  3963,  2026,  4094,  4094,  2072,  4094,    39,  4093
reply ,  914.9204130008002   ,  4087,   245,  3963,  1917,  4094,  4091,  2035,  4091,   111,  4088
set   ,                      ,  4087,    18,  3963,  2026,  4094,  4094,  2072,  4094,    39,  4093
reply ,  915.4989320013556   ,  4087,   245,  3963,  1917,  4094,  4091,  2035,  4091,   111,  4088
set   ,                      ,  4087,    18,  3963,  2026,  4094,  4094,  2072,  4094,    39,  4093
reply ,  916.3995260023512   ,  4087,   245,  3963,  1917,  4094,  4091,  2035,  4091,   111,  4088
set   ,                      ,  4087,    18,  3963,  2026,  4094,  4094,  2072,  4094,    39,  4093
reply ,  917.8929000008793   ,  4087,   245,  3963,  1917,  4094,  4091,  2035,  4091,   111,  4088
set   ,                      ,  4087,    18,  3963,  2026,  4094,  4094,  2072,  4094,    39,  4093
reply ,  918.4203980003076   ,  4087,   245,  3963,  1917,  4094,  4091,  2035,  4091,   111,  4088
set   ,                      ,  4087,    18,  3963,  2026,  4094,  4094,  2072,  4094,    39,  4093
reply ,  920.8385730016744   ,  4087,   245,  3963,  1917,  4094,  4091,  2035,  4091,   111,  4088
set   ,                      ,  4087,    18,  3963,  2026,  4094,  4094,  2072,  4094,    39,  4093
reply ,  921.9055400026264   ,  4087,   245,  3963,  1917,  4094,  4091,  2035,  4091,   111,  4088
set   ,                      ,  4087,    18,  3963,  2026,  4094,  4094,  2072,  4094,    39,  4093
reply ,  922.4502610013587   ,  4087,   245,  3963,  1917,  4094,  4091,  2035,  4091,   111,  4088
set   ,                      ,  4087,    18,  3963,  2026,  4094,  4094,  2072,  4094,    39,  4093
reply ,  923.2588280028722   ,  4087,   245,  3963,  1917,  4094,  4091,  2035,  4091,   111,  4088
set   ,                      ,  4087,    18,  3963,  2026,  4094,  4094,  2072,  4094,    39,  4093
reply ,  924.9446110006829   ,  4087,   245,  3963,  1917,  4094,  4091,  2035,  4091,   111,  4088
set   ,                      ,  4087,    18,  3963,  2026,  4094,  4094,  2072,  4094,    39,  4093
reply ,  925.5008720028854   ,  4087,   245,  3963,  1917,  4094,  4091,  2035,  4091,   111,  4088
set   ,                      ,  4087,    18,  3963,  2026,  4094,  4094,  2072,  4094,    39,  4093
reply ,  926.3695800000278   ,  4087,   245,  3963,  1917,  4094,  4091,  2035,  4091,   111,  4088
set   ,                      ,  4087,    18,  3963,  2026,  4094,  4094,  2072,  4094,    39,  4093
reply ,  927.1901800020714   ,  4087,   245,  3963,  1917,  4094,  4091,  2035,  4091,   111,  4088
set   ,                      ,  4087,    18,  3963,  2026,  4094,  4094,  2072,  4094,    39,  4093
reply ,  928.3932190010091   ,  4087,   245,  3963,  1917,  4094,  4091,  2035,  4091,   111,  4088
set   ,                      ,  4087,    18,  3963,  2026,  4094,  4094,  2072,  4094,    39,  4093
reply ,  929.1958610010624   ,  4087,   245,  3963,  1917,  4094,  4091,  2035,  4091,   111,  4088
set   ,                      ,  4087,    18,  3963,  2026,  4094,  4094,  2072,  4094,    39,  4093
reply ,  930.4144760026247   ,  4087,   245,  3963,  1917,  4094,  4091,  2035,  4091,   111,  4088
set   ,                      ,  4087,    18,  3963,  2026,  4094,  4094,  2072,  4094,    39,  4093
reply ,  931.8735410015506   ,  4087,   245,  3963,  1917,  4094,  4091,  2035,  4091,   111,  4088
set   ,                      ,  4087,    18,  3963,  2026,  4094,  4094,  2072,  4094,    39,  4093
reply ,  932.4194500004523   ,  4087,   245,  3963,  1917,  4094,  4091,  2035,  4091,   111,  4088
set   ,                      ,  4087,    18,  3963,  2026,  4094,  4094,  2072,  4094,    39,  4093
reply ,  933.1890150024265   ,  4087,   245,  3963,  1917,  4094,  4091,  2035,  4091,   111,  4088
set   ,                      ,  4087,    18,  3963,  2026,  4094,  4094,  2072,  4094,    39,  4093
reply ,  935.0475950013788   ,  4087,   245,  3963,  1917,  4094,  4091,  2035,  4091,   111,  4088
set   ,                      ,  4087,    18,  3963,  2026,  4094,  4094,  2072,  4094,    39,  4093
reply ,  935.5928889999632   ,  4087,   245,  3963,  1917,  4094,  4091,  2035,  4091,   111,  4088
set   ,                      ,  4087,    18,  3963,  2026,  4094,  4094,  2072,  4094,    39,  4093
reply ,  937.9596530015988   ,  4087,   245,  3963,  1917,  4094,  4091,  2035,  4091,   111,  4088
set   ,                      ,  4087,    18,  3963,  2026,  4094,  4094,  2072,  4094,    39,  4093
reply ,  939.0131079999264   ,  4087,   245,  3963,  1917,  4094,  4091,  2035,  4091,   111,  4088
set   ,                      ,  4087,    18,  3963,  2026,  4094,  4094,  2072,  4094,    39,  4093
reply ,  939.5683760012616   ,  4087,   245,  3963,  1917,  4094,  4091,  2035,  4091,   111,  4088
set   ,                      ,  4087,    18,  3963,  2026,  4094,  4094,  2072,  4094,    39,  4093
reply ,  940.7705580015318   ,  4087,   245,  3963,  1917,  4094,  4091,  2035,  4091,   111,  4088
set   ,                      ,  4087,    18,  3963,  2026,  4094,  4094,  2072,  4094,    39,  4093
reply ,  941.8066140024166   ,  4087,   245,  3963,  1917,  4094,  4091,  2035,  4091,   111,  4088
set   ,                      ,  4087,    18,  3963,  2026,  4094,  4094,  2072,  4094,    39,  4093
reply ,  942.3283579999406   ,  4087,   245,  3963,  1917,  4094,  4091,  2035,  4091,   111,  4088
set   ,                      ,  4087,    18,  3963,  2026,  4094,  4094,  2072,  4094,    39,  4093
reply ,  944.799922999664    ,  4087,   245,  3963,  1917,  4094,  4091,  2035,  4091,   111,  4088
set   ,                      ,  4087,    18,  3963,  2026,  4094,  4094,  2072,  4094,    39,  4093
reply ,  945.8420709997881   ,  4087,   245,  3963,  1917,  4094,  4091,  2035,  4091,   111,  4088
set   ,                      ,  4087,    18,  3963,  2026,  4094,  4094,  2072,  4094,    39,  4093
reply ,  946.4093040005537   ,  4087,   245,  3963,  1917,  4094,  4091,  2035,  4091,   111,  4088
set   ,                      ,  4087,    18,  3963,  2026,  4094,  4094,  2072,  4094,    39,  4093
reply ,  947.6745660031156   ,  4087,   245,  3963,  1917,  4094,  4091,  2035,  4091,   111,  4088
set   ,                      ,  4087,    18,  3963,  2026,  4094,  4094,  2072,  4094,    39,  4093
reply ,  948.727676000999    ,  4087,   245,  3963,  1917,  4094,  4091,  2035,  4091,   111,  4088
set   ,                      ,  4087,    18,  3963,  2026,  4094,  4094,  2072,  4094,    39,  4093
reply ,  949.2694630025653   ,  4087,   245,  3963,  1917,  4094,  4091,  2035,  4091,   111,  4088
set   ,                      ,  4087,    18,  3963,  2026,  4094,  4094,  2072,  4094,    39,  4093
reply ,  951.7831280027167   ,  4087,   245,  3963,  1917,  4094,  4091,  2035,  4091,   111,  4088
set   ,                      ,  4087,    18,  3963,  2026,  4094,  4094,  2072,  4094,    39,  4093
reply ,  952.8608820000954   ,  4087,   245,  3963,  1917,  4094,  4091,  2035,  4091,   111,  4088
set   ,                      ,  4087,    18,  3963,  2026,  4094,  4094,  2072,  4094,    39,  4093
reply ,  953.4165620025306   ,  4087,   245,  3963,  1917,  4094,  4091,  2035,  4091,   111,  4088
set   ,                      ,  4087,    18,  3963,  2026,  4094,  4094,  2072,  4094,    39,  4093
reply ,  954.8989860013535   ,  4087,   245,  3963,  1917,  4094,  4091,  2035,  4091,   111,  4088
set   ,                      ,  4087,    18,  3963,  2026,  4094,  4094,  2072,  4094,    39,  4093
reply ,  957.3979390006571   ,  4087,   245,  3963,  1917,  4094,  4091,  2035,  4091,   111,  4088
set   ,                      ,  4087,    18,  3963,  2026,  4094,  4094,  2072,  4094,    39,  4093
reply ,  957.9702080009156   ,  4087,   245,  3963,  1917,  4094,  4091,  2035,  4091,   111,  4088
set   ,                      ,  4087,    18,  3963,  2026,  4094,  4094,  2072,  4094,    39,  4093
reply ,  958.4762920021603   ,  4087,   245,  3963,  1917,  4094,  4091,  2035,  4091,   111,  4088
set   ,                      ,  4087,    18,  3963,  2026,  4094,  4094,  2072,  4094,    39,  4093
reply ,  960.7123690002481   ,  4087,   245,  3963,  1917,  4094,  4091,  2035,  4091,   111,  4088
set   ,                      ,  4087,    18,  3963,  2026,  4094,  4094,  2072,  4094,    39,  4093
reply ,  961.245061000227    ,  4087,   245,  3963,  1917,  4094,  4091,  2035,  4091,   111,  4088
set   ,                      ,  4087,    18,  3963,  2026,  4094,  4094,  2072,  4094,    39,  4093
reply ,  962.2632660029922   ,  4087,   245,  3963,  1917,  4094,  4091,  2035,  4091,   111,  4088
set   ,                      ,  4087,    18,  3963,  2026,  4094,  4094,  2072,  4094,    39,  4093
reply ,  963.2137219996366   ,  4087,   245,  3963,  1917,  4094,  4091,  2035,  4091,   111,  4088
set   ,                      ,  4087,    18,  3963,  2026,  4094,  4094,  2072,  4094,    39,  4093
reply ,  964.9174860023777   ,  4087,   245,  3963,  1917,  4094,  4091,  2035,  4091,   111,  4088
set   ,                      ,  4087,    18,  3963,  2026,  4094,  4094,  2072,  4094,    39,  4093
reply ,  965.518899000017    ,  4087,   245,  3963,  1917,  4094,  4091,  2035,  4091,   111,  4088
set   ,                      ,  4087,    18,  3963,  2026,  4094,  4094,  2072,  4094,    39,  4093
reply ,  966.4735090009344   ,  4087,   245,  3963,  1917,  4094,  4091,  2035,  4091,   111,  4088
set   ,                      ,  4087,    18,  3963,  2026,  4094,  4094,  2072,  4094,    39,  4093
reply ,  967.2164090006845   ,  4087,   245,  3963,  1917,  4094,  4091,  2035,  4091,   111,  4088
set   ,                      ,  4087,    18,  3963,  2026,  4094,  4094,  2072,  4094,    39,  4093
reply ,  968.3685340023658   ,  4087,   245,  3963,  1917,  4094,  4091,  2035,  4091,   111,  4088
set   ,                      ,  4087,    18,  3963,  2026,  4094,  4094,  2072,  4094,    39,  4093
reply ,  971.0951500019291   ,  4087,   245,  3963,  1917,  4094,  4091,  2035,  4091,   111,  4088
set   ,                      ,  4087,    18,  3963,  2026,  4094,  4094,  2072,  4094,    39,  4093
reply ,  972.1061080017535   ,  4087,   245,  3963,  1917,  4094,  4091,  2035,  4091,   111,  4088
set   ,                      ,  4087,    18,  3963,  2026,  4094,  4094,  2072,  4094,    39,  4093
reply ,  972.6620220026234   ,  4087,   245,  3963,  1917,  4094,  4091,  2035,  4091,   111,  4088
set   ,                      ,  4087,    18,  3963,  2026,  4094,  4094,  2072,  4094,    39,  4093
reply ,  973.221188000025    ,  4087,   245,  3963,  1917,  4094,  4091,  2035,  4091,   111,  4088
set   ,                      ,  4087,    18,  3963,  2026,  4094,  4094,  2072,  4094,    39,  4093
reply ,  974.9917629997071   ,  4087,   245,  3963,  1917,  4094,  4091,  2035,  4091,   111,  4088
set   ,                      ,  4087,    18,  3963,  2026,  4094,  4094,  2072,  4094,    39,  4093
reply ,  975.5380400019931   ,  4087,   245,  3963,  1917,  4094,  4091,  2035,  4091,   111,  4088
set   ,                      ,  4087,    18,  3963,  2026,  4094,  4094,  2072,  4094,    39,  4093
reply ,  976.4508750013192   ,  4087,   245,  3963,  1917,  4094,  4091,  2035,  4091,   111,  4088
set   ,                      ,  4087,    18,  3963,  2026,  4094,  4094,  2072,  4094,    39,  4093
reply ,  977.1958830024232   ,  4087,   245,  3963,  1917,  4094,  4091,  2035,  4091,   111,  4088
set   ,                      ,  4087,    18,  3963,  2026,  4094,  4094,  2072,  4094,    39,  4093
reply ,  979.0455180009303   ,  4087,   245,  3963,  1917,  4094,  4091,  2035,  4091,   111,  4088
set   ,                      ,  4087,    18,  3963,  2026,  4094,  4094,  2072,  4094,    39,  4093
reply ,  979.5829310023692   ,  4087,   245,  3963,  1917,  4094,  4091,  2035,  4091,   111,  4088
set   ,                      ,  4087,    18,  3963,  2026,  4094,  4094,  2072,  4094,    39,  4093
reply ,  981.9726060013636   ,  4087,   245,  3963,  1917,  4094,  4091,  2035,  4091,   111,  4088
set   ,                      ,  4087,    18,  3963,  2026,  4094,  4094,  2072,  4094,    39,  4093
reply ,  982.992725999793    ,  4087,   245,  3963,  1917,  4094,  4091,  2035,  4091,   111,  4088
set   ,                      ,  4087,    18,  3963,  2026,  4094,  4094,  2072,  4094,    39,  4093
reply ,  983.5651909997978   ,  4087,   245,  3963,  1917,  4094,  4091,  2035,  4091,   111,  4088
set   ,                      ,  4087,    18,  3963,  2026,  4094,  4094,  2072,  4094,    39,  4093
reply ,  984.8951050007599   ,  4087,   245,  3963,  1917,  4094,  4091,  2035,  4091,   111,  4088
set   ,                      ,  4087,    18,  3963,  2026,  4094,  4094,  2072,  4094,    39,  4093
reply ,  985.8613910000713   ,  4087,   245,  3963,  1917,  4094,  4091,  2035,  4091,   111,  4088
set   ,                      ,  4087,    18,  3963,  2026,  4094,  4094,  2072,  4094,    39,  4093
reply ,  986.4604210015386   ,  4087,   245,  3963,  1917,  4094,  4091,  2035,  4091,   111,  4088
set   ,                      ,  4087,    18,  3963,  2026,  4094,  4094,  2072,  4094,    39,  4093
reply ,  988.8143400021363   ,  4087,   245,  3963,  1917,  4094,  4091,  2035,  4091,   111,  4088
set   ,                      ,  4087,    18,  3963,  2026,  4094,  4094,  2072,  4094,    39,  4093
reply ,  989.8480210031266   ,  4087,   245,  3963,  1917,  4094,  4091,  2035,  4091,   111,  4088
set   ,                      ,  4087,    18,  3963,  2026,  4094,  4094,  2072,  4094,    39,  4093
reply ,  990.3886220017739   ,  4087,   245,  3963,  1917,  4094,  4091,  2035,  4091,   111,  4088
set   ,                      ,  4087,    18,  3963,  2026,  4094,  4094,  2072,  4094,    39,  4093
reply ,  991.6325850026624   ,  4087,   245,  3963,  1917,  4094,  4091,  2035,  4091,   111,  4088
set   ,                      ,  4087,    18,  3963,  2026,  4094,  4094,  2072,  4094,    39,  4093
reply ,  992.6062650010863   ,  4087,   245,  3963,  1917,  4094,  4091,  2035,  4091,   111,  4088
set   ,                      ,  4087,    18,  3963,  2026,  4094,  4094,  2072,  4094,    39,  4093
reply ,  993.2223550022172   ,  4087,   245,  3963,  1917,  4094,  4091,  2035,  4091,   111,  4088
set   ,                      ,  4087,    18,  3963,  2026,  4094,  4094,  2072,  4094,    39,  4093
reply ,  995.5155690004176   ,  4087,   245,  3963,  1917,  4094,  4091,  2035,  4091,   111,  4088
set   ,                      ,  4087,    18,  3963,  2026,  4094,  4094,  2072,  4094,    39,  4093
reply ,  996.5231000023778   ,  4087,   245,  3963,  1917,  4094,  4091,  2035,  4091,   111,  4088
set   ,                      ,  4087,    18,  3963,  2026,  4094,  4094,  2072,  4094,    39,  4093
reply ,  997.0404770028836   ,  4087,   245,  3963,  1917,  4094,  4091,  2035,  4091,   111,  4088
set   ,                      ,  4087,    18,  3963,  2026,  4094,  4094,  2072,  4094,    39,  4093
reply ,  997.6395570010936   ,  4087,   245,  3963,  1917,  4094,  4091,  2035,  4091,   111,  4088
set   ,                      ,  4087,    18,  3963,  2026,  4094,  4094,  2072,  4094,    39,  4093
reply , 1000.9887250016618   ,  4087,   245,  3963,  1917,  4094,  4091,  2035,  4091,   111,  4088
set   ,                      ,  4087,    18,  3963,  2026,  4094,  4094,  2072,  4094,    39,  4093
reply , 1001.5752819999761   ,  4087,   245,  3963,  1917,  4094,  4091,  2035,  4091,   111,  4088
set   ,                      ,  4087,    18,  3963,  2026,  4094,  4094,  2072,  4094,    39,  4093
reply , 1002.52728200212     ,  4087,   245,  3963,  1917,  4094,  4091,  2035,  4091,   111,  4088
set   ,                      ,  4087,    18,  3963,  2026,  4094,  4094,  2072,  4094,    39,  4093
reply , 1004.2852480000874   ,  4087,   245,  3963,  1917,  4094,  4091,  2035,  4091,   111,  4088
set   ,                      ,  4087,    18,  3963,  2026,  4094,  4094,  2072,  4094,    39,  4093
reply , 1004.9175690000993   ,  4087,   245,  3963,  1917,  4094,  4091,  2035,  4091,   111,  4088
set   ,                      ,  4087,    18,  3963,  2026,  4094,  4094,  2072,  4094,    39,  4093
reply , 1005.4470470022352   ,  4087,   245,  3963,  1917,  4094,  4091,  2035,  4091,   111,  4088
set   ,                      ,  4087,    18,  3963,  2026,  4094,  4094,  2072,  4094,    39,  4093
reply , 1006.4442420007254   ,  4087,   245,  3963,  1917,  4094,  4091,  2035,  4091,   111,  4088
set   ,                      ,  4087,    18,  3963,  2026,  4094,  4094,  2072,  4094,    39,  4093
reply , 1007.2376930002065   ,  4087,   245,  3963,  1917,  4094,  4091,  2035,  4091,   111,  4088
set   ,                      ,  4087,    18,  3963,  2026,  4094,  4094,  2072,  4094,    39,  4093
reply , 1008.4122400003253   ,  4087,   245,  3963,  1917,  4094,  4091,  2035,  4091,   111,  4088
set   ,                      ,  4087,    18,  3963,  2026,  4094,  4094,  2072,  4094,    39,  4093
reply , 1009.2248170003586   ,  4087,   245,  3963,  1917,  4094,  4091,  2035,  4091,   111,  4088
set   ,                      ,  4087,    18,  3963,  2026,  4094,  4094,  2072,  4094,    39,  4093
reply , 1010.4020979997586   ,  4087,   245,  3963,  1917,  4094,  4091,  2035,  4091,   111,  4088
set   ,                      ,  4087,    18,  3963,  2026,  4094,  4094,  2072,  4094,    39,  4093
reply , 1011.8623460002709   ,  4087,   245,  3963,  1917,  4094,  4091,  2035,  4091,   111,  4088
set   ,                      ,  4087,    18,  3963,  2026,  4094,  4094,  2072,  4094,    39,  4093
reply , 1012.4026049998065   ,  4087,   245,  3963,  1917,  4094,  4091,  2035,  4091,   111,  4088
set   ,                      ,  4087,    18,  3963,  2026,  4094,  4094,  2072,  4094,    39,  4093
reply , 1014.8193570021249   ,  4087,   245,  3963,  1917,  4094,  4091,  2035,  4091,   111,  4088
set   ,                      ,  4087,    18,  3963,  2026,  4094,  4094,  2072,  4094,    39,  4093
reply , 1015.804537000804    ,  4087,   245,  3963,  1917,  4094,  4091,  2035,  4091,   111,  4088
set   ,                      ,  4087,    18,  3963,  2026,  4094,  4094,  2072,  4094,    39,  4093
reply , 1016.3838820008095   ,  4087,   245,  3963,  1917,  4094,  4091,  2035,  4091,   111,  4088
set   ,                      ,  4087,    18,  3963,  2026,  4094,  4094,  2072,  4094,    39,  4093
reply , 1017.5899770001706   ,  4087,   245,  3963,  1917,  4094,  4091,  2035,  4091,   111,  4088
set   ,                      ,  4087,    18,  3963,  2026,  4094,  4094,  2072,  4094,    39,  4093
reply , 1018.4150510031031   ,  4087,   245,  3963,  1917,  4094,  4091,  2035,  4091,   111,  4088
set   ,                      ,  4087,    18,  3963,  2026,  4094,  4094,  2072,  4094,    39,  4093
reply , 1019.2430860006425   ,  4087,   245,  3963,  1917,  4094,  4091,  2035,  4091,   111,  4088
set   ,                      ,  4087,    18,  3963,  2026,  4094,  4094,  2072,  4094,    39,  4093
reply , 1021.0012160023325   ,  4087,   245,  3963,  1917,  4094,  4091,  2035,  4091,   111,  4088
set   ,                      ,  4087,    18,  3963,  2026,  4094,  4094,  2072,  4094,    39,  4093
reply , 1021.5903450007318   ,  4087,   245,  3963,  1917,  4094,  4091,  2035,  4091,   111,  4088
set   ,                      ,  4087,    18,  3963,  2026,  4094,  4094,  2072,  4094,    39,  4093
reply , 1023.9044070003729   ,  4087,   245,  3963,  1917,  4094,  4091,  2035,  4091,   111,  4088
set   ,                      ,  4087,    18,  3963,  2026,  4094,  4094,  2072,  4094,    39,  4093
reply , 1024.942338000983    ,  4087,   245,  3963,  1917,  4094,  4091,  2035,  4091,   111,  4088
set   ,                      ,  4087,    18,  3963,  2026,  4094,  4094,  2072,  4094,    39,  4093
reply , 1025.568644003215    ,  4087,   245,  3963,  1917,  4094,  4091,  2035,  4091,   111,  4088
set   ,                      ,  4087,    18,  3963,  2026,  4094,  4094,  2072,  4094,    39,  4093
reply , 1026.8124750000425   ,  4087,   245,  3963,  1917,  4094,  4091,  2035,  4091,   111,  4088
set   ,                      ,  4087,    18,  3963,  2026,  4094,  4094,  2072,  4094,    39,  4093
reply , 1029.4984840002144   ,  4087,   245,  3963,  1917,  4094,  4091,  2035,  4091,   111,  4088
set   ,                      ,  4087,    18,  3963,  2026,  4094,  4094,  2072,  4094,    39,  4093
reply , 1030.0514320006187   ,  4087,   245,  3963,  1917,  4094,  4091,  2035,  4091,   111,  4088
set   ,                      ,  4087,    18,  3963,  2026,  4094,  4094,  2072,  4094,    39,  4093
reply , 1030.6346350007516   ,  4087,   245,  3963,  1917,  4094,  4091,  2035,  4091,   111,  4088
set   ,                      ,  4087,    18,  3963,  2026,  4094,  4094,  2072,  4094,    39,  4093
reply , 1031.3459540011536   ,  4087,   245,  3963,  1917,  4094,  4091,  2035,  4091,   111,  4088
set   ,                      ,  4087,    18,  3963,  2026,  4094,  4094,  2072,  4094,    39,  4093
reply , 1033.37047000241     ,  4087,   245,  3963,  1917,  4094,  4091,  2035,  4091,   111,  4088
set   ,                      ,  4087,    18,  3963,  2026,  4094,  4094,  2072,  4094,    39,  4093
reply , 1033.9204219999374   ,  4087,   245,  3963,  1917,  4094,  4091,  2035,  4091,   111,  4088
set   ,                      ,  4087,    18,  3963,  2026,  4094,  4094,  2072,  4094,    39,  4093
reply , 1034.9795170004654   ,  4087,   245,  3963,  1917,  4094,  4091,  2035,  4091,   111,  4088
set   ,                      ,  4087,    18,  3963,  2026,  4094,  4094,  2072,  4094,    39,  4093
reply , 1035.5065830008243   ,  4087,   245,  3963,  1917,  4094,  4091,  2035,  4091,   111,  4088
set   ,                      ,  4087,    18,  3963,  2026,  4094,  4094,  2072,  4094,    39,  4093
reply , 1036.417175000679    ,  4087,   245,  3963,  1917,  4094,  4091,  2035,  4091,   111,  4088
set   ,                      ,  4087,    18,  3963,  2026,  4094,  4094,  2072,  4094,    39,  4093
reply , 1037.2525610000594   ,  4087,   245,  3963,  1917,  4094,  4091,  2035,  4091,   111,  4088
set   ,                      ,  4087,    18,  3963,  2026,  4094,  4094,  2072,  4094,    39,  4093
reply , 1038.4240599996701   ,  4087,   245,  3963,  1917,  4094,  4091,  2035,  4091,   111,  4088
set   ,                      ,  4087,    18,  3963,  2026,  4094,  4094,  2072,  4094,    39,  4093
reply , 1039.1920440015383   ,  4087,   245,  3963,  1917,  4094,  4091,  2035,  4091,   111,  4088
set   ,                      ,  4087,    18,  3963,  2026,  4094,  4094,  2072,  4094,    39,  4093
reply , 1040.3926960025274   ,  4087,   245,  3963,  1917,  4094,  4091,  2035,  4091,   111,  4088
set   ,                      ,  4087,    18,  3963,  2026,  4094,  4094,  2072,  4094,    39,  4093
reply , 1041.2214380012301   ,  4087,   245,  3963,  1917,  4094,  4091,  2035,  4091,   111,  4088
set   ,                      ,  4087,    18,  3963,  2026,  4094,  4094,  2072,  4094,    39,  4093
reply , 1042.2656780028774   ,  4087,   245,  3963,  1917,  4094,  4091,  2035,  4091,   111,  4088
set   ,                      ,  4087,    18,  3963,  2026,  4094,  4094,  2072,  4094,    39,  4093
reply , 1043.2140020020597   ,  4087,   245,  3963,  1917,  4094,  4091,  2035,  4091,   111,  4088
set   ,                      ,  4087,    18,  3963,  2026,  4094,  4094,  2072,  4094,    39,  4093
reply , 1044.9432990026253   ,  4087,   245,  3963,  1917,  4094,  4091,  2035,  4091,   111,  4088
set   ,                      ,  4087,    18,  3963,  2026,  4094,  4094,  2072,  4094,    39,  4093
reply , 1045.51322000043     ,  4087,   245,  3963,  1917,  4094,  4091,  2035,  4091,   111,  4088
set   ,                      ,  4087,    18,  3963,  2026,  4094,  4094,  2072,  4094,    39,  4093
reply , 1047.0716859999811   ,  4087,   245,  3963,  1917,  4094,  4091,  2035,  4091,   111,  4088
set   ,                      ,  4087,    18,  3963,  2026,  4094,  4094,  2072,  4094,    39,  4093
reply , 1047.5836100013112   ,  4087,   245,  3963,  1917,  4094,  4091,  2035,  4091,   111,  4088
set   ,                      ,  4087,    18,  3963,  2026,  4094,  4094,  2072,  4094,    39,  4093
reply , 1050.0586289999774   ,  4087,   245,  3963,  1917,  4094,  4091,  2035,  4091,   111,  4088
set   ,                      ,  4087,    18,  3963,  2026,  4094,  4094,  2072,  4094,    39,  4093
reply , 1050.5924800017965   ,  4087,   245,  3963,  1917,  4094,  4091,  2035,  4091,   111,  4088
set   ,                      ,  4087,    18,  3963,  2026,  4094,  4094,  2072,  4094,    39,  4093
reply , 1051.4938990017981   ,  4087,   245,  3963,  1917,  4094,  4091,  2035,  4091,   111,  4088
set   ,                      ,  4087,    18,  3963,  2026,  4094,  4094,  2072,  4094,    39,  4093
reply , 1052.2604390025663   ,  4087,   245,  3963,  1917,  4094,  4091,  2035,  4091,   111,  4088
set   ,                      ,  4087,    18,  3963,  2026,  4094,  4094,  2072,  4094,    39,  4093
reply , 1053.288254999643    ,  4087,   245,  3963,  1917,  4094,  4091,  2035,  4091,   111,  4088
set   ,                      ,  4087,    18,  3963,  2026,  4094,  4094,  2072,  4094,    39,  4093
reply , 1054.976377999992    ,  4087,   245,  3963,  1917,  4094,  4091,  2035,  4091,   111,  4088
set   ,                      ,  4087,    18,  3963,  2026,  4094,  4094,  2072,  4094,    39,  4093
reply , 1055.5502170027466   ,  4087,   245,  3963,  1917,  4094,  4091,  2035,  4091,   111,  4088
set   ,                      ,  4087,    18,  3963,  2026,  4094,  4094,  2072,  4094,    39,  4093
reply , 1056.9300130009651   ,  4087,   245,  3963,  1917,  4094,  4091,  2035,  4091,   111,  4088
set   ,                      ,  4087,    18,  3963,  2026,  4094,  4094,  2072,  4094,    39,  4093
reply , 1057.4823180031672   ,  4087,   245,  3963,  1917,  4094,  4091,  2035,  4091,   111,  4088
set   ,                      ,  4087,    18,  3963,  2026,  4094,  4094,  2072,  4094,    39,  4093
reply , 1059.856308002054    ,  4087,   245,  3963,  1917,  4094,  4091,  2035,  4091,   111,  4088
set   ,                      ,  4087,    18,  3963,  2026,  4094,  4094,  2072,  4094,    39,  4093
reply , 1060.9206940025615   ,  4087,   245,  3963,  1917,  4094,  4091,  2035,  4091,   111,  4088
set   ,                      ,  4087,    18,  3963,  2026,  4094,  4094,  2072,  4094,    39,  4093
reply , 1061.4559950008697   ,  4087,   245,  3963,  1917,  4094,  4091,  2035,  4091,   111,  4088
set   ,                      ,  4087,    18,  3963,  2026,  4094,  4094,  2072,  4094,    39,  4093
reply , 1062.6790980022633   ,  4087,   245,  3963,  1917,  4094,  4091,  2035,  4091,   111,  4088
set   ,                      ,  4087,    18,  3963,  2026,  4094,  4094,  2072,  4094,    39,  4093
reply , 1063.215318001312    ,  4087,   245,  3963,  1917,  4094,  4091,  2035,  4091,   111,  4088
set   ,                      ,  4087,    18,  3963,  2026,  4094,  4094,  2072,  4094,    39,  4093
reply , 1064.9756950006122   ,  4087,   245,  3963,  1917,  4094,  4091,  2035,  4091,   111,  4088
set   ,                      ,  4087,    18,  3963,  2026,  4094,  4094,  2072,  4094,    39,  4093
reply , 1067.1732959999645   ,  4087,   245,  3963,  1917,  4094,  4091,  2035,  4091,   111,  4088
set   ,                      ,  4087,    18,  3963,  2026,  4094,  4094,  2072,  4094,    39,  4093
reply , 1068.4546910015342   ,  4087,   245,  3963,  1917,  4094,  4091,  2035,  4091,   111,  4088
set   ,                      ,  4087,    18,  3963,  2026,  4094,  4094,  2072,  4094,    39,  4093
reply , 1069.0727330002119   ,  4087,   245,  3963,  1917,  4094,  4091,  2035,  4091,   111,  4088
set   ,                      ,  4087,    18,  3963,  2026,  4094,  4094,  2072,  4094,    39,  4093
reply , 1070.3296120009327   ,  4087,   245,  3963,  1917,  4094,  4091,  2035,  4091,   111,  4088
set   ,                      ,  4087,    18,  3963,  2026,  4094,  4094,  2072,  4094,    39,  4093
reply , 1070.862391999981    ,  4087,   245,  3963,  1917,  4094,  4091,  2035,  4091,   111,  4088
set   ,                      ,  4087,    18,  3963,  2026,  4094,  4094,  2072,  4094,    39,  4093
reply , 1071.608625999943    ,  4087,   245,  3963,  1917,  4094,  4091,  2035,  4091,   111,  4088
set   ,                      ,  4087,    18,  3963,  2026,  4094,  4094,  2072,  4094,    39,  4093
reply , 1072.2652440017555   ,  4087,   245,  3963,  1917,  4094,  4091,  2035,  4091,   111,  4088
set   ,                      ,  4087,    18,  3963,  2026,  4094,  4094,  2072,  4094,    39,  4093
reply , 1074.6942870027851   ,  4087,   245,  3963,  1917,  4094,  4091,  2035,  4091,   111,  4088
set   ,                      ,  4087,    18,  3963,  2026,  4094,  4094,  2072,  4094,    39,  4093
reply , 1076.1986360012088   ,  4087,   245,  3963,  1917,  4094,  4091,  2035,  4091,   111,  4088
set   ,                      ,  4087,    18,  3963,  2026,  4094,  4094,  2072,  4094,    39,  4093
reply , 1076.7121010030678   ,  4087,   245,  3963,  1917,  4094,  4091,  2035,  4091,   111,  4088
set   ,                      ,  4087,    18,  3963,  2026,  4094,  4094,  2072,  4094,    39,  4093
reply , 1077.2500620005303   ,  4087,   245,  3963,  1917,  4094,  4091,  2035,  4091,   111,  4088
set   ,                      ,  4087,    18,  3963,  2026,  4094,  4094,  2072,  4094,    39,  4093
reply , 1078.412462000415    ,  4087,   245,  3963,  1917,  4094,  4091,  2035,  4091,   111,  4088
set   ,                      ,  4087,    18,  3963,  2026,  4094,  4094,  2072,  4094,    39,  4093
reply , 1080.9609910029394   ,  4087,   245,  3963,  1917,  4094,  4091,  2035,  4091,   111,  4088
set   ,                      ,  4087,    18,  3963,  2026,  4094,  4094,  2072,  4094,    39,  4093
reply , 1081.4710180020484   ,  4087,   245,  3963,  1917,  4094,  4091,  2035,  4091,   111,  4088
set   ,                      ,  4087,    18,  3963,  2026,  4094,  4094,  2072,  4094,    39,  4093
reply , 1082.5856320007006   ,  4087,   245,  3963,  1917,  4094,  4091,  2035,  4091,   111,  4088
set   ,                      ,  4087,    18,  3963,  2026,  4094,  4094,  2072,  4094,    39,  4093
reply , 1084.5565800009354   ,  4087,   245,  3963,  1917,  4094,  4091,  2035,  4091,   111,  4088
set   ,                      ,  4087,    18,  3963,  2026,  4094,  4094,  2072,  4094,    39,  4093
reply , 1085.0657709997904   ,  4087,   245,  3963,  1917,  4094,  4091,  2035,  4091,   111,  4088
set   ,                      ,  4087,    18,  3963,  2026,  4094,  4094,  2072,  4094,    39,  4093
reply , 1085.5822940029611   ,  4087,   245,  3963,  1917,  4094,  4091,  2035,  4091,   111,  4088
set   ,                      ,  4087,    18,  3963,  2026,  4094,  4094,  2072,  4094,    39,  4093
reply , 1086.4460570010124   ,  4087,   245,  3963,  1917,  4094,  4091,  2035,  4091,   111,  4088
set   ,                      ,  4087,    18,  3963,  2026,  4094,  4094,  2072,  4094,    39,  4093
reply , 1087.212747999729    ,  4087,   245,  3963,  1917,  4094,  4091,  2035,  4091,   111,  4088
set   ,                      ,  4087,    18,  3963,  2026,  4094,  4094,  2072,  4094,    39,  4093
reply , 1088.418620001903    ,  4087,   245,  3963,  1917,  4094,  4091,  2035,  4091,   111,  4088
set   ,                      ,  4087,    18,  3963,  2026,  4094,  4094,  2072,  4094,    39,  4093
reply , 1089.1872290012543   ,  4087,   245,  3963,  1917,  4094,  4091,  2035,  4091,   111,  4088
set   ,                      ,  4087,    18,  3963,  2026,  4094,  4094,  2072,  4094,    39,  4093
reply , 1090.4128100009984   ,  4087,   245,  3963,  1917,  4094,  4091,  2035,  4091,   111,  4088
set   ,                      ,  4087,    18,  3963,  2026,  4094,  4094,  2072,  4094,    39,  4093
reply , 1091.1858030012809   ,  4087,   245,  3963,  1917,  4094,  4091,  2035,  4091,   111,  4088
set   ,                      ,  4087,    18,  3963,  2026,  4094,  4094,  2072,  4094,    39,  4093
reply , 1092.2682279997389   ,  4087,   245,  3963,  1917,  4094,  4091,  2035,  4091,   111,  4088
set   ,                      ,  4087,    18,  3963,  2026,  4094,  4094,  2072,  4094,    39,  4093
reply , 1093.1887410006311   ,  4087,   245,  3963,  1917,  4094,  4091,  2035,  4091,   111,  4088
set   ,                      ,  4087,    18,  3963,  2026,  4094,  4094,  2072,  4094,    39,  4093
reply , 1096.0213040016242   ,  4087,   245,  3963,  1917,  4094,  4091,  2035,  4091,   111,  4088
set   ,                      ,  4087,    18,  3963,  2026,  4094,  4094,  2072,  4094,    39,  4093
reply , 1097.0581910005421   ,  4087,   245,  3963,  1917,  4094,  4091,  2035,  4091,   111,  4088
set   ,                      ,  4087,    18,  3963,  2026,  4094,  4094,  2072,  4094,    39,  4093
reply , 1097.580651003227    ,  4087,   245,  3963,  1917,  4094,  4091,  2035,  4091,   111,  4088
set   ,                      ,  4087,    18,  3963,  2026,  4094,  4094,  2072,  4094,    39,  4093
reply , 1098.8254399999278   ,  4087,   245,  3963,  1917,  4094,  4091,  2035,  4091,   111,  4088
set   ,                      ,  4087,    18,  3963,  2026,  4094,  4094,  2072,  4094,    39,  4093
reply , 1099.4118960006745   ,  4087,   245,  3963,  1917,  4094,  4091,  2035,  4091,   111,  4088
set   ,                      ,  4087,    18,  3963,  2026,  4094,  4094,  2072,  4094,    39,  4093
reply , 1100.4436969997187   ,  4087,   245,  3963,  1917,  4094,  4091,  2035,  4091,   111,  4088
set   ,                      ,  4087,    18,  3963,  2026,  4094,  4094,  2072,  4094,    39,  4093
reply , 1101.191377001669    ,  4087,   245,  3963,  1917,  4094,  4091,  2035,  4091,   111,  4088
set   ,                      ,  4087,    18,  3963,  2026,  4094,  4094,  2072,  4094,    39,  4093
reply , 1102.266926001903    ,  4087,   245,  3963,  1917,  4094,  4091,  2035,  4091,   111,  4088
set   ,                      ,  4087,    18,  3963,  2026,  4094,  4094,  2072,  4094,    39,  4093
reply , 1104.8698890008382   ,  4087,   245,  3963,  1917,  4094,  4091,  2035,  4091,   111,  4088
set   ,                      ,  4087,    18,  3963,  2026,  4094,  4094,  2072,  4094,    39,  4093
reply , 1105.9720140001446   ,  4087,   245,  3963,  1917,  4094,  4091,  2035,  4091,   111,  4088
set   ,                      ,  4087,    18,  3963,  2026,  4094,  4094,  2072,  4094,    39,  4093
reply , 1106.4731990009022   ,  4087,   245,  3963,  1917,  4094,  4091,  2035,  4091,   111,  4088
set   ,                      ,  4087,    18,  3963,  2026,  4094,  4094,  2072,  4094,    39,  4093
reply , 1107.788037003047    ,  4087,   245,  3963,  1917,  4094,  4091,  2035,  4091,   111,  4088
set   ,                      ,  4087,    18,  3963,  2026,  4094,  4094,  2072,  4094,    39,  4093
reply , 1110.581507000461    ,  4087,   245,  3963,  1917,  4094,  4091,  2035,  4091,   111,  4088
set   ,                      ,  4087,    18,  3963,  2026,  4094,  4094,  2072,  4094,    39,  4093
reply , 1111.2007670017192   ,  4087,   245,  3963,  1917,  4094,  4091,  2035,  4091,   111,  4088
set   ,                      ,  4087,    18,  3963,  2026,  4094,  4094,  2072,  4094,    39,  4093
reply , 1111.9354069996916   ,  4087,   245,  3963,  1917,  4094,  4091,  2035,  4091,   111,  4088
set   ,                      ,  4087,    18,  3963,  2026,  4094,  4094,  2072,  4094,    39,  4093
reply , 1113.7311890015553   ,  4087,   245,  3963,  1917,  4094,  4091,  2035,  4091,   111,  4088
set   ,                      ,  4087,    18,  3963,  2026,  4094,  4094,  2072,  4094,    39,  4093
reply , 1114.9746230003075   ,  4087,   245,  3963,  1917,  4094,  4091,  2035,  4091,   111,  4088
set   ,                      ,  4087,    18,  3963,  2026,  4094,  4094,  2072,  4094,    39,  4093
reply , 1115.5429090031248   ,  4087,   245,  3963,  1917,  4094,  4091,  2035,  4091,   111,  4088
set   ,                      ,  4087,    18,  3963,  2026,  4094,  4094,  2072,  4094,    39,  4093
reply , 1116.3683539998601   ,  4087,   245,  3963,  1917,  4094,  4091,  2035,  4091,   111,  4088
set   ,                      ,  4087,    18,  3963,  2026,  4094,  4094,  2072,  4094,    39,  4093
reply , 1117.1814460030873   ,  4087,   245,  3963,  1917,  4094,  4091,  2035,  4091,   111,  4088
set   ,                      ,  4087,    18,  3963,  2026,  4094,  4094,  2072,  4094,    39,  4093
reply , 1118.3867430008831   ,  4087,   245,  3963,  1917,  4094,  4091,  2035,  4091,   111,  4088
set   ,                      ,  4087,    18,  3963,  2026,  4094,  4094,  2072,  4094,    39,  4093
reply , 1119.207144001848    ,  4087,   245,  3963,  1917,  4094,  4091,  2035,  4091,   111,  4088
set   ,                      ,  4087,    18,  3963,  2026,  4094,  4094,  2072,  4094,    39,  4093
reply , 1120.872291001433    ,  4087,   245,  3963,  1917,  4094,  4091,  2035,  4091,   111,  4088
set   ,                      ,  4087,    18,  3963,  2026,  4094,  4094,  2072,  4094,    39,  4093
reply , 1121.4175610002712   ,  4087,   245,  3963,  1917,  4094,  4091,  2035,  4091,   111,  4088
set   ,                      ,  4087,    18,  3963,  2026,  4094,  4094,  2072,  4094,    39,  4093
reply , 1123.8038080009574   ,  4087,   245,  3963,  1917,  4094,  4091,  2035,  4091,   111,  4088
set   ,                      ,  4087,    18,  3963,  2026,  4094,  4094,  2072,  4094,    39,  4093
reply , 1124.9112710029294   ,  4087,   245,  3963,  1917,  4094,  4091,  2035,  4091,   111,  4088
set   ,                      ,  4087,    18,  3963,  2026,  4094,  4094,  2072,  4094,    39,  4093
reply , 1125.5001660028938   ,  4087,   245,  3963,  1917,  4094,  4091,  2035,  4091,   111,  4088
set   ,                      ,  4087,    18,  3963,  2026,  4094,  4094,  2072,  4094,    39,  4093
reply , 1126.618573001906    ,  4087,   245,  3963,  1917,  4094,  4091,  2035,  4091,   111,  4088
set   ,                      ,  4087,    18,  3963,  2026,  4094,  4094,  2072,  4094,    39,  4093
reply , 1127.1841039997526   ,  4087,   245,  3963,  1917,  4094,  4091,  2035,  4091,   111,  4088
set   ,                      ,  4087,    18,  3963,  2026,  4094,  4094,  2072,  4094,    39,  4093
reply , 1128.4319840015087   ,  4087,   245,  3963,  1917,  4094,  4091,  2035,  4091,   111,  4088
set   ,                      ,  4087,    18,  3963,  2026,  4094,  4094,  2072,  4094,    39,  4093
reply , 1129.212253003061    ,  4087,   245,  3963,  1917,  4094,  4091,  2035,  4091,   111,  4088
